"id","category","name","unit","price","oldPrice","form","country","shelfLife","barcode","badges","stock","featured","slug","imageUrl","sourceUrl","composition","usage","description"
"p001","Таблетки и капсулы","Таблетки при кожных высыпаниях «Кожа здоровая»","90 таблеток","2731",,"таблетки","Россия","24 месяца","4690324019732","",,"False","tabletki-pri-kozhnykh-vysypaniyakh-kozha-zdorovaya","https://firebasestorage.googleapis.com/v0/b/travnik-5cc55.firebasestorage.app/o/products%2Ftabletki-pri-kozhnykh-vysypaniyakh-kozha-zdorovaya.jpg?alt=media&token=7df68b37-a626-4d3c-8245-332c8415d1b1","https://www.flip.kz/catalog?prod=2025433","Вероники, душицы, иссопа, короставника, первоцвета, ряски, серпухи, череды, чернобыльника, чистотела, шалфея трава; лопуха корневища, вспомогательные вещества: лактоза, диоксид кремния, кальция стеарат.","по 2-4 таблетки 3 раза в день растворить в 100 мл теплой некипяченой воды, либо проглотить не разжевывая, запив водой, за 10 минут до еды  Минимальный курс приёма зависит от конкретного заболевания. Так, сезонная аллергия — полиноз требует короткого курса 1-2 месяца; при хроническом течение болезни напиток можно пить 6-8 и более месяцев, делая после каждого месяца небольшие перерывы в 7-10 дней, в течение которого пить напиток чайный «Аллергии нет»","Рекомендованы при кожных заболеваниях аллергической и иной этиологии у детей и взрослых (диатезы дерматиты, экзема, крапивница, поллиноз, геморрагические васкулиты и др.) ; обладают антигистаминным (противоаллергическим), противомикробным и антигрибковым, противовоспалительным и седативным действием"
"p002","Таблетки и капсулы","Таблетки «Щитовидная железа здоровая»","90 таблеток","2896",,"таблетки","Россия","24 месяца","4690324022060","","177","False","tabletki-shchitovidnaya-zheleza-zdorovaya","https://firebasestorage.googleapis.com/v0/b/travnik-5cc55.firebasestorage.app/o/products%2Ftabletki-shchitovidnaya-zheleza-zdorovaya.jpg?alt=media&token=04768d01-3c94-4e38-acf7-5596364c84e6","https://www.flip.kz/catalog?prod=2951453","Гречихи, дербенника, душицы, золотарника, зопника, зюзника, иван-чая, люцерны, медуницы, мокрицы, мяты, пустырника, ряски, синеголовника, таволги, татарника, тысячелистника, чабреца, череды трава; березы листья; ивы, осины, ольхи кора; ольхи почки; лапчатки белой корневища; ламинарии слоевища; вспомогательные вещества: лактоза, аэросил, кальция стеарат.","Внутрь по 1-2 таблетки 3 раза в день, запивая водой, за 10 мин до еды.

Минимальный курс приема: от полугода до 1,5-2 лет. Желательно после каждого месяца приема делать небольшие перерывы в 7-10 дней. Целесообразно чередовать с напитками аналогичного действия.","Не существует ни одного органа в человеческом теле, на функцию которого не влияет щитовидная железа. Она является своего рода «дирижером» обмена веществ . Если функция железы снижена, уровень тиреоидных гормонов падает. Соответственно замедляются обменные процессы, падает количество энергии. Возникает состояние гипотиреоза, которому присущи такие симптомы как: повышенная утомляемость, острая чувствительность к холоду, сухость кожи, избыточная масса тела, отеки тканей, сиплый голос, повышенный холестерин в крови, мышечная слабость, замедление сердцебиения, сухость, ломкость волос, нарушение памяти, забывчивость, депрессия . Препарат «Щитовидная железа здоровая» рекомендован при пониженной функции щитовидной железы (гипотиреозе) . Растительный, органически связанный, йод нормализует функцию железы, смягчает побочное действие лечебной и заместительной гормонотерапии, устраняет клинические проявления гипотиреоза. Удобная форма выпуска в виде таблеток облегчает прием препарата, не..."
"p003","Таблетки и капсулы","Таблетки «Желудок здоровый»","90 таблеток","2994",,"таблетки","Россия","24 месяца","4690324021681","","171","False","tabletki-zheludok-zdorovyi","https://firebasestorage.googleapis.com/v0/b/travnik-5cc55.firebasestorage.app/o/products%2Ftabletki-zheludok-zdorovyi.jpg?alt=media&token=3f793d93-a0b8-4a9c-ae73-74ec099ed9ca","https://www.flip.kz/catalog?prod=2951459","Подорожника, лещины листья; дербенника, душицы, зверобоя, зюзника, крапивы двудомной, люцерны, мяты, первоцвета, репешка, таволги, тысячелистника, чабреца трава; льна семена; ивы, осины кора; черники побеги; аира болотного, дягиля корневища; вспомогательные вещества: лактоза, аэросил, кальция стеарат.","по 1-2 таблетки 3 раза в день, запив водой, за 10 мин до еды . Минимальный курс приема: 2-3 месяца . Целесообразны повторные курсы (2-3 раза в год) с перерывами между ними в 1-2 недели .","Эффективное болеутоляющее, спазмолитическое, ранозаживляющее и противоопухолевое средство . Рекомендованы при острых и хронических гастритах, сопровождающихся типичными жалобами на тяжесть в эпигастральной области, голодные боли, усиленное газообразование, потерю веса; способствуют защите слизистых желудка и кишечника , нормализации кислотности, улучшению процесса пищеварения. Можно применять при онкологических заболеваниях органов пищеварения ."
"p004","Таблетки и капсулы","Таблетки «Табакокурению — стоп»","90 таблеток","2896",,"таблетки","Россия","24 месяца","4690324022046","","8","False","tabletki-tabakokureniyu-stop","https://firebasestorage.googleapis.com/v0/b/travnik-5cc55.firebasestorage.app/o/products%2Ftabletki-tabakokureniyu-stop.jpg?alt=media&token=ad0b813b-74b5-4fb9-93ba-66068bbb41a8","https://www.flip.kz/catalog?prod=2951500","Астрагала нутового, вероники, дербенника, донника белого, зюзника, люцерны, мяты, синеголовника, татарника, чабреца, шикши трава; девясила корневища; осины кора; вспомогательные вещества: лактоза, аэросил, кальция стеарат.","внутрь по 1-3 таблетки 3 раза в день, запивая водой, за 10 минут до еды . Минимальный курс приема: от 2-3 месяцев до года . Через каждый месяц желателен небольшой перерыв 7-10 дней и так до конечного результата: стойкого отвращения к курению .","При непреодолимой тяге к курению или парению . Устраняют физиологическую и психологическую зависимость к табакокурению. При регулярном применении уменьшают или полностью ликвидируют тягу к никотину . Эффективно улучшают мозговое кровообращение , что приводит к нормализации нервной системы, очищают сосуды и легкие, оказывают антисептическое и отхаркивающее действие ."
"p005","Таблетки и капсулы","Таблетки при сухом надоедливом кашле «Легкие здоровые-2»","90 таблеток","2781",,"таблетки","Россия","24 месяца","4690324021834","","108","False","tabletki-pri-sukhom-nadoedlivom-kashle-legkie-zdorovye-2","https://firebasestorage.googleapis.com/v0/b/travnik-5cc55.firebasestorage.app/o/products%2Ftabletki-pri-sukhom-nadoedlivom-kashle-legkie-zdorovye-2.jpg?alt=media&token=314b7469-00fc-4002-98ca-3b79f292c4de","https://www.flip.kz/catalog?prod=2951502","Зюзника, медуницы, мяты, иссопа, таволги, хвоща, чабреца, череды трава; цетрарии исландской слоевища; ели, сосны хвоя; сосны почки; вспомогательные вещества: лактоза, аэросил, кальция стеарат.","внутрь по 1-2 таблетки 3 раза в день, запивая водой, не зависит от приема пищи . Минимальный курс приема: принимаются по мере необходимости (при кашле) до исчезновения симптомов.","Эффективное противовоспалительное и антимикробное средство , способствующее размягчению и отхождению мокроты . Рекомендованы при острых и хронических заболеваниях органов дыхания различной природы, сопровождающихся сухим надоедливым кашлем ."
"p006","Таблетки и капсулы","Таблетки повышающие работоспособность «Тоник для мужчин»","90 таблеток","2781",,"таблетки","Россия","24 месяца","4690324022053","","2","False","tabletki-povyshayushchie-rabotosposobnost-tonik-dlya-muzhchin","https://firebasestorage.googleapis.com/v0/b/travnik-5cc55.firebasestorage.app/o/products%2Ftabletki-povyshayushchie-rabotosposobnost-tonik-dlya-muzhchin.jpg?alt=media&token=10a84c54-d437-487b-a985-296c6e2270fb","https://www.flip.kz/catalog?prod=2951508","Заманихи, женьшеня, калгана, красной щетки, левзеи, родиолы розовой, элеутерококка корневища; змееголовника, синеголовника, сурепки, татарника, ярутки трава; грушанки листья; вспомогательные вещества: лактоза, аэросил, кальция стеарат.","внутрь по 1-3 таблетки 3 раза в день за 10 минут до еды, запивая водой . Минимальный курс приема: от 1-2 месяцев и более .","Травы, входящие в состав, адаптируют мужской организм к повышенным психоэмоциональным, интеллектуальным и физическим нагрузкам . Помогают стать бодрым и деятельным, принимать быстрые и правильные решения . Надёжно укрепляют мужское здоровье ."
"p007","Таблетки и капсулы","Таблетки успокаивающие «Нервы здоровые»","90 таблеток","2994",,"таблетки","Россия","24 месяца","4690324021964","","79","False","tabletki-uspokaivayushchie-nervy-zdorovye","https://firebasestorage.googleapis.com/v0/b/travnik-5cc55.firebasestorage.app/o/products%2Ftabletki-uspokaivayushchie-nervy-zdorovye.jpg?alt=media&token=f9265eef-8809-4b7e-9039-2955ad959c3d","https://www.flip.kz/catalog?prod=2951515","Синюхи корневища; березы, мяты листья; душицы, золотарника, зюзника, икотника, клевера, мелиссы, мяты, пустырника, синеголовника, синюхи, сушеницы, таволги, татарника, чабреца трава; вспомогательные вещества: лактоза, аэросил, кальция стеарат.","внутрь по 1-2 таблетки 3-4 раза в день, запивая водой, независимо от приёма пищи . Минимальный курс приема: 1,5-2 месяца . Повторные курсы проводить по необходимости .","Успокаивают, снижают тревожность, восстанавливают чувство комфорта и удовлетворения жизнью . Рекомендованы для приема при неврозах, бессоннице, метеочувствительности, частых мигренеподобных головных болях, повышенной тревожности . Не снижает реакции ."
"p008","Таблетки и капсулы","Таблетки «Грудь здоровая»","90 таблеток","2781",,"таблетки","Россия","24 месяца","4690324021902","","69","False","tabletki-grud-zdorovaya","https://firebasestorage.googleapis.com/v0/b/travnik-5cc55.firebasestorage.app/o/products%2Ftabletki-grud-zdorovaya.jpg?alt=media&token=f3ff56d1-fc08-47c0-bd04-4e3bdeb69f33","https://www.flip.kz/catalog?prod=2951522","Дербенника, дурнишника, золотарника, зюзника, первоцвета, полыни Божье дерево, синеголовника, таволги, хвоща, чернобыльника трава; берёзы, шалфея листья; ели хвоя; ивы кора; чага; вспомогательные вещества лактоза, аэросил, кальция стеарат.","Внутрь по 1-2 таблетки 3 раза в день, запивая водой, за 10 мин до еды.

Минимальный курс приема: 2-3 месяца. При необходимости возможны повторные курсы (3-4 раза в год) с перерывами между ними в 1-2 месяца с приемом в это время напитка чайного «Омоложение» в постменопаузе или «Женщина-красавица» и «ПМС-стоп» в детородном периоде.","«Грудь здоровая» — для здоровья молочных желез.  Препарат обладает противоопухолевым, рассасывающим, спазмолитическим и обезболивающим действием. Содействует нормализации гормонального баланса, устраняет условия, при которых развиваются мастопатии, маститы, болезненность, набухание или нагрубание молочных желез. Поддерживает общее женское здоровье и гармоничную работу эндокринной системы .  Показания к применению Рекомендуется при: • мастопатии; • мастите; • cолезненности молочных желез; • набухании или нагрубании груди; • нарушениях гормонального фона .  Способ применения Принимать по 1–2 таблетки 3 раза в день, запивая водой, за 10 минут до еды. Минимальный курс — 2–3 месяца . При необходимости возможны повторные курсы 3–4 раза в год с перерывами между ними 1–2 месяца. Во время перерывов рекомендуется приём фитонапитков:  «Омоложение» — в постменопаузе;  «Женщина-красавица» и «ПМС-стоп» — в детородный период .  Противопоказания •..."
"p009","Таблетки и капсулы","Таблетки «Иммунитет сильный»","90 таблеток","2781",,"таблетки","Россия","24 месяца","4690324021797","","53","False","tabletki-immunitet-silnyi","https://firebasestorage.googleapis.com/v0/b/travnik-5cc55.firebasestorage.app/o/products%2Ftabletki-immunitet-silnyi.jpg?alt=media&token=419eddc4-96c1-4cde-b8d3-48ca86cabc0d","https://www.flip.kz/catalog?prod=2951535","Эхинацеи, бодяка,  душицы, зверобоя, золотарника, зюзника, крапивы двудомной, люцерны, таволги, галинзоги, зубчатки, солянки холмовой, тысячелистника, чабреца трава; березы листья; ели хвоя; караганы цветущие верхушки; цетрарии исландской, кладонии звезчатой слоевища; вспомогательные вещества: лактоза, аэросил, кальция стеарат.","внутрь по 1-3 таблетки 3 раза в день, запивая водой, за 10 мин до еды . Минимальный курс приема: 1-2 месяца, 2-3 раза в год (особенно в весенне-осенний период и во время эпидемии гриппа) . Меры предосторожности: не применять в разгар заболевания при высокой температуре. В это время необходимо принимать напиток чайный «Гриппу-стоп», «Аспирин-фито» .","Для профилактики простудных заболеваний, протекающих с температурой 38,3 град. и/или с продолжительными вялотекущими последствиями в виде снижения физического и умственного тонуса, осложнений в виде гайморитов, синуситов, бронхитов ."
"p010","Таблетки и капсулы","Таблетки «Матка здоровая»","90 таблеток","2896",,"таблетки","Россия","24 месяца","4690324021810","","67","False","tabletki-matka-zdorovaya","https://firebasestorage.googleapis.com/v0/b/travnik-5cc55.firebasestorage.app/o/products%2Ftabletki-matka-zdorovaya.jpg?alt=media&token=504044b5-c666-4dd8-aa1a-1029e16d890b","https://www.flip.kz/catalog?prod=2951539","Горца почечуйного, гречихи, зверобоя, золотарника, зюзника, крапивы двудомной, пастушьей сумки, пустырника, ряски малой, смолевки, сурепки, тысячелистника, хвоща, яснотки, ярутки трава; бадана, ириса корни; бадана, березы, смородины листья; ели, сосны хвоя; калины, осины кора; вспомогательные вещества лактоза, аэросил, кальция стеарат.","внутрь по 1-2 таблетки 3 раза в день, запивая водой, за 10 минут до еды . Минимальный курс приема: с середины менструального цикла и до его окончания несколько циклов подряд до улучшения состояния. Повторный курс через 1-2 менструальных цикла, в течение которых принимать чайный напиток «Женщина-красавица» 5-9 «сухих» дней, в остальное время — «ПМС» .","Эффективное маткосокращающее, сосудоукрепляющее, кровоостанавливающее, противовоспалительное средство . Рекомендуются при любых новообразованиях матки, гиперплазии эндометрия, эндометриозах, варикозном поражении сосудов тела матки, при обильных менструациях и маточных кровотечениях . Показания : для оздоровления при новообразованиях матки."
"p011","Таблетки и капсулы","Таблетки «От алкоголизма»","90 таблеток","2896",,"таблетки","Россия","24 месяца","4690324021667","","13","False","tabletki-ot-alkogolizma","https://firebasestorage.googleapis.com/v0/b/travnik-5cc55.firebasestorage.app/o/products%2Ftabletki-ot-alkogolizma.jpg?alt=media&token=01ddab33-949f-4074-a7bb-409823a901cc","https://www.flip.kz/catalog?prod=2951558","Астрагала нутового, володушки золотистой, горцев перечного, почечуйного, гречихи, зверобоя, золотарника, золототысячника, зюзника, иван-чая, люцерны, первоцвета, пустырника, репешка, синеголовника, сурепки, тысячелистника, чабреца, чертополоха, ярутки трава; березы, девясила, сенны, смородины листья; ели, сосны хвоя; ивы, осины кора; каштана конского плоды; вспомогательные вещества лактоза, аэросил, кальция стеарат.","внутрь по 1-2 таблетки 3 раза в день, запивая водой, за 10 мин до еды . Минимальный курс приема: определяется индивидуально и составляет в среднем 6-8 месяцев. При необходимости курсы можно повторять многократно, делая между ними небольшие перерывы в 2-3 недели .","При регулярном применении уменьшают тягу к алкоголю . Успокаивают нервную систему, выводят шлаки, нормализуют деятельность печени, почек и желудочно-кишечного тракта, облегчают человеку общение с окружающими ."
"p012","Таблетки и капсулы","Таблетки слабительное «Кишечник без запоров-1»","90 таблеток","2896",,"таблетки","Россия","24 месяца","4690324015116","","103","False","tabletki-slabitelnoe-kishechnik-bez-zaporov-1","https://firebasestorage.googleapis.com/v0/b/travnik-5cc55.firebasestorage.app/o/products%2Ftabletki-slabitelnoe-kishechnik-bez-zaporov-1.jpg?alt=media&token=c66c7edd-f609-43cf-a047-490506d86640","https://www.flip.kz/catalog?prod=2951573","Зверобоя трава; сенны листья; льна семена; вспомогательные вещества: лактоза, аэросил, кальция стеарат.","по 1-3 таблетки, запив водой. Принимать непосредственно перед сном . Очень важно принимать перед сном сбор «Сон-3». Минимальный курс приема: от 2-3 месяцев до полугода. При хроническом течении болезни целесообразны повторные курсы (3-4 раза в год) с перерывами между ними в 1 месяц .","Фитотаблетки на основе натуральных трав «Кишечник без запоров» применяют при острых и хронических запорах, хронических энтероколитах, долихосигмах, геморроях и трещинах ануса . Кишечник без запоров способствует стойкому восстановлению перистальтики кишечника, обладают спазмолитическим, противовоспалительным, обезболивающим действием ."
"p013","Таблетки и капсулы","Таблетки «Селен натуральный»","90 таблеток","2781",,"таблетки","Россия","24 месяца","4690324021773","","91","False","tabletki-selen-naturalnyi","https://firebasestorage.googleapis.com/v0/b/travnik-5cc55.firebasestorage.app/o/products%2Ftabletki-selen-naturalnyi.jpg?alt=media&token=369eb3ea-9f0e-4dfb-b004-418c0f42b31e","https://www.flip.kz/catalog?prod=2951577","Душицы (44,9), зверобоя (5,0), люцерны (25,0), пустырника (7,7), чабреца (7,1) трава; ели (10,0), сосны (10,0) хвоя; осины (15,0) кора; смородины (41,6) листья; дягиля корневища (5,0); вспомогательные вещества: лактоза, аэросил, кальция стеарат. В скобках указано содержание селена (мг) на 1 кг травы.","Внутрь по 2-4 таблетки 3 раза в день, запивая водой, независимо от приёма пищи.","Рекомендованы при ослабленном иммунитете, пониженной физической и умственной работоспособности  В качестве профилактического, антиоксидантного, противовоспалительного средства. Способствует оздоровлению онкологических больных   Селен — жизненно важный микроэлемент. Селен — мощный природный антиоксидант, защищающий клетки от старения и повреждений. Критически необходим для щитовидной железы, иммунитета, сердца и поддержания красоты кожи, волос и ногтей.  Полезные свойства:  антиоксидантная защита — защищает клетки от свободных радикалов, снижает риск онкологических процессов;  щитовидная железа — участвует в преобразовании гормонов Т4 в активную форму Т3, улучшает усвоение йода;  иммунитет — повышает устойчивость к вирусным и бактериальным инфекциям (грипп, герпес, ОРВИ);  сердце и сосуды — способствует снижению «плохого» холестерина, уменьшает риск тромбов и атеросклероза;  нервная система — защищает нейроны от окислительного стресса, поддерживает память и..."
"p014","Таблетки и капсулы","Таблетки «Позвоночник здоровый»","90 таблеток","2896",,"таблетки","Россия","24 месяца","4690324021650","","28","False","tabletki-pozvonochnik-zdorovyi","https://firebasestorage.googleapis.com/v0/b/travnik-5cc55.firebasestorage.app/o/products%2Ftabletki-pozvonochnik-zdorovyi.jpg?alt=media&token=576105eb-5e08-4b49-a71e-9abedae36298","https://www.flip.kz/catalog?prod=2951592","Подсолнечника, сабельника, шиповника корневища; бедренца-камнеломки, горца птичьего, дербенника, душицы, зверобоя, золотарника, зюзника, первоцвета, чабреца трава; березы листья; чага; ели хвоя, ивы кора; марены корнеища;  вспомогательные вещества: лактоза, аэросил, кальция стеарат.","внутрь по 1-3 таблетки 3 раза в день, запивая водой, за 10 мин до еды . Минимальный курс приема: 1-2 месяца. Повторные курсы не реже одного раза в год . Дополнительно использовать напиток чайный «Антиптоз» и/или «Почки здоровые», мазь «С сабельником». Максимально уменьшить потребление поваренной соли, следовать правилам рационального питания по М. Гордееву.","Способствуют восстановлению функции почек, водно-солевого обмена, растворению и выводу солей (неорганических шлаков) и очищению суставных поверхностей . Рекомендуются при общей скованности, остеохондрозах, артрозах крупных и мелких суставов, протрузиях и межпозвонковых грыжах ."
"p015","Таблетки и капсулы","Растительный детокс «Лимфа здоровая»","90 таблеток","2994",,"таблетки","Россия","24 месяца","4690324021803","","109","False","rastitelnyi-detoks-limfa-zdorovaya","https://firebasestorage.googleapis.com/v0/b/travnik-5cc55.firebasestorage.app/o/products%2Frastitelnyi-detoks-limfa-zdorovaya.jpg?alt=media&token=459ad948-2d12-4743-a70c-524649af39a9","https://www.flip.kz/catalog?prod=2951611","Астрагала нутового, дербенника, золотарника, зюзника, клубники, медуницы, мяты, первоцвета, ряски, синеголовника, таволги, татарника, фиалки, череды, шалфея лекарственного трава; березы, смородины листья; ивы, ольхи, осины кора; вспомогательные вещества: лактоза, аэросил, кальция стеарат.","внутрь по 1-2 таблетки 3 раза в день, запивая водой, за 10 мин до еды . Минимальный курс приема: от 1-2 недель до полугода. При необходимости возможны повторные курсы .","Выводят шлаки, нормализуют иммунитет, балансируют нервную систему, улучшают самочувствие при зашлакованности организма: микробных, медикаментозных, производственных, алкогольных, наркотических и никотиновых отравлениях, а также во время и после лучевой и химиотерапии ."
"p016","Таблетки и капсулы","Таблетки «Простата норма»","90 таблеток","2896",,"таблетки","Россия","24 месяца","4690324022008","","105","False","tabletki-prostata-norma","https://firebasestorage.googleapis.com/v0/b/travnik-5cc55.firebasestorage.app/o/products%2Ftabletki-prostata-norma.jpg?alt=media&token=6c664469-9d3a-4736-a1a6-bd06a224918c","https://www.flip.kz/catalog?prod=2951619","Астрагала нутового, володушки золотистой, дербенника, золотарника, зюзника, иван-чая, кипрея мелкоцветкового, лапчатки гусиной, люцерны, медуницы, мяты, репешка, синеголовника, таволги, татарника, хвоща, чабреца трава; березы, смородины листья; ивы, лещины, осины кора; петрова креста, сабельника корневища; вспомогательные вещества лактоза, аэросил, кальция стеарат.","по 1-2 таблетки 3-4 раза, запивая водой, независимо от приёма пищи . Минимальный курс приема: 2-3 месяца. Повторные курсы (2-3 раза в год), с перерывами между ними в 1-2 недели .","Травы, входящие в состав фитотаблеток «Простата норма», рекомендованы при доброкачественной гиперплазии (аденоме) и раке предстательной железы . Обладают противовоспалительным, обезболивающим, противоопухолевым действием. При регулярном употреблении нормализуется ПСА и объем предстательной железы . Эффективны при частых позывах на мочеиспускание, чувстве неудовлетворенности после мочеиспускания, неприятные ощущения в промежности ."
"p017","Таблетки и капсулы","Таблетки для памяти «Голова умная»","90 таблеток","2896",,"таблетки","Россия","24 месяца","4690324021827","","16","False","tabletki-dlya-pamyati-golova-umnaya","https://firebasestorage.googleapis.com/v0/b/travnik-5cc55.firebasestorage.app/o/products%2Ftabletki-dlya-pamyati-golova-umnaya.jpg?alt=media&token=add5dd1d-457d-4378-8efd-673ab8a97221","https://www.flip.kz/catalog?prod=2951636","Березы листья; астрагала нутового, вероники, дербенника, змееголовника, золотарника, зюзника, первоцвета, синеголовника, татарника трава; ивы кора; чага; ели хвоя; вспомогательные вещества лактоза, аэросил, кальция стеарат.","внутрь по 1-2 таблетки 3 раза в день, запивая водой, за 10 мин до еды . Минимальный курс приема: от 2-3 недель до 5-6 месяцев. При необходимости после небольшого перерыва (1-2 недели) возможны повторные курсы .","Ускоряют общий мозговой кровоток, устраняют гипоксию и улучшают состояние сосудов мозга . Улучшается общее самочувствие, память, настроение, усиливается внимание и интеллект . Эффективны при умственных нагрузках, стрессовых ситуациях, эмоциональной нестабильности, быстрой утомляемости и рассеянности."
"p018","Таблетки и капсулы","Таблетки повышающие тестостерон «Простата, подъём»","90 таблеток","2781",,"таблетки","Россия","24 месяца","4690324021742","","30","False","tabletki-povyshayushchie-testosteron-prostata-podem","https://firebasestorage.googleapis.com/v0/b/travnik-5cc55.firebasestorage.app/o/products%2Ftabletki-povyshayushchie-testosteron-prostata-podem.jpg?alt=media&token=0ecade21-99aa-4dc6-a901-5a78e670b3a8","https://www.flip.kz/catalog?prod=2951645","Красного корня, дягиля, солодки корневища; дербенника иволистного, зверобоя, золотарника, иван-чая, люцерны, первоцвета, посконника, репешка, синеголовника, сурепки, таволги, тысячелистника, чабреца, чертополоха, эхинацеи, ярутки трава; березы, лещины, смородины листья; ивы, осины кора; чага; вспомогательные вещества: лактоза, аэросил, кальция стеарат.","внутрь по 1-2 таблетки 3 раза в день, запивая водой, за 10 минут до еды . Минимальный курс приема: 2-3 месяца. Целесообразны повторные курсы (2-3 раза в год) с перерывами между ними в 1-2 недели .","При пониженной сексуальной активности (как потенции, так и эрекции, раннем семяизвержении), общей слабости, неуверенности в себе . В качестве усиливающего половую функцию и общеукрепляющего средства. Формирует характер по мужскому типу (настойчивость, целеустремленность, «как за каменной стеной») ."
"p019","Таблетки и капсулы","Витамины «Для мозга»","90 таблеток","2896",,"таблетки","Россия","24 месяца","4690324021698","","101","False","vitaminy-dlya-mozga","https://firebasestorage.googleapis.com/v0/b/travnik-5cc55.firebasestorage.app/o/products%2Fvitaminy-dlya-mozga.jpg?alt=media&token=dd89161a-ffcc-4b2a-a1bd-89451dd8ca7f","https://www.flip.kz/catalog?prod=2951653","Березы, гинкго билоба листья; астрагала нутового, горца альпийского, горца птичьего, душицы, зверобоя, змееголовника, золотарника, зюзника, иван-чая, клевера, первоцвета, синеголовника, татарника, чертополоха трава; льна семена; солодки корневища; ели, сосны хвоя, чага; ивы, лещины кора; вспомогательные вещества лактоза,  аэросил, кальция стеарат.","внутрь по 1-2 таблетки 3 раза в день, запивая водой, за 10 мин до еды . Минимальный курс приема: от 2-3 месяцев до полугода . При необходимости курсы можно повторять несколько раз в год с перерывами между ними в 1-2 месяца. Целесообразно чередовать с таблетками «Сердцу ВАЛ», «Голова умная» .","Повышают умственную и физическую работоспособность , улучшают самочувствие, память и внимание . Снижают метеозависимость ."
"p020","Таблетки и капсулы","Таблетки «Противораковые»","90 таблеток","2781",,"таблетки","Россия","24 месяца","4690324022015","","39","False","tabletki-protivorakovye","https://firebasestorage.googleapis.com/v0/b/travnik-5cc55.firebasestorage.app/o/products%2Ftabletki-protivorakovye.jpg?alt=media&token=401e3e68-687c-47ae-9033-85e75fe4ead2","https://www.flip.kz/catalog?prod=2951684","Володушки золотистой, герани, гречихи, золотарника, зюзника, иван-чая, крапивы двудомной, медуницы, мяты, пустырника, репешка, синеголовника, таволги, тысячелистника, хвоща, чабреца, шалфея лекарственного трава; березы, смородины листья; ивы, осины, ольхи кора; сосны хвоя; вспомогательные вещества лактоза, аэросил, кальция стеарат.","внутрь по 1-2 таблетки 3 раза в день, запивая водой, за 10 минут до еды . Минимальный курс приема: от полугода до 1-2 лет . После каждого месяца фитотерапии желательно делать перерыв в 5-7 дней, во время которого пить чайный напиток «Селен натуральный» . Состав: Душицы (44,9), зверобоя (5,0), люцерны (25,0), пустырника (7,7), чабреца (7,1) трава; ели (10,0), сосны (10,0) хвоя; осины (15,0) кора; смородины (41,6) листья;...","В современном мире онкологические заболевания являются одними из главных причин смерти , при этом многие виды рака за последние годы «помолодели» и встречаются у людей возраста 25-35 лет. К сожалению, невозможно полностью защитить себя и своих близких от этой болезни, но существует эффективная профилактика рака, которая позволяет свести риск заболевания к минимуму . Противораковые таблетки от доктора Гордеева активируют адаптационные и иммунные защитные противоопухолевые механизмы организма, прекращает аутоиммунную агрессию ."
"p021","Таблетки и капсулы","Таблетки противоопухолевые «Монастырский сбор 16 трав»","90 таблеток","2896",,"таблетки","Россия","24 месяца","4690324021735","","62","False","tabletki-protivoopukholevye-monastyrskii-sbor-16-trav","https://firebasestorage.googleapis.com/v0/b/travnik-5cc55.firebasestorage.app/o/products%2Ftabletki-protivoopukholevye-monastyrskii-sbor-16-trav.jpg?alt=media&token=659abdc2-c4a7-4310-9cae-489a407ee5ac","https://www.flip.kz/catalog?prod=2951706","Шалфея мутовчатого, крапивы двудомной, череды, тысячелистника, сухоцвета, чабреца, трифоли, сушеницы, пустырника трава; шиповника плоды; бессмертника, ромашки цветки; березовые почки; толокнянки листья; вспомогательные вещества: лактоза, аэросил, кальция стеарат.","внутрь по 1-2 таблетки 3 раза в день, запивая водой, за 10 минут до еды . Курс приема: 40 дней, затем перерыв 10-12 дней, курс повторить .","Рекомендуются при злокачественных и доброкачественных опухолях . Это старинный рецепт от профессионального травника, архимандрита Георгия (Саввы) , настоятеля Свято-Духова Тимашевского мужского монастыря (Краснодарский край). Главное его требование к человеку, обращающемуся за помощью, — исповедь, покаяние, исправление жизни. При систематическом употреблении доброкачественные опухоли рассасываются или уменьшаются в размерах . Состояние онкологических больных, даже с IV стадией заболевания, улучшается ."
"p022","Таблетки и капсулы","Таблетки «Гельминтам (глистам) и паразитам — стоп»","90 таблеток","2994",,"таблетки","Россия","24 месяца","4690324015086","","322","False","tabletki-gelmintam-glistam-i-parazitam-stop","https://firebasestorage.googleapis.com/v0/b/travnik-5cc55.firebasestorage.app/o/products%2Ftabletki-gelmintam-glistam-i-parazitam-stop.jpg?alt=media&token=01ab7a27-2392-4729-b204-6ff3ee93f68c","https://www.flip.kz/catalog?prod=2951719","Аира болотного корневища; березы, папоротника, сенны листья; гвоздики бутоны; дербенника, зверобоя, зюзника, мяты, первоцвета, пижмы, синеголовника, тысячелистника, чабреца трава; ели хвоя; осины кора; вспомогательные вещества: лактоза, аэросил, кальция стеарат.","растворить из расчета 1 таблетка на 40 кг веса в 100 мл теплой некипяченой воды, либо проглотить, не разжевывая, желательно запив чайным напитком «Печень здоровая» или водой . Принимать на ночь . Минимальный курс приема: 1,5-2 месяца . Обязательным условием оздоровления является наличие ежедневного мягкого стула от 1-2 раза в день. При необходимости дополнить приемом напитка чайного «Кишечник без запоров-1» на ночь .","Травяной сбор в фитотаблетках . Эффективны не только при заражении гельминтами (глистами) , но и одно- и многоклеточными простейшими (паразитами), живущими и внутри клеток — хламидиями, лямблиями, трихомонадами, лейшманиями и другими. Надежно изгоняют паразитов и гельминтов из организма , способствуют восстановлению пораженных слизистых оболочек желудочно-кишечного тракта, улучшают самочувствие пациентов ."
"p023","Таблетки и капсулы","Таблетки «Бактериям — стоп»","90 таблеток","2781",,"таблетки","Россия","24 месяца","4690324021865","","7","False","tabletki-bakteriyam-stop","https://firebasestorage.googleapis.com/v0/b/travnik-5cc55.firebasestorage.app/o/products%2Ftabletki-bakteriyam-stop.jpg?alt=media&token=f6b5c196-125d-4db1-a5e0-570e7a88df06","https://www.flip.kz/catalog?prod=2951725","Вербены, зверобоя, чабреца, сарсапариллы трава; осины кора; пижмы цветки; цетрарии исландской слоевища; аира болотного корневища; вспомогательные вещества: лактоза, аэросил, кальция стеарат.","внутрь по 1 таблетки 3 раза в день, запивая водой, за 10 минут до еды . Минимальный курс приема: от полугода до нескольких лет . Через каждый месяц фитотерапии рекомендуется делать перерыв в 7-10 дней .","Бактерии — воздители различных опасных заболеваний . Если игнорировать симптомы бактериальных инфекций на первых стадиях, болезнь может затянуться надолго, провоцирую множество осложнений. Бактерии невозможно увидеть , поэтому опасность заражения очень велика. Существует несколько способов подхватить инфекцию: воздушно-капельный, пылевой, контактно-бытовой. Препарат «Бактериям — стоп» рекомендован при всех хронических заболеваниях бактериальной и микробной этиологии, в том числе органов дыхания — хроническом обструктивном бронхите, хронической пневмонии , бронхоэктатической болезни, туберкулезе, саркоидозе легких и других. Можно применять при раке легкого и метастазах в легких . Как антибактериальное, антимикробное и улучшающее газообмен средство ."
"p024","Таблетки и капсулы","Таблетки «Грибок-минус»","90 таблеток","2896",,"таблетки","Россия","24 месяца","4690324021896","","93","False","tabletki-gribok-minus","https://firebasestorage.googleapis.com/v0/b/travnik-5cc55.firebasestorage.app/o/products%2Ftabletki-gribok-minus.jpg?alt=media&token=3818dbbb-cbb0-4253-919e-fe27e329da87","https://www.flip.kz/catalog?prod=2951729","Вероники, таволги, эхинацеи трава; осины кора; кладонии звездчатой, цетрарии исландской, уснеи бородатой слоевища; эвкалипта листья; вспомогательные вещества: лактоза, аэросил, кальция стеарат.","внутрь по 2-4 таблетки 3 раза, запивая водой, за 10 минут до еды . Минимальный курс приема: в зависимости от тяжести поражения от 2-3 до 6-8 месяцев . После каждого месяца приема...","Рекомендованы при различных микозах (в том числе кандидоз) . Мягко корректируют иммунодефицитные состояния и являются эффективным средством при различных грибковых поражениях кожи и слизистых оболочек . Грибковые заболевания кожи (дерматомикозы) — большая группа заболеваний, на сегодняшний день насчитывается более 400 видов грибка, способных вызывать микозы . Первое место по распространенности среди микозов занимает кандидоз . К наиболее распространенным грибковым заболеваниям относится стригущий лишай волосистой части головы, лишай гладкой кожи, отрубевидный лишай, руброфитии, рубромикоз, эпидермофития стоп, микроспория. Микозы заразны, значительно снижают качество жизни человека, приносят проблемы косметического характера, вот почему необходимо лечение грибка ."
"p025","Таблетки и капсулы","Таблетки «Желчный пузырь без камней и песка»","90 таблеток","2896",,"таблетки","Россия","24 месяца","4690324021674","","85","False","tabletki-zhelchnyi-puzyr-bez-kamnei-i-peska","https://firebasestorage.googleapis.com/v0/b/travnik-5cc55.firebasestorage.app/o/products%2Ftabletki-zhelchnyi-puzyr-bez-kamnei-i-peska.jpg?alt=media&token=c2ba86d6-6b1e-4377-9a1d-6daae30ead8b","https://www.flip.kz/catalog?prod=2951730","Дягиля, сабельника корневища; березы листья; будры, володушки золотистой, горца птичьего, живучки, зверобоя, зюзника, таволги трава; вспомогательные вещества: лактоза, аэросил, кальция стеарат.","внутрь по 1-2 таблетки 3 раза в день, запивая водой, за 10 мин до еды . Минимальный курс приема: 2-3 месяца . Целесообразны повторные курсы 2-3 раза в год, с перерывами между ними 1-2 недели .","Рекомендованы при желчнокаменной болезни , холестазе (застое желчи в печени, желчевыводящих протоках, желчном пузыре), болезни Жильбера (повышенный билирубин в крови) , при патологии печени и желчевыводящих путей. При горечи во рту дополнительно по ½ ч.л. сока корней дягиля . Для усиления действия напитка чайного советуем придерживаться рекомендаций по питанию Гордеева М.В."
"p026","Таблетки и капсулы","Таблетки для стимуляции микроциркуляции миокарда «Сердцу ВАЛ»","90 таблеток","2781",,"таблетки","Россия","24 месяца","4690324021636","","26","False","tabletki-dlya-stimulyatsii-mikrotsirkulyatsii-miokarda-serdtsu-val","https://firebasestorage.googleapis.com/v0/b/travnik-5cc55.firebasestorage.app/o/products%2Ftabletki-dlya-stimulyatsii-mikrotsirkulyatsii-miokarda-serdtsu-val.jpg?alt=media&token=323dac46-0eba-4cac-ac7c-1cd007876c8d","https://www.flip.kz/catalog?prod=2951736","Пустырника, мелиссы, мяты перечной трава; боярышника плоды; боярышника цветки; валерианы корневища; вспомогательные вещества: лактоза, аэросил, кальция стеарат.","внутрь по 1 таблетке 1-6 раз в день, запивая водой, за 10 минут до еды . Последнюю таблетку обязательно принять на ночь . Минимальный курс приема: зависит от состояния и продолжается от 2-3 месяцев до полугода . После месячного перерыва курс приема можно повторить . Желательно использовать в сочетании с напитком чайным «Голова умная», либо «Витамины для мозга» .","Таблетки «Сердцу ВАЛ (здоровое сердце)» применяются при кардионеврозах, ишемической болезни сердца , сердечно-сосудистой недостаточности, миокардиодистрофии; улучшают питание сердечной мышцы, расширяя коронарные сосуды ; содержащиеся в травах сердечные гликозиды стимулируют сократительную функцию миокарда, регулируют сердечный ритм ."
"p027","Таблетки и капсулы","Таблетки для зрения «Катаракты нет»","90 таблеток","2781",,"таблетки","Россия","24 месяца","4690324021629","","49","False","tabletki-dlya-zreniya-katarakty-net","https://firebasestorage.googleapis.com/v0/b/travnik-5cc55.firebasestorage.app/o/products%2Ftabletki-dlya-zreniya-katarakty-net.jpg?alt=media&token=a7b2e012-3d0f-4a11-ad26-e033ff109b6f","https://www.flip.kz/catalog?prod=2951737",".Горца птичьего, гречихи, дербенника, золотарника, очанки, первоцвета, таволги, шикши трава; березы листья; сабельника корневища; вспомогательные вещества: лактоза, аэросил, кальция стеарат.","внутрь по 1-3 таблетки 3 раза в день, запивая водой, за 10 минут до еды . Минимальный курс приема: от 1-2 месяцев и более .","Рекомендованы при помутнении хрусталика глаза (катаракте)  и ухудшении зрения в качестве оздоравливающего средства ."
"p028","Таблетки и капсулы","Таблетки «Холестерин норма»","90 таблеток","2994",,"таблетки","Россия","24 месяца","4690324021643","","49","False","tabletki-kholesterin-norma","https://firebasestorage.googleapis.com/v0/b/travnik-5cc55.firebasestorage.app/o/products%2Ftabletki-kholesterin-norma.jpg?alt=media&token=f4802d1e-2701-40d9-952b-d44e41316475","https://www.flip.kz/catalog?prod=2951746","Горца птичьего, гречихи, душицы, донника белого, зверобоя, золотарника, зюзника, клевера, люцерны, подмаренника, сурепки, чабреца, ярутки трава; березы листья; одуванчика корневища; ели, пихты хвоя; ивы кора; чага; вспомогательные вещества лактоза, аэросил, кальция стеарат.","внутрь по 1-2 таблетки 3 раза в день, запивая водой, за 10 минут до еды . Принимать до нормализации показателей холестерина. Повторные курсы продолжительностью 2 месяца проводить не реже раза в год .","Улучшают состояние печени и коры надпочечников , восстанавливают процессы, связанные с обменом липидов и липопротеинов. Активизируя ароматизацию гормонов коры надпочечников, стимулируют липидный обмен , усиливают утилизацию холестерина в том числе и превращения его в половые гормоны, что проявляется общим омоложением организма мужчин и женщин . Увеличивают скорость обменных процессов, повышают общую энергетику организма , жизненный тонус и нормализуют показатели холестеринового обмена, преимущественно за счет снижения липопротеинов низкой плотности (ЛПНП) ."
"p029","Таблетки и капсулы","Таблетки «Давление норма»","90 таблеток","2896",,"таблетки","Россия","24 месяца","4690324021919","","32","False","tabletki-davlenie-norma","https://firebasestorage.googleapis.com/v0/b/travnik-5cc55.firebasestorage.app/o/products%2Ftabletki-davlenie-norma.jpg?alt=media&token=655c0e1d-9725-4c16-921f-6e7bb354d1ef","https://www.flip.kz/catalog?prod=2951749","Володушки золотистой, гречихи, горца почечуйного, дербенника, донника белого, душицы, золотарника, зюзника, клевера, люцерны, медуницы, мяты, первоцвета, подмаренника, пустырника, таволги, хвоща, чабреца, шикши трава; боярышника цветки; березы листья; валерианы, лопуха, шлемника корневища; ивы, осины кора; чага; вспомогательные вещества лактоза, аэросил, кальция стеарат.","внутрь по 1-2 таблетки 3 раза, запивая водой, за 10 мин до еды . Минимальный курс приема: 2-3 месяца . Курсы желательно повторять 3-4 раза в год, делая между ними перерывы в 10-12 дней . Таблетки «Давление норма» можно чередовать с напитками чайными «Мочегонный» и «Витамины для мозга» .","Обладают гипотензивным и успокаивающим действием , нормализуют тонус сосудов, питание миокарда и почек , способствуют усилению сердца. Применяются для понижения артериального давления ."
"p030","Таблетки и капсулы","Таблетки «Сосуды эластичные»","90 таблеток","2781",,"таблетки","Россия","24 месяца","4690324022039","","24","False","tabletki-sosudy-elastichnye","https://firebasestorage.googleapis.com/v0/b/travnik-5cc55.firebasestorage.app/o/products%2Ftabletki-sosudy-elastichnye.jpg?alt=media&token=9109fca5-4a1f-407e-97ad-c243b8458580","https://www.flip.kz/catalog?prod=2951753","Горца перечного, горца альпийского, гречихи, золотарника, зюзника, льнянки, первоцвета, полыни Божье дерево, репешка трава; березы листья; стальника корневища; дуба, ивы, лещины кора;  вспомогательные вещества лактоза, аэросил, кальция стеарат.","внутрь по 1-4 таблетки 3 раза в день, запивая водой, независимо от приема пищи . Минимальный курс приема: От 1-2 месяцев до нескольких месяцев . При необходимости курс можно повторить (2-3 раза в год) .","Сбор трав «Сосуды эластичные» в фитотаблетках — эффективное сосудоукрепляющее средство . Таблетки снимают воспаление, останавливают кровотечение . Оказывают слабительное действие, облегчают стул при геморрое, трещинах прямой кишки. Таблетки рекомендуются при варикозе для тонуса вен . «Сосуды эластичные» помогут при шуме, свисте и другом звуковом дискомфорте в голове, происходящем вследствие поражения стенок сосудов отложениями холестерина и солей различного состава . «Сосуды эластичные» — отличная профилактика атеросклероза, варикоза, геморроя . Таблетки используются в качестве средства, растворяющего бляшки ."
"p031","Таблетки и капсулы","Таблетки при твердом стуле «Кишечник без запоров-2»","90 таблеток","2781",,"таблетки","Россия","24 месяца","4690324021193","","45","False","tabletki-pri-tverdom-stule-kishechnik-bez-zaporov-2","https://firebasestorage.googleapis.com/v0/b/travnik-5cc55.firebasestorage.app/o/products%2Ftabletki-pri-tverdom-stule-kishechnik-bez-zaporov-2.jpg?alt=media&token=6624bac2-2176-434f-a58f-0697440dbd6b","https://www.flip.kz/catalog?prod=2951755","Дербенника, зверобоя, змееголовника, зюзника, мяты, папоротника, синеголовника, татарника, цикория трава; льна семена; вспомогательные вещества: лактоза, аэросил, кальция стеарат.","внутрь по 1-3 таблетки, запив водой . Принимать непосредственно перед сном . Также необходимо устранить причину — гипоксию приёмом на ночь сбора Сон-2. Минимальный курс приёма: от 2-3 месяцев до полугода . При хроническом течении болезни целесообразны повторные курсы (3-4 раза в год) с перерывами между ними 1 месяц .","Применяют при спастическом колите (твёрдом стуле) , часто с трещинами прямой кишки на фоне ишемического состояния сосудов головы, гипоксии ."
"p032","Таблетки и капсулы","Таблетки «Сосуды молодые»","90 таблеток","2994",,"таблетки","Россия","24 месяца","4690324022022","","84","False","tabletki-sosudy-molodye","https://firebasestorage.googleapis.com/v0/b/travnik-5cc55.firebasestorage.app/o/products%2Ftabletki-sosudy-molodye.jpg?alt=media&token=aeeb0ef0-8966-4849-bd74-00ba8d091978","https://www.flip.kz/catalog?prod=2951760","Гречихи, дербенника, душицы, ежевики, зверобоя, золотарника, зюзника, иван-чая, клевера, люцерны, медуницы, первоцвета, подмаренника, репешка, синеголовника, сурепки, хвоща, чабреца трава; березы, гинкго билоба, лещины, смородины листья; ивы кора; одуванчика, сабельника, солодки корневища; сосны шишки; чага; вспомогательные вещества лактоза, аэросил, кальция стеарат.","по 1-2 таблетки 3 раза в день, запивая водой, за 10 минут до еды . Минимальный курс приема: от 1-2 месяцев .","Фитотаблетки «Сосуды молодые (при атеросклерозе сосудов)» применяется при шуме, свисте и другом звуковом дискомфорте в голове , происходящем вследствие поражения стенок сосудов отложениями (бляшками) холестерина и солей различного состава в качестве средства, восстанавливающего эластичность сосудов (растворяющего бляшки) ."
"p033","Таблетки и капсулы","Таблетки для укрепления костей «Кость живая»","90 таблеток","6912",,"таблетки","Россия","24 месяца","4690324021407","",,"False","tabletki-dlya-ukrepleniya-kostei-kost-zhivaya","https://firebasestorage.googleapis.com/v0/b/travnik-5cc55.firebasestorage.app/o/products%2Ftabletki-dlya-ukrepleniya-kostei-kost-zhivaya.jpg?alt=media&token=6b16559a-c45b-49bd-b2b3-dfb1f9a0e4da","https://www.flip.kz/catalog?prod=2951764","Астрагала нутового, вероники, гречихи, горца птичьего, володушки золотистой, гераней кроваво-красной, лесной и луговой, душицы, ежевики, золотарника канадского, золототысячника, зюзника, иван-чая, иссопа, люцерны, манжетки обыкновенной, медуницы, мелиссы, мокрицы, недоспелки, очанки, подмаренника, пустырника, репешка, ряски, синеголовника, сныти, сурепки, таволги, чабреца, череды,  шалфея мутовчатого трава; черники побеги; березы, мяты, папоротника, подорожника листья; дягиля, красной щетки, левзеи, солодки корневища; ивы, осины кора; вспомогательные вещества: аэросил, лактоза, стеарат.","внутрь взрослым при тяжёлых случаях по 5 таблеток 3 раза в день до еды и перед сном . Запить достаточным количеством воды . Приём курсами по 3 месяца с перерывом в 2 недели . Противопоказания: индивидуальная непереносимость компонентов, беременным и кормящим женщинам .","Применяются при нарушении минерального обмена веществ, деструктивных процессах - асептическом поражении головки тазобедренных суставов, остеопорозе, дефиците кальция и кремния , артрозах, псориазе, судорогах, сердечной недостаточности в следствии нехватки калия, магния, кальция. Восстанавливается биохимический гомеостаз , а также происходит стабильное восстановление и укрепление костной ткани; подавляется патогенетический механизм развития деструкции костной ткани; оздоравливается и омолаживается весь организм ."
"p034","Таблетки и капсулы","Таблетки кроворазжижающие «Кровь без тромбов»","0.3 мл","2896",,"таблетки","Россия","24 месяца","4690324021728","","28","False","tabletki-krovorazzhizhayushchie-krov-bez-trombov","https://firebasestorage.googleapis.com/v0/b/travnik-5cc55.firebasestorage.app/o/products%2Ftabletki-krovorazzhizhayushchie-krov-bez-trombov.jpg?alt=media&token=f4819983-c751-4c53-9514-bfb16213f5c7","https://www.flip.kz/catalog?prod=2951768","Березы листья; донника белого,  иссопа, первоцвета,  таволги трава; ели хвоя; ивы, осины кора; каштана конского плоды; вспомогательные вещества: лактоза, аэросил, кальция стеарат.","внутрь по 1 таблетке 3 раза в день, запивая водой, независимо от приёма пищи . Особенности применения: контроль свертываемости крови. Минимальный курс приема: 1-2 месяца . Повторять курс 3-4 раза в год, делая между ними перерывы в 10-12 дней . Чередовать прием с напитком чайным «Витамины для мозга» .","Травяной сбор «Кровь без тромбов» рекомендован при повышенной свертываемости крови . Травяной сбор применяется в качестве эффективного антиагрегатного (кроворазжижающего) средства . Травяной сбор совершенно безопасен для слизистой оболочки желудка и кишечника . Действующие вещества травяного сбора — это кумарины и природные салицилаты. Кумарины обладают противовирусным, антиоксидантным, успокаивающим, противогрибковым свойствами, расширяют кровеносные сосуды ."
"p035","Таблетки и капсулы","Таблетки «Женщина-красавица»","90 таблеток","2781",,"таблетки","Россия","24 месяца","4690324021926","","119","False","tabletki-zhenshchina-krasavitsa","https://firebasestorage.googleapis.com/v0/b/travnik-5cc55.firebasestorage.app/o/products%2Ftabletki-zhenshchina-krasavitsa.jpg?alt=media&token=1b235d8f-331f-490d-a084-db0c3d1fd02b","https://www.flip.kz/catalog?prod=2951774","Красной щетки, девясила корневища; боровой матки листья; душицы, клевера трава; вспомогательные вещества: лактоза, аэросил, кальция стеарат.","внутрь по 2-4 таблетки 3 раза в день растворить в 100 мл теплой некипяченой воды, либо проглотить не разжевывая, запив водой, за 10 минут до еды . Пить по 5 — 12 «сухих» дней, т.е. через 1 — 2 дня после окончания менструаций, каждый цикл до достижения овуляции продолжительностью в 5 — 9 дней .","Восстанавливают систему гормональной регуляции менструального цикла женщины , в том числе способствуя реализации активности ФСГ, за счет подавления синтеза а/т к рецепторам ФСГ. Восстанавливается репродуктивное здоровье женщины , возрастает способность к зачатию; продлевается молодость , повышается упругость кожи, ярко проявляется женская грация и шарм ."
"p036","Таблетки и капсулы","Таблетки от сухого кашля «Легкие здоровые-1»","90 таблеток","2781",,"таблетки","Россия","24 месяца","4690324022848","","66","False","tabletki-ot-sukhogo-kashlya-legkie-zdorovye-1","https://firebasestorage.googleapis.com/v0/b/travnik-5cc55.firebasestorage.app/o/products%2Ftabletki-ot-sukhogo-kashlya-legkie-zdorovye-1.jpg?alt=media&token=282c0c5e-6d7a-44ba-b8a7-3f55341bfef0","https://www.flip.kz/catalog?prod=2951776","Буквицы, бедренца, герани, иссопа, мальвы, мать-и-мачехи, медуницы, первоцвета, таволги, фиалки, чабреца, череды, эхинацеи трава; алтея, девясила, лопуха, солодки корневища; цетрарии исландской, кладонии звездчатой слоевища; подорожника листья; сосны хвоя; вспомогательные вещества: аэросил, лактоза, кальция стеарат.","внутрь по 1-2 таблетки 3 раза в день, запивая водой, независимо от приема пищи . Принимать по необходимости (сухом кашле) до исчезновения симптомов.","Для облегчения дыхания , смягчения кашля, перевода его в продуктивную форму с легким отхождением мокроты . Устраняют явления застоя в лёгких, усиливают работу сердца , обладают антимикробным, противовирусным, противоаллергическим, кровоочищающим действием . Способствуют усилению иммунитета и быстрому выздоровлению ."
"p037","Таблетки и капсулы","Таблетки при сахарном диабете «Глюкоза норма»","90 таблеток","2994",,"таблетки","Россия","24 месяца","4690324021889","","47","False","tabletki-pri-sakharnom-diabete-glyukoza-norma","https://firebasestorage.googleapis.com/v0/b/travnik-5cc55.firebasestorage.app/o/products%2Ftabletki-pri-sakharnom-diabete-glyukoza-norma.jpg?alt=media&token=97018f18-f377-43b8-ad51-280948fac6ec","https://www.flip.kz/catalog?prod=2951778","Астрагала нутового, галеги, манжетки обыкновенной, золотарника, зюзника, люцерны, пустырника, стевии, топинамбура, цикория, чабреца, ясменника трава; березы, лещины, смородины листья; осины кора; сосны хвоя;  солодки корни; фасоли створки; черники побеги; топинамбура клубни; одуванчика корневища; вспомогательные вещества: лактоза, аэросил, кальция стеарат.","внутрь по 2-3 таблетки 3-4 раза в день, запивая водой, за 10 минут до еды . Принимать до достижения стабильных показателей глюкозы в крови.","Фитотаблетки «Глюкоза норма» рекомендуются для профилактики осложнений при диабетах I, II типа . Этот травяной сбор обладает сахароснижающим действием: за счет стимуляции поджелудочной железы увеличивают выработку инсулина . Благотворно влияют на нервную систему, повышают жизненный тонус . Предохраняют от поражений сердечно-сосудистой системы, сетчатки глаз, почек и печени и других органов . Удобная форма растительного препарата в таблетках, позволяет комфортно принимать комплекс от диабета . Натуральный состав фитотаблеток обеспечивает мягкое фармакологическое действие ."
"p038","Таблетки и капсулы","Таблетки «Для стройности»","90 таблеток","2896",,"таблетки","Россия","24 месяца","4690324022190","","118","False","tabletki-dlya-stroinosti","https://firebasestorage.googleapis.com/v0/b/travnik-5cc55.firebasestorage.app/o/products%2Ftabletki-dlya-stroinosti.jpg?alt=media&token=5fdee0b8-05c2-4015-a0e8-6c7363121df0","https://www.flip.kz/catalog?prod=2951782","Володушки золотистой, галеги, горца почечуйного, гречихи, зверобоя, золотарника, зюзника, люцерны, первоцвета, пустырника, сурепки, синеголовника, таволги, татарника, хвоща, чабреца, шалфея мутовчатого трава; березы, сенны листья; льна семена; осины кора; ели, сосны хвоя; чага; кукурузные столбики с рыльцами; вспомогательные вещества лактоза, аэросил, кальция стеарат.","внутрь по 1-2 таблетки 3 раза в день, запивая водой, независимо от приёма пищи . Минимальный курс приема: от 6 месяцев до года . Целесообразны повторные курсы с перерывами между ними в 1-2 месяца .","Способствуют уменьшению аппетита , нормализации углеводно-жирового обмена, гормонального фона как у мужчин, так и у женщин . Оказывают мягкое мочегонное и слабительное действие ."
"p039","Таблетки и капсулы","Таблетки «Поджелудочная здоровая»","90 таблеток","2994",,"таблетки","Россия","24 месяца","4690324021988","","200","False","tabletki-podzheludochnaya-zdorovaya","https://firebasestorage.googleapis.com/v0/b/travnik-5cc55.firebasestorage.app/o/products%2Ftabletki-podzheludochnaya-zdorovaya.jpg?alt=media&token=f30fafc9-0700-471f-b536-ce79c42e9531","https://www.flip.kz/catalog?prod=2951783","Черники побеги; душицы, дербенника, зверобоя, золотарника, зюзника, люцерны, мяты, манжетки обыкновенной, пустырника, таволги, топинамбура, тысячелистника, цикория, чабреца трава; березы, лещины листья;  льна семена; ольхи почки; ивы, осины кора; ели хвоя; фасоли створки; вспомогательные вещества лактоза, аэросил, кальция стеарат.","по 2-4 таблетки 3 раза в день, запивая водой, независимо от приёма пищи . Минимальный курс приема: от 2-3 месяцев и более . Желательно после каждого месяца приема делать перерыв 7-10 дней .","Сбор трав в виде фитотаблеток «Поджелудочная здоровая», которые обладают противовоспалительным, ферментностимулирующим, иммуномодулирующим и болеутоляющим действием . Эффективны для профилактики сахарного диабета и обострений при хроническом панкреатите и холецистопанкреатите ."
"p040","Таблетки и капсулы","Таблетки «Мочегонные»","90 таблеток","2781",,"таблетки","Россия","24 месяца","4690324021957","","73","False","tabletki-mochegonnye","https://firebasestorage.googleapis.com/v0/b/travnik-5cc55.firebasestorage.app/o/products%2Ftabletki-mochegonnye.jpg?alt=media&token=aadcb306-e4f3-4892-9691-a2e5c96c2257","https://www.flip.kz/catalog?prod=2951788","Дербенника, душицы, золотарника, зюзника, иван-чая, мяты, овса, одуванчика, подмаренника, сурепки, хвоща, череды трава; березы, смородины листья; осины кора; сарсапариллы корневища; вспомогательные вещества лактоза, аэросил, кальция стеарат.","внутрь по 1-2 таблетки утром и днём, запивая водой, за 10 минут до еды . Минимальный курс приема: эффективны при однократном и курсовом приеме продолжительностью 1-2 месяца . Повторные курсы (3-4 раза в год) с перерывами между ними в 1 месяц .","Мочегонные фитотаблетки способствуют выведению жидкости из организма . Эффективны при острых и хронических заболеваниях почек и мочевого пузыря, отеках почечного, сердечного происхождения и вследствие нарушения метаболизма . Обладают выраженным противовоспалительным и обезболивающим действием . Удобная форма выпуска в виде фитотаблеток облегчает прием препарата, не нужно заваривать и настаивать траву, делать отвар . Можно без проблем взять с собой ."
"p041","Таблетки и капсулы","Таблетки «Почки без камней и песка»","90 таблеток","2994",,"таблетки","Россия","24 месяца","4690324021759","","70","False","tabletki-pochki-bez-kamnei-i-peska","https://firebasestorage.googleapis.com/v0/b/travnik-5cc55.firebasestorage.app/o/products%2Ftabletki-pochki-bez-kamnei-i-peska.jpg?alt=media&token=0de3fcf6-08d6-4def-9e77-e7e5b43ca56c","https://www.flip.kz/catalog?prod=2951793","Горца птичьего, душицы, зюзника, золотарника канадского, овса, подмаренника, репешка, тысячелистника, таволги, чабреца трава; березы, иван-чая, лещины, смородины листья; осины кора; подсолнечника, сабельника, шиповника корневища; вспомогательные вещества лактоза, аэросил, кальция стеарат.","внутрь по 1-2 таблетки 3 раза в день, запивая водой, после приема пищи . Минимальный курс приема: от 2-3 месяцев до года и более . Желательно после каждого месяца оздоровления делать перерыв в 7-10 дней .","Эффективное солерастворяющее и солевыводящее средство с мочегонной, противовоспалительной, улучшающей работу почек активностью . Рекомендованы при склонности к камнеобразованию и наличии камней и песка в почках, а также при остеохондрозе, артритах и других состояниях, сопровождающихся нарушением обмена веществ с образованием нерастворимых солей . Эффективны при уратах, фосфатах, оксалатах ."
"p042","Таблетки и капсулы","Таблетки «Голова без слёз»","90 таблеток","2534",,"таблетки","Россия","24 месяца","4690324022541","","35","False","tabletki-golova-bez-slez","https://firebasestorage.googleapis.com/v0/b/travnik-5cc55.firebasestorage.app/o/products%2Ftabletki-golova-bez-slez.jpg?alt=media&token=027cdd2a-39f8-4011-88c1-fa442a478890","https://www.flip.kz/catalog?prod=2951795","Шикши, змееголовника, адониса, гречихи, дербенника, золотарника, зюзника, клевера, полыни Божье дерево,  синеголовника, таволги, татарника, хвоща трава; берёзы листья; смородины почки; вспомогательные вещества: лактоза, аэросил, кальция стеарат.","внутрь по 1-2 таблетки 3 раза в день, запивая водой, за 10 минут до еды . Рекомендуется для регулярного приема по самочувствию. Чередовать с напитками чайными «Сон-2» и «Голова умная» .","Эффективен для тех, кто плохо переносит жару, духоту , испытывает ощущения «варености», разбитости, вялости, слабости, при горести и обреченности; при непродуктивном сне, не приносящем бодрости и свежести, мутной голове, при повышенной потливости . Укрепляет нервную систему, добавляет физических сил и повышает умственную работоспособность , улучшает настроение, дарует жизнерадостность ."
"p043","Таблетки и капсулы","Таблетки «Почки здоровые»","90 таблеток","2896",,"таблетки","Россия","24 месяца","4690324021995","","92","False","tabletki-pochki-zdorovye","https://firebasestorage.googleapis.com/v0/b/travnik-5cc55.firebasestorage.app/o/products%2Ftabletki-pochki-zdorovye.jpg?alt=media&token=1622739a-0a25-4021-8fe4-3023402b331d","https://www.flip.kz/catalog?prod=2951796","Березы, смородины листья; зимолюбки, золотарника канадского, таволги, тысячелистника, эрвы, ортосифона, кирказона, леспедицы копеечниковой трава; цетрарии исландской слоевища, сфагнум; вспомогательные вещества: лактоза, аэросил, кальция стеарат.","по 1-3 таблетки 3 раза, запивая водой, за 10 минут до еды . Минимальный курс приема: от 2-3 месяцев до полугода . При повторных курсах делать перерыв в 1 месяц .","Фитотаблетки «Почки здоровые» рекомендованы при хронических заболеваниях почек и мочевого пузыря, при почечной патологии, а также отеках почечного и сердечного происхождения . Обладают выраженным противовоспалительным, уросептическим, мочегонным и обезболивающим действием . Травяной сбор для мочегонного действия стимулирует выведение жидкости из организма и способствует удалению камней и песка из почек , предотвращает их образование и улучшает общую функцию почек. Трава Божьего дерева известна своими противовоспалительными свойствами, уменьшает воспаление в почках и мочевых путях . Береза, брусника и смородина увеличивают образование мочи, способствуют выводу излишней жидкости из организма. Кора осины, ветреница, тысячелистник и эрва имеет мочегонные свойства и улучшает работу почек ."
"p044","Таблетки и капсулы","Таблетки «Сон-2» жить без страха","90 таблеток","2781",,"таблетки","Россия","24 месяца","4690324022565","","28","False","tabletki-son-2-zhit-bez-strakha","https://firebasestorage.googleapis.com/v0/b/travnik-5cc55.firebasestorage.app/o/products%2Ftabletki-son-2-zhit-bez-strakha.jpg?alt=media&token=01a7bacf-cd22-4c5e-bc42-38e22555fa3e","https://www.flip.kz/catalog?prod=2951801","Дербенника, зюзника, золотарника, медуницы, мяты, первоцвета, пустырника, синеголовника, таволги, хвоща, чабреца трава; ели, сосны хвоя; березы листья; ивы кора; вспомогательные вещества: лактоза, аэросил, кальция стеарат.","внутрь по 1-2 таблетки 3 раза в день, запивая водой, за 10 минут до еды и 1 таблетку перед сном .","С проблемой нарушений биоритмов, приводящих к усталости, потере работоспособности, раздражительности, сталкиваются и здоровые люди . В таких ситуациях нужды в серьезных медикаментах нет. Им помогут безвредные эффективные снотворные препараты для быстрого засыпания и крепкого сна . Натуральные снотворные препараты — это лучшее средство от бессонницы, эффективное и безопасное лекарство для улучшения сна взрослым, продающееся без рецептов, не вызывающее привыкания . Основа их состава — растительные компоненты, мягко воздействующие на организм . Фитотаблетки предназначены для тревожных, малорадостных людей с бледным цветом лица ; для тех, кто не может уснуть ночью, хотя и хочется; вынужден спать на низкой подушке или без неё; когда утром голова неясная, пустовато-мутная, а тело сковано; днём частые головные боли давящего характера ."
"p045","Таблетки и капсулы","Таблетки «Печень здоровая»","90 таблеток","2994",,"таблетки","Россия","24 месяца","4690324021971","","102","False","tabletki-pechen-zdorovaya","https://firebasestorage.googleapis.com/v0/b/travnik-5cc55.firebasestorage.app/o/products%2Ftabletki-pechen-zdorovaya.jpg?alt=media&token=53cca3ba-d70c-4404-8be0-7a1866156d89","https://www.flip.kz/catalog?prod=2951802","Расторопши плоды; дягиля корневища; душицы, зверобоя, крапивы двудомной, мяты, пижмы, репешка, синеголовника, таволги, татарника, тысячелистника, цикория, чабреца трава; березы, лещины листья; ивы, осины кора; вспомогательные вещества: лактоза, аэросил, кальция стеарат.","по 2 таблетки перед обедом и по 1 таблетке на ночь, запивая водой . Минимальный курс приема: 3-4 недели . При хроническом течении болезни целесообразны повторные курсы .","Фитотаблетки «Печень здоровая» применяют при заболеваниях печени и желчного пузыря . Хорошее защитное и реабилитационное средство для печени при интенсивном и медикаментозном лечении и любых интоксикациях . Увеличивается желчевыделение, осуществляется спазмолитическое, антиаллергическое и противовоспалительное действие, стимулируется желудок и поджелудочная железа, повышается диурез, ускоряется выведение из организма различных токсинов и желчных пигментов ."
"p046","Таблетки и капсулы","Таблетки для тех кто не хочет спать, а время наступило «Сон-4»","90 таблеток","2781",,"таблетки","Россия","24 месяца","4690324022572","","24","False","tabletki-dlya-tekh-kto-ne-khochet-spat-a-vremya-nastupilo-son-4","https://firebasestorage.googleapis.com/v0/b/travnik-5cc55.firebasestorage.app/o/products%2Ftabletki-dlya-tekh-kto-ne-khochet-spat-a-vremya-nastupilo-son-4.jpg?alt=media&token=3dab94a8-79d2-49a2-92b0-341cb2152a57","https://www.flip.kz/catalog?prod=2951804","Астрагала нутового, вероники, галеги, золотарника, зюзника, иссопа, люцерны, медуницы, первоцвета, синеголовника, таволги, чабреца трава; березы листья; ели хвоя; ивы кора; вспомогательные вещества: лактоза, аэросил, кальция стеарат.","принимать по необходимости . Важно выполнение рекомендаций по организации сна.","Рекомендованы для быстрого засыпания в правильном положении тела (на спине)  для тех, кому засыпать удобно на животе, либо в ситуациях, когда нет желания спать, а пора ⏰. Особенно рекомендуется людям с умственной нагрузкой во второй половине дня , при проявлении в голове тяжести, замедлении умственной деятельности."
"p047","Таблетки и капсулы","Таблетки «От тошноты»","90 таблеток","2781",,"таблетки","Россия","24 месяца","4690324022855","","11","False","tabletki-ot-toshnoty","https://firebasestorage.googleapis.com/v0/b/travnik-5cc55.firebasestorage.app/o/products%2Ftabletki-ot-toshnoty.jpg?alt=media&token=8c4a1138-bed1-45aa-9a76-92ddab809d96","https://www.flip.kz/catalog?prod=2951808","Астрагала нутового, будры, змееголовника, зюзника, мелиссы лимонной и лекарственной, мяты длиннолистной и перечной, первоцвета, череды, шикши, яснотки трава; валерианы корневища; вахты листья; расторопши плоды; ромашки цветки; вспомогательные вещества: аэросил, лактоза, кальция стеарат.","внутрь по 1-2 таблетки 3 раза в день, запивая водой, за 10 минут до еды","Способствуют улучшению работы всех органов пищеварения , устраняют спазмы, улучшают самочувствие"
"p048","Таблетки и капсулы","Таблетки «Аппетитные»","90 таблеток","2781",,"таблетки","Россия","24 месяца","4690324022862","","9","False","tabletki-appetitnye","https://firebasestorage.googleapis.com/v0/b/travnik-5cc55.firebasestorage.app/o/products%2Ftabletki-appetitnye.jpg?alt=media&token=d3bec080-5596-4f57-98ce-e708529378fe","https://www.flip.kz/catalog?prod=2951817","Будры, зверобоя, змееголовника, золототысячника, первоцвета, пижмы, тысячелистника трава; кладонии звездчатой слоевища; аира болотного, лопуха корневища; березы, вахты листья; осины кора; ели, пихты хвоя; вспомогательные вещества: аэросил, лактоза, кальция стеарат.","внутрь по 1-2 таблетки 3 раза в день, запивая водой, за 10 минут до еды .","Повышают аппетит за счет улучшения работы органов пищеварения , улучшения отхождения пищеварительных соков и полного переваривания пищи. Меняют пищевое поведение, устраняют чрезмерную разборчивость в выборе продуктов питания , улучшают восприятие пищи ."
"p049","Таблетки и капсулы","Таблетки «ПМС-стоп»","90 таблеток","2781",,"таблетки","Россия","24 месяца","4690324022558","","13","False","tabletki-pms-stop","https://firebasestorage.googleapis.com/v0/b/travnik-5cc55.firebasestorage.app/o/products%2Ftabletki-pms-stop.jpg?alt=media&token=cfda323b-6e29-4e49-86a3-2a6e6112a474","https://www.flip.kz/catalog?prod=2951826","Дербенника, василька, живокости, змееголовника, золотарника, зюзника, крапивы, льнянки, пастушьей сумки, первоцвета, полыни Божье дерево, пустырника, сурепки, синеголовника, таволги, тысячелистника, чертополоха, шалфея, ярутки, яснотки трава; березы, гинкго билоба листья; ивы кора; кладонии слоевища, кровохлебки корневища; смородины почки; вспомогательные вещества: лактоза, аэросил, кальция стеарат.","внутрь по 1-3 таблетки 3 раза в день, запивая водой, за 10 минут до еды и 1 таблетку перед сном . Принимать с середины цикла и до конца менструации . Обычно курс от 5 до 9 циклов. Во время менструации принимать напитки чайные «Гемастоп» или «Матка здоровая» .","Предменструальным синдромом называется симптомокомплекс, который характеризуется нервно-психическими, обменно-эндокринными и вегето-сосудистыми расстройствами , возникающими во второй фазе менструального цикла (примерно за 3-10 дней) и прекращающимися либо в начале месячных, либо сразу после их завершения. Основные показания для приема фитотаблеток: предменструальный синдром с характерным симптомокомплексом: раздражительностью, плаксивостью, агрессией, головной болью, болезненном набухании молочных желез и т.д."
"p050","Таблетки и капсулы","Таблетки «Вяжущие» при диарее","90 таблеток","2781",,"таблетки","Россия","24 месяца","4690324021872","","7","False","tabletki-vyazhushchie-pri-diaree","https://firebasestorage.googleapis.com/v0/b/travnik-5cc55.firebasestorage.app/o/products%2Ftabletki-vyazhushchie-pri-diaree.jpg?alt=media&token=fad6e402-463b-4533-96a1-9b4f004f82b4","https://www.flip.kz/catalog?prod=2976483","Бадана, горца змеиного, калгана, кровохлебки корневища; бадана, дуба листья; гравилата, зюзника, иван-чая, крапивы двудомной, репешка, таволги, тысячелистника, хвоща, череды трава; дуба, ивы, лещины, осины, ольхи кора; сосны хвоя; вспомогательные вещества лактоза, аэросил, кальция стеарат.","по 1-2 таблетки 3-4 раза в день, запивая водой , за 10 минут до еды. Минимальный курс приема: при остром поносе принимать от 1-2 дней и более; при хронических заболеваниях — до 2 месяцев. При необходимости курсы оздоровления можно повторять 3-4 раза в год, делая между ними перерыв в 1-2 месяца ⏳.","Таблетки «Вяжущие» при диарее  Обладают вяжущим, противовоспалительным, обезболивающим и ранозаживляющим действием. Эффективны при поносах."
"p051","Фильтр-пакеты","Напиток чайный «Кишечник без запоров-1» при редком нетвердом стуле","20 шт.","905",,"пакетированный","Россия","24 месяца","4690324010739","","68","False","napitok-chainyi-kishechnik-bez-zaporov-1-pri-redkom-netverdom-stule","https://firebasestorage.googleapis.com/v0/b/travnik-5cc55.firebasestorage.app/o/products%2Fnapitok-chainyi-kishechnik-bez-zaporov-1-pri-redkom-netverdom-stule.jpg?alt=media&token=5c0f2bd2-1637-46d5-a0ce-db48d30b9299","https://www.flip.kz/catalog?prod=2996859","Сенны листья; льна семена; дербенника, зверобоя, мяты, тысячелистника трава; гречихи цветущие верхушки; конского щавеля корневища; ели хвоя.","1-2 фильтр-пакета залить 0,2 л кипятка, настоять 1 час при комнатной температуре, отжать. Принимать одной порцией перед сном . Минимальный курс приема: от 2-3 месяцев до полугода . При хроническом течение болезни целесообразны повторные курсы (3-4 раза в год) с перерывами между ними в 1 месяц .","Чайный напиток применяют при острых, хронических атонических (нетвердом стуле) запорах, хронических энтероколитах, долихосигмах, геморроях и трещинах ануса . Способствует стойкому восстановлению перистальтики кишечника, обладает спазмолитическим, кровоостанавливающим, противовоспалительным, обезболивающим действием, способствует лечению геморроя и трещин прямой кишки ."
"p052","Фильтр-пакеты","Напиток чайный детский «Лёгкие здоровые-1» при сухом надоедливом кашле","20 шт.","987",,"пакетированный","Россия","24 месяца","4690324010852","","24","False","napitok-chainyi-detskii-legkie-zdorovye-1-pri-sukhom-nadoedlivom-kashle","https://firebasestorage.googleapis.com/v0/b/travnik-5cc55.firebasestorage.app/o/products%2Fnapitok-chainyi-detskii-legkie-zdorovye-1-pri-sukhom-nadoedlivom-kashle.jpg?alt=media&token=d2b04cd2-027a-4da4-9a42-bdc8e5262f78","https://www.flip.kz/catalog?prod=2996866","Герани луговой, иссопа, медуницы, мать-и-мачехи, дербенника, душицы, зюзника, иван-чая, мальвы, мяты, первоцвета, ряски, синеголовника, таволги, чабреца, чертополоха, чины трава; льна семена; можжевельника, шиповника плоды; эвкалипта листья, девясила корень.","1-2 фильтр-пакета залить 0,2 л кипятка, настоять 1 час при комнатной температуре, отжать. Принимать одной порцией перед сном . Минимальный курс приема: от 2-3 месяцев до полугода . При хроническом течение болезни целесообразны повторные курсы (3-4 раза в год) с перерывами между ними в 1 месяц .","Чайный напиток применяется при острых заболеваниях верхних дыхательных путей у детей, сопровождающихся сухим мучительным кашлем . Переводит кашель в продуктивную фазу, размягчает мокроту и усиливает отхаркивающий рефлекс с интенсивным выводом мокроты из нижних и верхних дыхательных путей ."
"p053","Фильтр-пакеты","Напиток чайный «Желудок здоровый» для желудка и кишечника","20 шт.","987",,"пакетированный","Россия","24 месяца","4690324012276","","62","False","napitok-chainyi-zheludok-zdorovyi-dlya-zheludka-i-kishechnika","https://firebasestorage.googleapis.com/v0/b/travnik-5cc55.firebasestorage.app/o/products%2Fnapitok-chainyi-zheludok-zdorovyi-dlya-zheludka-i-kishechnika.jpg?alt=media&token=5e8a60e9-11fb-49e5-a39e-945a3768092f","https://www.flip.kz/catalog?prod=2996872","Ромашки цветки; чага; черники побеги; дербенника, душицы, зопника, зюзника, иссопа, крапивы двудомной, мяты, мальвы, первоцвета, синеголовника, тысячелистника, татарника, цикория, чабреца трава; гречихи цветущие верхушки; льна семена; можжевельника обыкновенного, укропа плоды.","1-2 фильтр-пакета залить 0,2 л кипятка, настоять 1 час, отжать. Принимать по 1/3 от полученного объема 3 раза в день за 10-15 минут до еды . Минимальный курс приема: от 2-3 месяцев до полугода . Повторные курсы (3-4 раза в год) с перерывами между ними в 1 месяц .","Чайный напиток при острых и хронических гастритах, сопровождающихся типичными жалобами: больных беспокоит тяжесть в эпигастральной области, голодные боли, усиленное газообразование, иногда потеря веса . Восстанавливаются слизистые желудка и кишечника, нормализуется кислотность, улучшается процесс пищеварения; является болеутоляющим, спазмолитическим, ранозаживляющим и противоопухолевым средством . Можно применять при онкологических заболеваниях органов пищеварения ."
"p054","Травы","Малины листья","50 г","626",,"листовой","Россия","24 месяца","4610002416967","","111","False","maliny-listya","https://firebasestorage.googleapis.com/v0/b/travnik-5cc55.firebasestorage.app/o/products%2Fmaliny-listya.jpg?alt=media&token=606b6ee1-f846-48f6-81fa-b06366f61833","https://www.flip.kz/catalog?prod=2996874",,"1-2 столовые ложки сырья залить 0,2-0,3 литра кипятка, настоять 1 час при комнатной температуре. Принимать по 1/3 от полученного объема 3 раза в день, каждую порцию процеживая через ситечко . Противопоказания: индивидуальная непереносимость .","Применяется при простудных заболеваниях, бронхитах, пневмонии; в качестве потогонного, противовоспалительного, антитоксического средства"
"p055","Фильтр-пакеты","Напиток чайный «Для стройности»","20 шт.","987",,"пакетированный","Россия","24 месяца","4690324012290","","16","False","napitok-chainyi-dlya-stroinosti","https://firebasestorage.googleapis.com/v0/b/travnik-5cc55.firebasestorage.app/o/products%2Fnapitok-chainyi-dlya-stroinosti.jpg?alt=media&token=6a4c6e18-653e-4dd4-8c35-9dae1cb8ac19","https://www.flip.kz/catalog?prod=2996876","Крушины, калины кора; кукурузные столбики с рыльцами; березы, сенны листья, галеги, горца птичьего,гречихи, дурнишника, дрока красильного, ежевики, золотарнка, люцерны, синеголовника, синяка, сурепки, чертополоха, хвоща, шалфея трава; ели хвоя; конского щавеля, льна семена.","1-2 фильтр-пакета залить 0,2 л кипятка, настоять 1 час при комнатной температуре, отжать. Принимать одной порцией перед сном . Минимальный курс приема: от 2-3 месяцев до полугода . При хроническом течение болезни целесообразны повторные курсы (3-4 раза в год) с перерывами между ними в 1 месяц .","Чайный напиток применяется при избыточном весе, повышенном аппетите, при избыточном весе эндокринного генеза . Растения, входящие в состав чайного напитка, уменьшают аппетит , ускоряют жировой обмен, оказывают мочегонное и слабительное действие, способствуют нормализации гормонального фона, как у мужчин, так и у женщин ."
"p056","Травы","Осины кора","100 г","741",,,"Россия","24 месяца","4610002417544","","325","False","osiny-kora","https://firebasestorage.googleapis.com/v0/b/travnik-5cc55.firebasestorage.app/o/products%2Fosiny-kora.jpg?alt=media&token=71ae0ed6-8c02-47bb-adbd-0a445dcd20f1","https://www.flip.kz/catalog?prod=2996879",,"1-2 столовые ложки измельченной коры залить 0,2-0,3 л воды, довести до кипения, потомить 3-4 мин, настоять до остывания, процедить. Принимать по 1/3 от полученного объема 3 раза в день до еды 🕒","Применяется при панкреатите, сахарном диабете, миомах матки, аденоме предстательной железы, раке предстательной железы; как противоопухолевое, противовоспалительное, обезболивающее, рассасывающее, понижающее сахар средство . Другие названия: тополь дрожащий, горечавка, иудино дерево, осиновое дерево, осака, осинка, осичина, трясучка, шептун-дерево . Осина обладает противомикробным, противовоспалительным, противокашлевым и антигельминтным свойствами, это делает ее многообещающим препаратом в комплексном лечении таких тяжелых заболеваний, как туберкулёз, оспа, малярия, сифилис, дизентерия, воспаление лёгких, кашель различного происхождения, ревматизм и воспаление слизистой оболочки мочевого пузыря . Отвар коры считается в народной медицине хорошим средством от цинги, грыжи, сифилиса и лихорадки, поноса, простуды, кашля . Отвары из коры осины применяются при гастритах, диарее, диабете, панкреатите, отеках различного происхождения, туберкулезе легких. В тибетской медицине..."
"p057","Фильтр-пакеты","Напиток чайный «Лёгкие здоровые-2» при острых и хронических заболеваниях","20 шт.","987",,"пакетированный","Россия","24 месяца","4690324013136","","14","False","napitok-chainyi-legkie-zdorovye-2-pri-ostrykh-i-khronicheskikh-zabolevaniyakh","https://firebasestorage.googleapis.com/v0/b/travnik-5cc55.firebasestorage.app/o/products%2Fnapitok-chainyi-legkie-zdorovye-2-pri-ostrykh-i-khronicheskikh-zabolevaniyakh.jpg?alt=media&token=9ce3115d-506b-41aa-bb58-5fe370bbd3be","https://www.flip.kz/catalog?prod=2996881","Адониса, василистника, дербенника, душицы, зюзника, иссопа, мать-и-мачехи, мальвы низкой, медуницы, мяты, первоцвета, полыни Божье дерево, ряски, чабреца трава; девясила, солодки корневища; ели хвоя; льна семена.","1-2 фильтр-пакета залить 0,2 л кипятка, настоять 1 час при комнатной температуре, отжать. Принимать одной порцией перед сном . Минимальный курс приема: от 2-3 месяцев до полугода . При хроническом течение болезни целесообразны повторные курсы (3-4 раза в год) с перерывами между ними в 1 месяц .","Чайный напиток применяется при острых и хронических заболеваниях органов дыхания различной этиологии, сопровождающихся сухим надоедливым кашлем . Напиток обладает противовоспалительным и антимикробным действием, размягчает мокроту и усиливает отхаркивающий рефлекс ."
"p058","Фильтр-пакеты","Напиток чайный при сосудистых нарушениях «Витамины для мозга»","20 шт.","987",,"пакетированный","Россия","24 месяца","4690324013143","","82","False","napitok-chainyi-pri-sosudistykh-narusheniyakh-vitaminy-dlya-mozga","https://firebasestorage.googleapis.com/v0/b/travnik-5cc55.firebasestorage.app/o/products%2Fnapitok-chainyi-pri-sosudistykh-narusheniyakh-vitaminy-dlya-mozga.jpg?alt=media&token=5baa3367-1352-4fa6-bfb5-8248d6638b1a","https://www.flip.kz/catalog?prod=2996885","Горца птичьего, гречихи, дербенника, душицы, зверобоя, золотарника, иссопа, клевера, медуницы, мяты, первоцвета, синеголовника, татарника, таволги, чабреца, шалфея лекарственного трава; аронии, боярышника, рябины, шиповника плоды; березы листья; сосны, ели хвоя; льна семена; ивы кора; солодки корневища.","1-2 фильтр-пакета залить 0,2 л кипятка, настоять 1 час при комнатной температуре, отжать. Принимать одной порцией перед сном . Минимальный курс приема: от 2-3 месяцев до полугода . При хроническом течение болезни целесообразны повторные курсы (3-4 раза в год) с перерывами между ними в 1 месяц .","Чайный напиток применяется при нарушениях мозгового и периферического кровообращения различной этиологии . Недостаточности мозгового кровообращения, при инсультах, инфарктах и параличах, при варикозной болезни. В качестве сосудоукрепляющего, улучшающего реологию крови (ее подвижность), антиагрегатного (кроворазжижающего) средства ."
"p059","Фильтр-пакеты","Напиток чайный «Простата-подъём» для мужской силы","20 шт.","987",,"пакетированный","Россия","24 месяца","4690324013150","","50","False","napitok-chainyi-prostata-podem-dlya-muzhskoi-sily","https://firebasestorage.googleapis.com/v0/b/travnik-5cc55.firebasestorage.app/o/products%2Fnapitok-chainyi-prostata-podem-dlya-muzhskoi-sily.jpg?alt=media&token=dd5c48b8-0b68-41bd-9b1b-adf77057a47a","https://www.flip.kz/catalog?prod=2996887","Березы почки и листья; толокнянки листья; ели хвоя; зверобоя, золотарника, иван-чая, люцерны, сурепки, чабреца, чистотела, ярутки трава; льна семена; можжевельника плоды; ивы, осины, тополя кора; пижмы цветки; чага.","1-2 фильтр-пакета залить 0,2 л кипятка, настоять 1 час при комнатной температуре, отжать. Принимать одной порцией перед сном . Минимальный курс приема: от 2-3 месяцев до полугода . При хроническом течение болезни целесообразны повторные курсы (3-4 раза в год) с перерывами между ними в 1 месяц .","Чайный напиток применяется при пониженной сексуальной активности (как потенции, так и эрекции, раннем семяизвержении), общей слабости, неуверенности . В качестве усиливающего половую функцию и общеукрепляющего средства. Формирует характер по мужскому типу (настойчивость, целеустремленность, как за каменной стеной) ."
"p060","Фильтр-пакеты","Напиток чайный «Поджелудочная здоровая»","20 шт.","987",,"пакетированный","Россия","24 месяца","4690324013662","","136","False","napitok-chainyi-podzheludochnaya-zdorovaya","https://firebasestorage.googleapis.com/v0/b/travnik-5cc55.firebasestorage.app/o/products%2Fnapitok-chainyi-podzheludochnaya-zdorovaya.jpg?alt=media&token=ae85fb9e-0444-438c-9384-6e1950c510d6","https://www.flip.kz/catalog?prod=2996890","Черники побеги; фасоли створки; володушки золотистой, галеги, горца птичьего, дербенника, душицы, зверобоя, золотарника, крапивы двудомной, люцерны, мяты, первоцвета, репешка, синеголовника, тысячелистника, татарника, цикория, чабреца трава; гречихи цветущие верхушки; березы, топинамбура листья; ели хвоя; овса зерна; ивы кора; укропа плоды.","1-2 фильтр-пакета залить 0,2 л кипятка, настоять 1 час ⏳ при комнатной температуре, отжать. Принимать одной порцией перед сном . Минимальный курс приема: от 2-3 месяцев до полугода. При хроническом течение болезни целесообразны повторные курсы (3-4 раза в год) с перерывами между ними в 1 месяц.","Напиток чайный «Поджелудочная здоровая»  Чайный напиток применяется при острых и хронических панкреатитах, хронических холецисто-панкреатитах; сахарном диабете, развившемся в результате воспалительного (некротического) поражения поджелудочной железы. Обладает противовоспалительным, иммуномодулирующим действием; нормализует уровень сахара в крови  и секреторные функции поджелудочной железы в целом."
"p061","Фильтр-пакеты","Напиток чайный «Грудь здоровая»","20 шт.","987",,"пакетированный","Россия","24 месяца","4690324013778","","30","False","napitok-chainyi-grud-zdorovaya","https://firebasestorage.googleapis.com/v0/b/travnik-5cc55.firebasestorage.app/o/products%2Fnapitok-chainyi-grud-zdorovaya.jpg?alt=media&token=793f9b8a-15ad-43f7-9edf-fc68fa24991f","https://www.flip.kz/catalog?prod=2996894","Хмеля соплодия; гречихи, дербенника, золотарника, зюзника, первоцвета, тысячелистника, шалфея лекарственного трава; календулы цветки; берёзы листья; ламинарии слоевища; ивы кора.","2-3 фильтр-пакета залить 200 мл кипятка, настоять 30 мин. при комнатной температуре, отжать. Пить по 1/3 стакана 3 раза в день за 10-15 мин. до еды Минимальный курс приема: от 2-3 месяцев до полугода. При хроническом течении болезни целесообразны повторные курсы (3-4 раза в год) с перерывами между ними в 1 месяц.","Чайный напиток обладает противоопухолевым, рассасывающим, спазмолитическим и обезболивающим действием . Способствует нормализации гормонального баланса . Устраняет условия, при которых развиваются мастопатии, маститы, болезненность, набухание или нагрубание молочных желез."
"p062","Фильтр-пакеты","Напиток чайный «Матка здоровая» при миоме, эндометриоз, маточных кровотечениях","20 шт.","987",,"пакетированный","Россия","24 месяца","4690324013785","","0","False","napitok-chainyi-matka-zdorovaya-pri-miome-endometrioz-matochnykh-krovotecheniyak","https://firebasestorage.googleapis.com/v0/b/travnik-5cc55.firebasestorage.app/o/products%2Fnapitok-chainyi-matka-zdorovaya-pri-miome-endometrioz-matochnykh-krovotecheniyak.jpg?alt=media&token=9a8c6b89-4ac3-49fd-82d8-b7a73ae68549","https://www.flip.kz/catalog?prod=2996896","Горца почечуйного, гречихи, дербенника, золотарника, кровохлёбки, льнянки, первоцвета, пустырника, пастушьей сумки, сурепки, тысячелистника, ярутки трава; крапивы листья; пижмы цветки; кровохлёбки корневища; калины кора.","2-3 фильтр-пакета залить 200 мл кипятка, настоять 30 мин. при комнатной температуре, отжать. Пить по 1/3 стакана 3 раза в день за 10-15 мин. до еды .","Рекомендован при доброкачественных новообразованиях матки (субсерозных, интрамуральных, субмукозных миом и фибромиом матки), гиперплазии эндометрия, эндометриозах, варикозных расширениях сосудов тела матки, при обильных менструациях и маточных кровотечениях . Обладает маткосокращающим, сосудоукрепляющим, кровоостанавливающим, противовоспалительным действием ."
"p063","Фильтр-пакеты","Напиток чайный при сахарном диабете «Глюкоза-норма»","20 шт.","987",,"пакетированный","Россия","24 месяца","4690324013792","","37","False","napitok-chainyi-pri-sakharnom-diabete-glyukoza-norma","https://firebasestorage.googleapis.com/v0/b/travnik-5cc55.firebasestorage.app/o/products%2Fnapitok-chainyi-pri-sakharnom-diabete-glyukoza-norma.jpg?alt=media&token=2d589c2b-3675-4a07-be99-31514a81bbf5","https://www.flip.kz/catalog?prod=2996902","Черники побеги; фасоли створки; топинамбура клубни; березы почки и листья; лавра, смородины, лещины листья; володушки, галеги, гречихи, дербенника, дурнишника, душицы, зверобоя, золотарника, зюзника, крапивы, люцерны, мяты, первоцвета, пустырника, репешка, синеголовника, топинамбура, чабреца трава; ели, сосны хвоя; ивы кора; солодки корневища.","1-2 фильтр-пакета залить 0,2 л кипятка, настоять 1 час при комнатной температуре, отжать. Принимать по 1/3 от полученного объема 3 раза в день за 10-15 минут до еды .","Обладает сахаропонижающим действием . Улучшает работу поджелудочной железы, блокирует механизмы развития аутоиммунных реакций, что приводит к увеличению активности инсулина и его продукции. Благотворно влияет на нервную систему, повышает жизненный тонус . Предохраняет от осложнений сахарного диабета со стороны сосудистой системы сетчатки глаз, почек и печени и других органов."
"p064","Травы","Ивы (саликса) кора","100 г","1086",,,"Россия","24 месяца","4690324001584","","23","False","ivy-saliksa-kora","https://firebasestorage.googleapis.com/v0/b/travnik-5cc55.firebasestorage.app/o/products%2Fivy-saliksa-kora.jpg?alt=media&token=1b8348ec-7149-4f67-a75b-c510d4d0af5f","https://www.flip.kz/catalog?prod=2996904",,"1-2 столовые ложки сырья залить 0,2-0,3 л воды, довести до кипения, потомить 3-4 минуты, настоять до остывания, процедить. Принимать по 1/3-¼ от полученного объема 3 раза в день до еды . Противопоказания: индивидуальная непереносимость .","Применяется при ревматоидном артрите, артрите, тромбофлебите, варикозном расширении вен, нарушении мозгового кровообращения, в поздний восстановительный период (ишемический инсульт, инфаркт миокарда в период реабилитации) ; как сосудистое, антиагрегатное (кроворазжижающее), противовоспалительное, жаропонижающее, антисептическое средство. Способ"
"p065","Травы","Осины кора микронизированная","100 г","2303",,,"Россия","24 месяца","4690324016861","","13","False","osiny-kora-mikronizirovannaya","https://firebasestorage.googleapis.com/v0/b/travnik-5cc55.firebasestorage.app/o/products%2Fosiny-kora-mikronizirovannaya.jpg?alt=media&token=a31fda19-97d7-439c-8b28-0a32bcacdd30","https://www.flip.kz/catalog?prod=2996906","кора осины",,"Показания к применению: при диабете 2-го типа . Она снижает уровень глюкозы в крови и активизирует эндокринную систему в целом. Благотворно влияет на поджелудочную железу, стимулируя вырабатывание инсулина. Она нейтрализует воспалительные процессы внутренних органов мочеполовой системы . При цистите, нефритах, уретритах прием отваров и настоев коры осины курсами, дает потрясающие результаты. Суставные и мышечные боли, это тоже повод прибегнуть к лечению корой осины . Причем лечение предполагает, как употребление отваров и настоев внутрь, так и растирание больных мышц и суставов спиртовой настойкой коры. Используют кору и при аденоме простаты, при импотенции и внутреннем геморрое. Здесь тоже показано лечение отварами и настоями коры курсами до 30 дней. При диарее, метеоризме, дискинезии желчных путей, жировом гепатозе печени, лечение корой осины дает отличные результаты. Полоскание отварами полости рта при зубной боли, стоматитах, пародонтозах, при ангине, при..."
"p066","Фильтр-пакеты","Напиток чайный для лечения и профилактики ОРВИ «Вирусам-стоп семейный»","20 шт.","905",,"пакетированный","Россия","24 месяца","4690324017257","","17","False","napitok-chainyi-dlya-lecheniya-i-profilaktiki-orvi-virusam-stop-semeinyi","https://firebasestorage.googleapis.com/v0/b/travnik-5cc55.firebasestorage.app/o/products%2Fnapitok-chainyi-dlya-lecheniya-i-profilaktiki-orvi-virusam-stop-semeinyi.jpg?alt=media&token=b287131c-d672-44b8-968d-2c6d835e0d9d","https://www.flip.kz/catalog?prod=2996910","Кладонии, цетрарии слоевища; таволги, гречихи, душицы, зюзника, зверобоя, золотарника, мяты, синеголовника, тысячелистника, татарника трава; березы листья; рябины плоды; ели хвоя; ивы, осины кора; багульника побеги.","2 фильтр-пакета залить 200 мл кипятка, настоять 30 минут при комнатной температуре, отжать. Принимать 3-4 раза в день до еды .","Высокоэффективное средство для профилактики и при проявлениях Гриппа или ОРВИ в любом возрасте ; способствует быстрому выздоровлению и убирает риск осложнений. Укрепляет противовирусный и антимикробный иммунитет . Эффективность чайного напитка максимальна при профилактическом приеме и применении на ранних стадиях заболевания."
"p067","Травы","Одуванчика корневища","50 г","1540",,,"Россия","24 месяца",,"",,"False","oduvanchika-kornevishcha","https://firebasestorage.googleapis.com/v0/b/travnik-5cc55.firebasestorage.app/o/products%2Foduvanchika-kornevishcha.jpg?alt=media&token=c385d7a9-8435-49d8-bcd6-0c4ca83694fa","https://www.flip.kz/catalog?prod=2996911",,,"Применяется при тонзиллите, инфекциях почек, мочевого пузыря, мочеиспускательного канала . Корень одуванчика используется в гинекологии, его употребление помогает в лечении острых менструальных болей, гормональных нарушений, маточных кровотечений. Корень одуванчика облегчает симптомы цистита, гастрита, колита заболеваний печени . Эффективен как натуральное желчегонное, спазмолитическое, противовоспалительное, гипогликемическое средство. Травяной сбор, чай из корня одуванчика улучшает пищеварение и обмен веществ, снижает уровень холестерина . Корень одуванчика применяют для усиления секреции пищеварительных желез и как желчегонное средство. Травяной чай из корня одуванчика, обладает спазмолитическими, слабительными свойствами. Корень одуванчика снижает уровень холестерина, способствует очищению печени, снижению риска инфаркта . Травяной сбор корень одуванчика рекомендован при заболеваниях печени, желчного пузыря, гастритах, колитах, сахарном диабете, атеросклерозе,..."
"p068","Мази и кремы","Крем «Грудь здоровая-2» при мастопатии и доброкачественных опухолях","60 г","2517",,,"Россия","24 месяца","4690324019503","","41","False","krem-grud-zdorovaya-2-pri-mastopatii-i-dobrokachestvennykh-opukholyakh","https://firebasestorage.googleapis.com/v0/b/travnik-5cc55.firebasestorage.app/o/products%2Fkrem-grud-zdorovaya-2-pri-mastopatii-i-dobrokachestvennykh-opukholyakh.jpg?alt=media&token=0b2b9210-3c2c-45a8-bd28-6ec2f1550957","https://www.flip.kz/catalog?prod=2996921","Вода, липодерм 4/1, эмульсионный воск, растительное масло, ланолин, экстракт корневищ пиона; дурнишника, зюзника, подмаренника, спорыша, чистотела, шалфея травы; календулы цветков; гермабен II.","2 раза в день мазь тонким слоем нанести на молочные железы. Грудь не массировать и не греть!","Применяется при узловых формах мастопатии, фиброаденомах, липогранулемах, атеромах, сосудистых опухолях, аденозах, внутрипротоковых папилломах, липомах . Способствует уменьшению фиброзной реакции соединительной ткани и пролиферации соединительно-тканной стромы или железистого эпителия ацинусов и млечных ходов. Препятствует регрессии альвеолярно-глобулярной ткани молочной железы . При применении наблюдается уменьшение болевого синдрома, уменьшение размера образования вплоть до исчезновения и восстановления структуры молочной железы."
"p069","Мази и кремы","Мазь при геморрое и трещинах «Почечуйная»","50 г","3356",,,"Россия","24 месяца","4690324019541","","19","False","maz-pri-gemorroe-i-treshchinakh-pochechuinaya","https://firebasestorage.googleapis.com/v0/b/travnik-5cc55.firebasestorage.app/o/products%2Fmaz-pri-gemorroe-i-treshchinakh-pochechuinaya.jpg?alt=media&token=0166aac0-7308-4dfc-8035-844a67815523","https://www.flip.kz/catalog?prod=2996922","Жир; экстракты череды, льнянки, коры дуба, водяного перца.","ватный тампон, пропитанный мазью, ввести в тщательно вымытое заднее отверстие на срок от 15 минут до нескольких часов. При наружных повреждениях, один раз в день наносить мазь тонким слоем на поверхность чистого ануса .","Мазь применяется при геморрое, а также заживления трещин и ссадин ануса . Значительно ослабляет сопутствующие им болевые ощущения. Приготовлен из натурального экологически чистого растительного сырья без консервантов, ароматизаторов и других синтетических добавок ."
"p070","Монастырские сборы","Сбор монастырский при кистах №16","104 г","1909",,"рассыпной","Россия","24 месяца","4690324019992","","34","False","sbor-monastyrskii-pri-kistakh-16","https://firebasestorage.googleapis.com/v0/b/travnik-5cc55.firebasestorage.app/o/products%2Fsbor-monastyrskii-pri-kistakh-16.jpg?alt=media&token=3c4ab289-8771-401b-bf8d-69bc8d5bbcb2","https://www.flip.kz/catalog?prod=2996929","Березы, иван-чая, подорожника листья; горца, дербенника, душицы, золотарника, манжетки, пастушьей сумки, первоцвета, тысячелистника, чистотела, шалфея, ярутки трава; календулы, пижмы, ромашки цветки.","1-3 столовые ложки сбора залить 0,25 — 0,4 л кипятка, настоять 1 час, процедить. Принимать по 1/3 от полученного объема 3 раза в день по 10-15 минут до еды .","Сбор монастырский при кистах № 16 используется как дополнительный метод оздоровления при кистах в молочных железах и яичниках . Способствует восстановлению гормонального фона и улучшению самочувствия ."
"p071","Монастырские сборы","Сбор монастырский при мастопатии №13","104 г","1909",,,"Россия","24 месяца","4690324020004","","25","False","sbor-monastyrskii-pri-mastopatii-13","https://firebasestorage.googleapis.com/v0/b/travnik-5cc55.firebasestorage.app/o/products%2Fsbor-monastyrskii-pri-mastopatii-13.jpg?alt=media&token=287123be-0ca4-4e21-96b0-3d2e7ffbcbe4","https://www.flip.kz/catalog?prod=2996934","Березы, брусники, грецкого ореха, подорожника листья; бессмертника, календулы цветки; донника, дрока, зверобоя, крапивы, мокрицы, пустырника, тысячелистника, хвоща, чистотела, шалфея трава; дягиля, лопуха корневища; исландского мха слоевища; расторопши плоды; хмеля соплодия.","1-3 столовые ложки сбора залить 0,25 — 0,4 л кипятка, настоять 1 час, процедить. Принимать по 1/3 от полученного объема 3 раза в день по 10-15 минут до еды .","Сбор монастырский при мастопатии № 13 устраняет чувство болезненности и нагрубания молочных желез . Способствует нормализации гормонального баланса . Рекомендуется в качестве противоопухолевого, спазмолитического и обезболивающего средства."
"p072","Монастырские сборы","Сбор монастырский глистогонный №12","104 г","1909",,,"Россия","24 месяца","4690324020011","","34","False","sbor-monastyrskii-glistogonnyi-12","https://firebasestorage.googleapis.com/v0/b/travnik-5cc55.firebasestorage.app/o/products%2Fsbor-monastyrskii-glistogonnyi-12.jpg?alt=media&token=77c694bb-5dcf-4930-a1d0-95daa93298d3","https://www.flip.kz/catalog?prod=2996935","Клевера, пижмы, полыни Божье дерево, полыни горькой, репешка, чабреца трава; крушины кора; папоротника, солодки корневища; папоротника, сенны листья; ромашки цветки, тыквы семена; хмеля соплодия.","1-3 столовые ложки сбора залить 0,25 — 0,4 л кипятка, настоять 1 час, процедить. Принимать по 1/3 от полученного объема 3 раза в день по 10-15 минут до еды .","Сбор монастырский глистогонный № 12, применяют как дополнительный метод оздоровления в качестве антигельминтного, противомикробного средства , стимулирует секреторную и моторную функции ЖКТ, останавливает процессы гниения и брожения в кишечнике, оказывает желчегонное действие . Эффективен против паразитов и их яиц, выводит продукты их жизнедеятельности."
"p073","Фильтр-пакеты","Напиток чайный «Иммунитет здоровый»","20 шт.","987",,"пакетированный","Россия","24 месяца","4690324021209","","17","False","napitok-chainyi-immunitet-zdorovyi","https://firebasestorage.googleapis.com/v0/b/travnik-5cc55.firebasestorage.app/o/products%2Fnapitok-chainyi-immunitet-zdorovyi.jpg?alt=media&token=3802c194-57bb-4cc5-a818-e9588d6a9d27","https://www.flip.kz/catalog?prod=2996939","Гречихи, карагана цветущие верхушки; эхинацеи, горцев птичьего и почечуйного, дербенника, дурнишника, душицы, зверобоя, золотарника, зюзника, иссопа, крапивы, люцерны, первоцвета, репешка, ряски, синеголовника, сурепки, таволги, татарника, тысячелистника, чабреца трава; аронии, рябины, можжевельника, шиповника плоды; ели хвоя; березы листья; сосны хвоя; чага.","2-3 фильтр-пакета залить 0,2 л кипятка, настоять 1 час при комнатной температуре, отжать. Принимать по 1/3 от полученного объема 3 раза в день за 10-15 минут до еды. Минимальный курс приема: 1-2 месяца, 2-3 раза в год (особенно в весенне-осенний период и во время эпидемии гриппа) .","Применяют для профилактики при частых простудных заболеваниях, особенно у детей и лиц пожилого возраста, а также при ослабленном иммунитете, снижении умственной и физической работоспособности . Эффективен при «синдроме хронической усталости» (СХУ) и весеннем гиповитаминозе ."
"p074","Монастырские сборы","Сбор монастырский №17 «Мужское здоровье»","104 г","1909",,,"Россия","24 месяца","4690324022749","","18","False","sbor-monastyrskii-17-muzhskoe-zdorove","https://firebasestorage.googleapis.com/v0/b/travnik-5cc55.firebasestorage.app/o/products%2Fsbor-monastyrskii-17-muzhskoe-zdorove.jpg?alt=media&token=798cfb0c-07de-4b8b-b6b5-1d5777372d36","https://www.flip.kz/catalog?prod=2996943","Иван-чая, ярутки, сурепки, адониса, василистника, горца птичьего, дрока, дурнишника, золотарника канадского, лапчатки гусиной, льнянки, нардосмии, сныти, хвоща полевого, чернобыльника трава; березы, брусники, бузины листья; лещины кора; смородины почки; лопуха, одуванчика, пырея корневища.","1-3 ст. л. сбора залить 0,25-0,4 л кипятка, настоять 1 час, процедить. Принимать по 1/3 от полученного объема 3 раза в день за 10-15 минут до еды .","При учащённом мочеиспускании, сопровождающемся чувством неполного опорожнения мочевого пузыря, вялой струей мочи, при неприятных или болезненных ощущениях в промежности . Обладает противовоспалительным, обезболивающим, противоопухолевым действием. Применяется при простатите, застойных процессах, доброкачественной гиперплазии, аденоме и раке предстательной железы . При регулярном употреблении нормализуется ПСА и объем предстательной железы ."
"p075","Фильтр-пакеты","Напиток чайный «Цетрарии» природный антибиотик, от кашля","20 шт.","1514",,"пакетированный","Россия","24 месяца","4690324023517","","53","False","napitok-chainyi-tsetrarii-prirodnyi-antibiotik-ot-kashlya","https://firebasestorage.googleapis.com/v0/b/travnik-5cc55.firebasestorage.app/o/products%2Fnapitok-chainyi-tsetrarii-prirodnyi-antibiotik-ot-kashlya.jpg?alt=media&token=c5770b7a-3dc6-4205-af57-b84923bfb228","https://www.flip.kz/catalog?prod=2996945",,"1-2 фильтр-пакета залить 0,2 л кипятка, настоять 30 минут при комнатной температуре, отжать. Принимать по 1/3 от полученного объема 3 раза в день .","Применяют при заболеваниях верхних дыхательных путей, в том числе при туберкулезе, хронических инфекционных заболеваниях, сопровождающихся повышением температуры, вместо антибиотиков и в качестве общеукрепляющего средства после тяжёлых болезней, заболеваниях желудочно-кишечного тракта ."
"p076","Монастырские сборы","Сбор травяной при злокачественных и доброкачественных опухолях «Монастырский 16 трав»","104 г","2813",,,"Россия","24 месяца","4690324004639","","41","False","sbor-travyanoi-pri-zlokachestvennykh-i-dobrokachestvennykh-opukholyakh-monastyrs","https://firebasestorage.googleapis.com/v0/b/travnik-5cc55.firebasestorage.app/o/products%2Fsbor-travyanoi-pri-zlokachestvennykh-i-dobrokachestvennykh-opukholyakh-monastyrs.jpg?alt=media&token=28b33b9f-326e-4b5f-8dd3-c182c95ee0c7","https://www.flip.kz/catalog?prod=2996947","Березы почки; бессмертника, липы, ромашки цветки; крапивы, полыни, пустырника, сухоцвета, сушеницы, тысячелистника, чабреца, череды, шалфея трава; крушины кора; толокнянки листья; шиповника плоды.","6 столовых ложек положить в эмалированную кастрюлю, залить 2,5 л кипятка, настоять на медленном огне (95°) 3 часа. Охладить, процедить, поставить в холодильник . Пить теплым по 1 столовой ложке, в тяжелых случаях по 3 столовые ложки 3 раза в день за 1 час до еды. Минимальный курс приема — 40 дней, затем перерыв 10-12 дней, и курс повторить снова. Отвар хранится в холодильнике долго, пока не закончится.","Рекомендуются при злокачественных и доброкачественных опухолях . Это старинный рецепт от профессионального травника, архимандрита Георгия (Саввы), настоятеля Свято-Духова Тимашевского мужского монастыря (Краснодарский край). Главное его требование к человеку, обращающемуся за помощью, — исповедь, покаяние, исправление жизни. При систематическом употреблении доброкачественные опухоли рассасываются или уменьшаются в размерах . Состояние онкологических больных, даже с IV стадией заболевания, улучшается."
"p077","Монастырские сборы","Сбор монастырский при миоме №15","104 г","1909",,,"Россия","24 месяца","4690324019886","","25","False","sbor-monastyrskii-pri-miome-15","https://firebasestorage.googleapis.com/v0/b/travnik-5cc55.firebasestorage.app/o/products%2Fsbor-monastyrskii-pri-miome-15.jpg?alt=media&token=b452edca-c5bf-4765-a6ca-6f3bb7d0597f","https://www.flip.kz/catalog?prod=2996962","Горца водного и змеиного, зверобоя, зимолюбки, крапивы, пастушьей сумки, подмаренника, пустырника, спорыша, тысячелистника, шалфея, ярутки, яснотки трава; бадана, калгана, кровохлебки корневища; земляники листья; календулы, ромашки цветки.","1-3 ст. л. сбора залить 0,25-0,4 л кипятка, настоять 1 час, процедить. Принимать по 1/3 от полученного объема 3 раза в день за 10-15 минут до еды .","Рекомендуется при доброкачественных новообразованиях матки, гиперплазии эндометрия, эндометриозах, варикозных расширениях сосудов тела матки, при обильных менструациях и маточных кровотечениях . Обладает маткосокращающим, сосудоукрепляющим, кровоостанавливающим, противовоспалительным действием ."
"p078","Монастырские сборы","Сбор монастырский успокаивающий №9","104 г","1909",,,"Россия","24 месяца","4690324019893","","13","False","sbor-monastyrskii-uspokaivayushchii-9","https://firebasestorage.googleapis.com/v0/b/travnik-5cc55.firebasestorage.app/o/products%2Fsbor-monastyrskii-uspokaivayushchii-9.jpg?alt=media&token=1a865010-8290-42f8-b941-e84ed00e6ad7","https://www.flip.kz/catalog?prod=2996963","Березы, подорожника, шалфея листья; бодяка, буквицы, василистника, горца птичьего, дербенника, донника, душицы, дымянки, зверобоя, зюзника, иван-чая, крапивы, манжетки, мелиссы, мяты, первоцвета, пижмы, полыни Божье дерево, пустырника, репешка, сушеницы, таволги, чернобыльника, яснотки трава; валерианы, лопуха, пырея корневища; хмеля соплодия.","1-3 ст. л. сбора залить 0,25-0,4 л кипятка, настоять 1 час, процедить. Принимать по 1/3 от полученного объема 3 раза в день за 10-15 минут до еды .","Рекомендуется при повышенной тревожности, нарушении сна и других нарушениях нервной системы . Сильное успокаивающее средство. Улучшает настроение и сон . Как дополнительный метод оздоровления при нарушениях нервной системы."
"p079","Монастырские сборы","Сбор монастырский гормонально-нормализующий №11","104 г","1909",,,"Россия","24 месяца","4690324019909","","35","False","sbor-monastyrskii-gormonalno-normalizuyushchii-11","https://firebasestorage.googleapis.com/v0/b/travnik-5cc55.firebasestorage.app/o/products%2Fsbor-monastyrskii-gormonalno-normalizuyushchii-11.jpg?alt=media&token=407b26b9-424f-4a73-ab1a-0adbdcfd0957","https://www.flip.kz/catalog?prod=2996967","Адониса, василистника, вероники, дербенника, донника, дурнишника, душицы, зверобоя, золотарника, зюзника, первоцвета, пустырника, сурепки, чабреца, череды, чернобыльника, ясменника, ярутки трава; валерианы, сабельника, солодки корневища; календулы, таволги цветки; хмеля соплодия; шалфея листья.","1-3 ст. л. сбора залить 0,25-0,4 л кипятка, настоять 1 час, процедить. Принимать по 1/3 от полученного объема 3 раза в день за 10-15 минут до еды .","Рекомендуется при старении организма (снижении жизненного тонуса, ухудшении памяти, снижении зрения, слуха и функций других органов чувств), остеопорозе, дряблости кожи, снижении мышечного тонуса, возрастных изменениях в органах и системах (атеросклероз, ИБС, снижении функций щитовидной железы и надпочечников) в качестве средства, замедляющего процессы старения и способствующего омоложению организма ."
"p080","Монастырские сборы","Сбор монастырский при щитовидной железе №8","104 г","1909",,,"Россия","24 месяца","4690324019916","","14","False","sbor-monastyrskii-pri-shchitovidnoi-zheleze-8","https://firebasestorage.googleapis.com/v0/b/travnik-5cc55.firebasestorage.app/o/products%2Fsbor-monastyrskii-pri-shchitovidnoi-zheleze-8.jpg?alt=media&token=290419c2-b0d2-4e4b-a675-d61de57d25a9","https://www.flip.kz/catalog?prod=2996973","Галеги, горца птичьего, донника, дурнишника, душицы, зверобоя, зопника, зюзника, лапчатки, манжетки, мяты, подмаренника, пустырника, репешка, таволги, хвоща, чабреца, чернобыльника трава; ивы кора; ромашки цветки; рябины плоды; хмеля соплодия.","1-3 ст. л. сбора залить 0,25-0,4 л кипятка, настоять 1 час, процедить. Принимать по 1/3 от полученного объема 3 раза в день за 10-15 минут до еды .","Рекомендуется при нарушении функции щитовидной железы (гипотиреозе и аутоиммунном тиреоидите) и связанных с этим клинических проявлениях (слабости, депрессии, ожирении, повышении или понижении давления, треножности, сердцебиении и др.) . Нормализует функцию железы, смягчает побочное действие лечебной и заместительной гормонотерапии, улучшает самочувствие и настроение, придаёт бодрость ."
"p081","Фильтр-пакеты","Напиток чайный «Иван-чая листья»","20 шт.","987",,"фильтр-пакеты","Россия","24 месяца","4690324006541","","4","False","napitok-chainyi-ivan-chaya-listya","https://firebasestorage.googleapis.com/v0/b/travnik-5cc55.firebasestorage.app/o/products%2Fnapitok-chainyi-ivan-chaya-listya.jpg?alt=media&token=3d4ede65-8abd-4e98-9576-b2e704fc70d8","https://www.flip.kz/catalog?prod=2996978",,"2-3 фильтр-пакета залить 0,2-0,3 л кипятка, настоять 1 час при комнатной температуре, отжать. Принимать по 1/3 от полученного объема 3 раза в день за 10-15 минут до еды .","Напиток чайный не ферментированный «Иван-чая листья» . По литературным данным применяются при острых и хронических заболеваниях простаты, аденоме, воспалении мочеточников, хроническом воспалении мочевого пузыря, нарушении обмена веществ, дисбактериозе; как седативное, противовоспалительное средство; нормализует микрофлору кишечника ."
"p082","Мази и кремы","Мазь для суставов «С сабельником»","60 г","2945",,,"Россия","24 месяца","4690324019596","","16","False","maz-dlya-sustavov-s-sabelnikom","https://firebasestorage.googleapis.com/v0/b/travnik-5cc55.firebasestorage.app/o/products%2Fmaz-dlya-sustavov-s-sabelnikom.jpg?alt=media&token=5e5fccf2-4cdb-49a5-80d3-a94a25a148e6","https://www.flip.kz/catalog?prod=2996981","Вода, эмульсионный воск, растительное масло, экстракт корней сабельника; ланолин, гермабен II.","2-3 раза в сутки мазь массажными движениями втирается в проблемные участки тела, желательно укутать их затем шерстяной тканью . Минимальный курс приёма: от 2-3 месяцев до полугода. При необходимости курс оздоровления можно повторить несколько раз в год, особенно в осенне-весенний период .","Мазь рекомендуется для костно-суставных заболеваний (артриты, артрозы, остеохондрозы, ревматизмы, полиартрит, подагра), как общеукрепляющее средство при повышенных нагрузках на опорно-двигательный аппарат ."
"p083","Фильтр-пакеты","Напиток чайный «Нервы в норме» с успокаивающим действием","20 шт.","987",,"фильтр-пакеты","Россия","24 месяца","4690324006596","","26","False","napitok-chainyi-nervy-v-norme-s-uspokaivayushchim-deistviem","https://firebasestorage.googleapis.com/v0/b/travnik-5cc55.firebasestorage.app/o/products%2Fnapitok-chainyi-nervy-v-norme-s-uspokaivayushchim-deistviem.jpg?alt=media&token=b9e5bbac-1e8f-466d-bad3-de597a3704d0","https://www.flip.kz/catalog?prod=2996987","Валерианы, пиона корневища; хмеля соплодия; горца почечуйного, дербенника, дурнишника, душицы, зюзника, зверобоя, золотарника, иссопа, манжетки, первоцвета, полыни Божье дерево, пустырника, синеголовника,  синяка, сушеницы, татарника, чабреца трава; гречихи цветущие верхушки; берёзы, ландыша листья; аронии плоды, ивы кора.","1-2 фильтр-пакета. Залить 0,2 л кипятка, настоять 1 час при комнатной температуре, отжать. Принимать по 1/3 от полученного объема 3 раза в день за 10-15 минут до еды . Минимальный курс приема — от нескольких дней до 1-2 месяцев. При необходимости возможны повторные курсы с перерывами между ними в 1-2 месяца. Напиток чайный «Нервы в норме» можно чередовать с напитками «Для всей семьи с мятой и мелиссой», «Адаптогенный. Не боюсь!»","Рекомендуется при стрессах, неврозах, неврогенных головных болях, бессоннице . Сильное успокоительное средство, может с успехом заменить аналогичные седативные препараты без их нежелательного побочного эффекта ."
"p084","Мази и кремы","Мазь от псориаз, экземы «Чистая кожа»","60 г","2517",,,"Россия","24 месяца","4690324019657","","13","False","maz-ot-psoriaz-ekzemy-chistaya-kozha","https://firebasestorage.googleapis.com/v0/b/travnik-5cc55.firebasestorage.app/o/products%2Fmaz-ot-psoriaz-ekzemy-chistaya-kozha.jpg?alt=media&token=ee492b64-991a-4bd0-bf95-5669db736ebf","https://www.flip.kz/catalog?prod=2996994","Вода, эмульсионный воск, растительное масло; экстракты плодов софоры японской, корня элеутерококка, травы череды; ланолин, вазелин, гермабен II.","на поврежденную кожу нанести тонкий слой мази и дать ей впитаться, остатки удалить; так 3-4 раза в сутки . Минимальный курс приёма: от 2-3 месяцев до полугода. При необходимости курс оздоровления можно повторить несколько раз в год .","Мазь нормализует процессы деления клеток кожи, устраняет излишнее шелушение, корректирует иммунные нарушения кожи, оказывает противовоспалительное, противоаллергическое и противозудное действие, способствует размягчению и удалению чешуек . Отлично сочетается с другими методами лечения псориаза."
"p085","Фильтр-пакеты","Напиток чайный «Сердцу ВАЛ» для улучшения микроциркуляции миокарда","20 шт.","987",,"фильтр-пакеты","Россия","24 месяца","4690324010180","","10","False","napitok-chainyi-serdtsu-val-dlya-uluchsheniya-mikrotsirkulyatsii-miokarda","https://firebasestorage.googleapis.com/v0/b/travnik-5cc55.firebasestorage.app/o/products%2Fnapitok-chainyi-serdtsu-val-dlya-uluchsheniya-mikrotsirkulyatsii-miokarda.jpg?alt=media&token=553d6fc8-2dab-4663-92a9-90a57576e481","https://www.flip.kz/catalog?prod=2997004","Адониса, василистника трава; ландыша листья.","1-2 фильтр-пакета залить 0,2 л воды, нагретой до 80 градусов, настоять 15 минут при комнатной температуре, отжать. Принимать по 1/3 стакана 3 раза в день за 15 минут до еды . Минимальный курс приема зависит от состояния и продолжается от 2-3 месяцев до полугода. После месячного перерыва курс приема можно повторить. Желательно использовать в сочетании с напитком чайным «Голова умная», либо «Витамины для мозга» .","Рекомендован при кардионеврозах, ишемических болезнях сердца, сердечно-сосудистой недостаточности, миокардиодистрофии ; улучшают питание сердечной мышцы, расширяя коронарные сосуды; содержащиеся в травах сердечные гликозиды стимулируют сократительную функцию миокарда, регулируют сердечный ритм ."
"p086","Мази и кремы","Мазь «Щитовидная железа здоровая» ГИПО при гипотиреозе","50 г","2517",,,"Россия","24 месяца","4690324019671","","18","False","maz-shchitovidnaya-zheleza-zdorovaya-gipo-pri-gipotireoze","https://firebasestorage.googleapis.com/v0/b/travnik-5cc55.firebasestorage.app/o/products%2Fmaz-shchitovidnaya-zheleza-zdorovaya-gipo-pri-gipotireoze.jpg?alt=media&token=ee877d7d-458f-4f9f-92e6-bd616fc54aa1","https://www.flip.kz/catalog?prod=2997006","Вода, эмульсионный воск, растительное масло, ланолин, экстракт чаги, травы дурнишника, дрока, донника, душицы, мокрицы, льнянки, тысячелистника, чабреца, чернобыльника; корневищ лапчатки, эхинацеи; плодов аронии; листьев мать-и-мачехи; цветков календулы; гермабен II.","наносится на область щитовидной железы легкими массирующими движениями 2-3 раза в день.","Приготовлен из натурального экологически чистого растительного сырья без консервантов, ароматизаторов и других синтетических добавок . Способствует улучшению микроциркуляции, восстановлению структуры и функции щитовидной железы ."
"p087","Мази и кремы","Мазь с пролонгированным действием «Чистая кожа»","60 г","2945",,,"Россия","24 месяца","4690324019701","","17","False","maz-s-prolongirovannym-deistviem-chistaya-kozha","https://firebasestorage.googleapis.com/v0/b/travnik-5cc55.firebasestorage.app/o/products%2Fmaz-s-prolongirovannym-deistviem-chistaya-kozha.jpg?alt=media&token=5ad58e3f-b035-420f-bfce-1814d84bf2a8","https://www.flip.kz/catalog?prod=2997014","Вода; липодерм 4/1, эмульсионный воск, соевое масло, ланолин, вазелин; экстракт плодов софоры японской; череды трава; элеутерококка корневища; KEM Nat B.","на поврежденную кожу нанести тонкий слой мази и дать ей впитаться, остатки удалить; так 3-4 раза в сутки . Минимальный курс приёма: от 2-3 месяцев до полугода. При необходимости курс оздоровления можно повторить несколько раз в год .","Мазь нормализует процессы деления клеток кожи, устраняет излишнее шелушение, корректирует иммунные нарушения кожи, оказывает противовоспалительное, противоаллергическое и противозудное действие, способствует размягчению и удалению чешуек . Вазелин замедляет впитывание мази в кожу и удлиняет лечебный эффект ⏳."
"p088","Фильтр-пакеты","Напиток чайный «Печень здоровая» при заболеваниях печени и желчевыводящих путей","20 шт.","987",,"фильтр-пакеты","Россия","24 месяца","4690324010258","","127","False","napitok-chainyi-pechen-zdorovaya-pri-zabolevaniyakh-pecheni-i-zhelchevyvodyashch","https://firebasestorage.googleapis.com/v0/b/travnik-5cc55.firebasestorage.app/o/products%2Fnapitok-chainyi-pechen-zdorovaya-pri-zabolevaniyakh-pecheni-i-zhelchevyvodyashch.jpg?alt=media&token=27ae288b-dcdc-4622-90a3-712501935376","https://www.flip.kz/catalog?prod=2997015","Расторопши плоды, барбариса корни;  дягиля корневища; володушки, горца почечуйного, гречихи, душицы, дурнишника, дымянки, зверобоя, крапивы, мяты, первоцвета, полыни Божье дерево, полыни горькой, репешка, синеголовника, таволги, тысячелистника, татарника, цикория, чабреца, чистотела трава; березы листья; ивы, осины кора; пижмы цветки; ели хвоя; чага.","2-3 фильтр-пакета залить 0,2-0,3 л кипятка, настоять 1 час при комнатной температуре, отжать. Принимать по 1/3 от полученного объема 3 раза в день за 10-15 минут до еды . Минимальный курс приема — 3-4 недели. При хроническом течении болезни целесообразны повторные курсы.","Рекомендован при заболеваниях печени и желчного пузыря различной этиологии (гепатиты — острые и хронические, холециститы, холангиты, циррозы, рак печени) . Хорошее защитное и реабилитационное (гепатопротекторное) средство для печени при массивном медикаментозном лечении и интоксикациях различной этиологии . Улучшается желчевыделение, осуществляется спазмолитическое, антиаллергическое и противовоспалительное действие, ускоряется выведение из организма различных токсинов и желчных пигментов ."
"p089","Мази и кремы","Мазь для суставов и костей «Живокость»","60 г","2402",,,"Россия","24 месяца","4690324019770","","13","False","maz-dlya-sustavov-i-kostei-zhivokost","https://firebasestorage.googleapis.com/v0/b/travnik-5cc55.firebasestorage.app/o/products%2Fmaz-dlya-sustavov-i-kostei-zhivokost.jpg?alt=media&token=07b1ac23-585d-48bf-8012-282ae3ede2b6","https://www.flip.kz/catalog?prod=2997027","Вода; эмульсионный воск; растительное масло; экстракт корневищ окопника, норичника; трав донника, живокости, зюзника, чернокорня; ланолин, гермабен II.","2-3 раза в сутки мазь наносится на пораженную область.","Снимает воспаление в суставах (артриты и др) в том числе и аутоиммунного генеза, стимулирует костеобразование за счет накопления Са²⁺ (после переломов ускоряет образование костной мозоли), улучшает питание суставов за счет стимуляции капиллярообразования, разжижает кровь, способствует регенерации тканей ."
"p090","Монастырские сборы","Сбор монастырский кожный №7","104 г","1909",,,"Россия","24 месяца","4690324019923","","16","False","sbor-monastyrskii-kozhnyi-7","https://firebasestorage.googleapis.com/v0/b/travnik-5cc55.firebasestorage.app/o/products%2Fsbor-monastyrskii-kozhnyi-7.jpg?alt=media&token=4a8d685c-3616-4c39-bf29-2fcf8560768e","https://www.flip.kz/catalog?prod=2997033","Березы, подорожника, шалфея листья; бессмертника цветки; зюзника, иссопа, крапивы, таволги, тысячелистника, фиалки, чернобыльника, череды, чистотела трава; лопуха, одуванчика, пырея корневища.","1-3 ст. л. сбора залить 0,25-0,4 л кипятка, настоять 1 час, процедить. Принимать по 1/3 от полученного объема 3 раза в день за 10-15 минут до еды .","Рекомендуется при дерматитах, угревой сыпи (акне) и при других заболеваниях кожи, а также лимфы и крови . Нормализует баланс гормонов, обмен веществ, улучшает состояние лимфы, крови и кожи ."
"p091","Монастырские сборы","Сбор монастырский при панкреатите и сахарном диабете №5","104 г","1909",,,"Россия","24 месяца","4690324019947","","34","False","sbor-monastyrskii-pri-pankreatite-i-sakharnom-diabete-5","https://firebasestorage.googleapis.com/v0/b/travnik-5cc55.firebasestorage.app/o/products%2Fsbor-monastyrskii-pri-pankreatite-i-sakharnom-diabete-5.jpg?alt=media&token=2d1a4616-d49b-4292-93af-7da39eb55488","https://www.flip.kz/catalog?prod=2997047","Березы, брусники, грецкого ореха, мяты, подорожника, шалфея листья; бузины, календулы цветки; буквицы, галеги, горца, донника, зверобоя, клевера, клубники, крапивы, репешка, топинамбура, тысячелистника, хвоща, цикория трава; девясила, лопуха, одуванчика, пырея, солодки, шиповника корневища; смородины почки; фасоли створки; черники побеги.","1-3 ст. л. сбора залить 0,25-0,4 л кипятка, настоять 1 час, процедить. Принимать по 1/3 от полученного объема 3 раза в день за 10-15 минут до еды .","Используется как дополнительный метод оздоровления при острых и хронических воспалительных процессах в поджелудочной железе и в органах холецистобилиарной зоны, при сахарном диабете, для улучшения пищеварения . Способствует усилению ферментативной активности поджелудочной железы и ЖКТ в целом ."
"p092","Фильтр-пакеты","Напиток чайный «Женщина здоровая» при воспалениях, герпесе, эрозии","20 шт.","987",,"фильтр-пакеты","Россия","24 месяца","4690324010289","","14","False","napitok-chainyi-zhenshchina-zdorovaya-pri-vospaleniyakh-gerpese-erozii","https://firebasestorage.googleapis.com/v0/b/travnik-5cc55.firebasestorage.app/o/products%2Fnapitok-chainyi-zhenshchina-zdorovaya-pri-vospaleniyakh-gerpese-erozii.jpg?alt=media&token=4be5614d-d8db-4854-922d-ba4b77a2379a","https://www.flip.kz/catalog?prod=2997053","Боровой матки, горца, гречихи, дербенника, дурнишника, душицы, зюзника, первоцвета, синеголовника, синяка, таволги, тысячелистника, чистотела, чернобыльника, чертополоха, эхинацеи трава; ели, пихты хвоя; ивы кора.","2-3 фильтр-пакета залить 0,2 л воды, нагретой до 80 градусов, настоять 30 минут при комнатной температуре, отжать. Принимать по 1/3 стакана 3 раза в день за 10-15 минут до еды . Минимальный курс приема: в течение 2 менструальных циклов. При необходимости курс можно повторять 3-4 раза в год .","Рекомендован при эрозии шейки матки, вульвовагините, кольпите, оофорите, цистите, аднексите, хроническом герпесе . При регулярном употреблении восстанавливает нормальную микрофлору влагалища, способствует рубцеванию эрозий и микротрещин, обладает противовоспалительным, кровоостанавливающим и иммуностимулирующим действием . Восстанавливает слизистую влагалища, способствует нормальной интимной жизни женщины."
"p093","Фильтр-пакеты","Напиток чайный «Холестерин-норма»","20 шт.","905",,"фильтр-пакеты","Россия","24 месяца","4690324010357","","102","False","napitok-chainyi-kholesterin-norma","https://firebasestorage.googleapis.com/v0/b/travnik-5cc55.firebasestorage.app/o/products%2Fnapitok-chainyi-kholesterin-norma.jpg?alt=media&token=908c5333-e735-42d4-a874-0180c26fd8ee","https://www.flip.kz/catalog?prod=2997072","Чернобыльника, ярутки, сурепки, гречихи, дрока, дурнишника, золотарника, люцерны, шалфея трава; ели хвоя; березы и ольхи сережки; березы листья.","1-2 фильтр-пакета залить 0,2-0,3 л кипятка, настоять 1 час при комнатной температуре. Принимать по 1/3 от полученного объема за 15 минут до еды . Минимальный курс приема: 5-6 месяцев. Целесообразны повторные курсы с перерывами в 1-2 недели. В это время пить напитки чайные «Омоложение» и «Кровь без тромбов» .","Ярко выраженное гипохолестериновое действие . Стимулирует липидный обмен, воздействуя на биосинтез гормонов коры надпочечников, что приводит к утилизации холестерина и общему омоложению организма мужчин и женщин . В качестве средства, ускоряющего обменные процессы, повышающего общую энергетику, жизненный тонус и понижения уровня холестерина, в первую очередь ЛПНП (липопротеидов низкой плотности) ."
"p094","Фильтр-пакеты","Напиток чайный «ПМС-стоп» при предменструальном синдроме","20 шт.","987",,"фильтр-пакеты","Россия","24 месяца","4690324010586","","3","False","napitok-chainyi-pms-stop-pri-predmenstrualnom-sindrome","https://firebasestorage.googleapis.com/v0/b/travnik-5cc55.firebasestorage.app/o/products%2Fnapitok-chainyi-pms-stop-pri-predmenstrualnom-sindrome.jpg?alt=media&token=9a9e8a45-1641-462e-9d6b-5146b3d00f06","https://www.flip.kz/catalog?prod=2997089","Василька, василистника, дурнишника, зюзника, золотарника, лапчатки, синеголовника, смолевки, тысячелистника, шалфея, яснотки трава; березы листья; аронии плоды; калины кора; ели хвоя.","2-3 фильтр-пакета залить 200 мл кипятка, настоять 30 минут при комнатной температуре, отжать. Принимать по 1/3 стакана 3 раза в день за 10-15 минут до еды . Минимальный курс приема: обычно курс от 5 до 9 циклов. Во время менструации принимать напитки чайные «Гемастоп» или «Матка здоровая» .","Напиток чайный рекомендован при предменструальном синдроме с характерным симптомокомплексом: раздражительностью, плаксивостью, агрессией, головной болью, болезненном набухании молочных желез и другими ."
"p095","Мази и кремы","Мазь при варикозе «Сосуды эластичные»","60 г","2517",,,"Россия","24 месяца","4690324019633","","11","False","maz-pri-varikoze-sosudy-elastichnye","https://firebasestorage.googleapis.com/v0/b/travnik-5cc55.firebasestorage.app/o/products%2Fmaz-pri-varikoze-sosudy-elastichnye.jpg?alt=media&token=2b0be217-2f0d-4653-ba26-009e48239899","https://www.flip.kz/catalog?prod=2997114","Вода; эмульсионный воск; растительное масло; ланолин; экстракт плодов конского каштана, софоры японской, побегов багульника; трав водяного перца, сушеницы топяной, хвоща полевого; цветков таволги; гермабен II.","2-3 раза в сутки мазь массажными движениями втирать в проблемные участки тела, желательно укутать их шерстяной тканью . Продолжительность применения: от 2-3 месяцев до полугода. При необходимости курс повторить .","Мазь содержит мало мышечных элементов и почти не способны изменять просвет и тонус. Сосуды мышечного типа (мелкие артерии, артериолы и венулы, пре — и посткапиллярные сфинктеры) содержат выраженную мышечную оболочку и способны активно изменять тонус и диаметр просвета . При варикозном расширении вен. При регулярном использовании укрепляет сосуды, уменьшает отечность ног, снимает усталость, восстанавливает тонус, вызывает ощущение легкости и комфорта ."
"p096","Фильтр-пакеты","Напиток чайный «Почки здоровые» при почечной патологии","20 шт.","987",,"фильтр-пакеты","Россия","24 месяца","4690324010593","","71","False","napitok-chainyi-pochki-zdorovye-pri-pochechnoi-patologii","https://firebasestorage.googleapis.com/v0/b/travnik-5cc55.firebasestorage.app/o/products%2Fnapitok-chainyi-pochki-zdorovye-pri-pochechnoi-patologii.jpg?alt=media&token=30eec2e7-80cf-4b40-aa70-15ad10606e13","https://www.flip.kz/catalog?prod=2997118","Брусники, лопуха, толокнянки листья; горцев почечуйного и птичьего, дербенника, дурнишника, золотарника, иван-чая, крапивы, мяты, нардосмии, первоцвета, полыни Божье дерево, таволги, тысячелистника трава; гречихи цветущие верхущки; ели, пихты хвоя; льна семена; можжевельника плоды; окопника корневища; тополя почки; ивы, осины кора.","1-2 фильтр-пакета залить 0,2 л кипятка, настоять 1 час при комнатной температуре, отжать. Принимать по 1/3 от полученного объема 3 раза в день за 10-15 минут до еды . Минимальный курс приема: от 2-3 месяцев до полугода. При повторных курсах делать перерывы в 1 месяц.","Применяется при острых и хронических заболеваниях почек и мочевого пузыря, а также отеках почечного происхождения . Обладает выраженным противовоспалительным, уросептическим, мочегонным и обезболивающим действием ."
"p097","Монастырские сборы","Сбор монастырский желудочный №3","104 г","1909",,,"Россия","24 месяца","4690324019954","","10","False","sbor-monastyrskii-zheludochnyi-3","https://firebasestorage.googleapis.com/v0/b/travnik-5cc55.firebasestorage.app/o/products%2Fsbor-monastyrskii-zheludochnyi-3.jpg?alt=media&token=df8593df-dc64-4056-bb06-762bfcbba8de","https://www.flip.kz/catalog?prod=2997125","Березы, мяты, подорожника листья; буквицы, вероники, горца, донника, душицы, зверобоя, лапчатки, пустырника, репешка, сушеницы, тысячелистника, цикория, чабреца, череды, чернобыльника, чистотела трава; дягиля, лопуха, окопника корневища; ромашка цветки; черники побеги.","1-3 ст. л. сбора залить 0,25-0,4 л кипятка, настоять 1 час, процедить. Принимать по 1/3 от полученного объема 3 раза в день за 10-15 минут до еды .","Применяется как дополнительный метод оздоровления при любых болезнях желудка и кишечника . Способствует восстановлению этих органов и устранению жалоб. Улучшает пищеварение, очищает организм от шлаков . Обладает общеукрепляющим действием."
"p098","Монастырские сборы","Сбор монастырский желчегонный №4","104 г","1909",,,"Россия","24 месяца","4690324019961","","27","False","sbor-monastyrskii-zhelchegonnyi-4","https://firebasestorage.googleapis.com/v0/b/travnik-5cc55.firebasestorage.app/o/products%2Fsbor-monastyrskii-zhelchegonnyi-4.jpg?alt=media&token=4162b263-5351-43d9-b7a9-a0c86324c162","https://www.flip.kz/catalog?prod=2997142","Березы, подорожника листья; бессмертника, календулы, ромашки цветки; буквицы, донника, дымянки, зверобоя, золотарника, иван-чая, клубники, крапивы, пастушьей сумки, пижмы, репешка, тысячелистника, фиалки, хвоща, цикория, череды, чистотела трава; лопуха, одуванчика, пырея корневища; кукурузные столбики с рыльцами.","1-3 ст. л. сбора залить 0,25-0,4 л кипятка, настоять 1 час, процедить. Принимать по 1/3 от полученного объема 3 раза в день за 10-15 минут до еды .","Способствует увеличению желчевыделения, восстановлению тонуса желчного пузыря . Ускоряется выведение из организма различных токсинов и желчных пигментов ."
"p099","Монастырские сборы","Сбор монастырский сердечно-сосудистый №1","104 г","1909",,,"Россия","24 месяца","4690324019978","","19","False","sbor-monastyrskii-serdechno-sosudistyi-1","https://firebasestorage.googleapis.com/v0/b/travnik-5cc55.firebasestorage.app/o/products%2Fsbor-monastyrskii-serdechno-sosudistyi-1.jpg?alt=media&token=a878aabb-8f7e-4122-a5a8-bc2d98268d59","https://www.flip.kz/catalog?prod=2997160","Адониса, василистника, вероники, горца, донника, душицы, зверобоя, змееголовника, клевера, люцерны, мелиссы, мяты, пустырника, синеголовника, таволги, чернобыльника трава; березы, ландыша листья; бессмертника, гречихи, липы, календулы цветки; кукурузные столбики с рыльцами; боярышника, укропа плоды; хмеля соплодия.","1-3 ст. л. сбора залить 0,25-0,4 л кипятка, настоять 1 час, процедить. Принимать по 1/3 от полученного объема 3 раза в день за 10-15 минут до еды .","Рекомендуется при давящих (сжимающих) болях в области сердца, при повышении или понижении артериального давления вследствие сердечной недостаточности, отечности, тревожности, повышенной утомляемости . Укрепляет сердце и сосуды. Улучшает качество крови . Как дополнительный метод оздоровления при сердечной недостаточности."
"p100","Фильтр-пакеты","Напиток чайный при простудах и раке легких «Бактериям — стоп»","20 шт.","987",,"фильтр-пакеты","Россия","24 месяца","4690324010647","","17","False","napitok-chainyi-pri-prostudakh-i-rake-legkikh-bakteriyam-stop","https://firebasestorage.googleapis.com/v0/b/travnik-5cc55.firebasestorage.app/o/products%2Fnapitok-chainyi-pri-prostudakh-i-rake-legkikh-bakteriyam-stop.jpg?alt=media&token=ad40129e-c47b-40db-ac67-b2b474cb8ae3","https://www.flip.kz/catalog?prod=2997161","Березы, тополя почки; медуницы, володушки, горца, гречихи, дербенника, дурнишника, зверобоя, золотарника, зюзника, люцерны, первоцвета, полыни Божье дерево, ряски, синеголовника, таволги, тысячелистника, чабреца, чистотела, эхинацеи трава; берёзы листья; ели, сосны, пихты хвоя; льна семена; можжевельника плоды; пижмы цветки; ивы, осины кора.","1-2 фильтр-пакета залить 0,2 л кипятка, настоять 1 час при комнатной температуре, отжать. Принимать по 1/3 от полученного объема 3 раза в день за 10-15 минут до еды . Минимальный курс приема зависит от тяжести заболевания и может продлиться от полугода до нескольких лет. Через каждый месяц фитотерапии рекомендуется делать перерыв в 7-10 дней.","Рекомендован при всех хронических заболеваниях бактериальной и микробной этиологии, в том числе органов дыхания — хроническом обструктивном бронхите, хронической пневмонии, бронхоэктатической болезни, туберкулезе, саркоидозе легких . Можно применять при раке легкого и при метастазах в легких. Как средство, улучшающее газообмен в легких ."
"p101","Монастырские сборы","Сбор монастырский легочный №2","104 г","1909",,,"Россия","24 месяца","4690324019985","","16","False","sbor-monastyrskii-legochnyi-2","https://firebasestorage.googleapis.com/v0/b/travnik-5cc55.firebasestorage.app/o/products%2Fsbor-monastyrskii-legochnyi-2.jpg?alt=media&token=5c0ed49f-0c72-4275-9880-f96de8b61523","https://www.flip.kz/catalog?prod=2997171","Багульника побеги; березы, малины, мать-и-мачехи, смородины, шалфея листья; адониса, буквицы, василистника, горца, донника, душицы, зверобоя, клевера, крапивы, медуницы, хвоща, чабреца, чины, ярутки трава; девясила, лопуха, солодки корневища; липы цветки; сосны почки.","1-3 ст. л. сбора залить 0,25-0,4 л кипятка, настоять 1 час, процедить. Принимать по 1/3 от полученного объема 3 раза в день за 10-15 минут до еды .","Рекомендуется как дополнительный метод оздоровления при частых бронхитах, пневмониях и при других заболеваниях легких . Улучшает состояние легких и бронхов, способствует насыщению крови кислородом, укрепляет сердце, тонизирует и усиливает все системы организма ."
"p102","Травы","Хмеля соплодия","25 г","626",,,"Россия","24 месяца","4610002419326","","19","False","khmelya-soplodiya","https://firebasestorage.googleapis.com/v0/b/travnik-5cc55.firebasestorage.app/o/products%2Fkhmelya-soplodiya.jpg?alt=media&token=962be713-88a6-4684-88b6-ce3915b72d2c","https://www.flip.kz/catalog?prod=3021220",,"1-2 ст. л. сырья залить 0,2-0,3 л кипятка, настоять 1 час при комнатной температуре. Принимать по 1/3 от полученного объема 3 раза в день, каждую порцию процеживая через ситечко .","Применяются при неврозах, бессоннице, истерии, климаксе, нейроциркуляторной дистонии по гипертоническому типу ; при циститах, уретритах, заболеваниях кожи и слизистых оболочек; как успокаивающее, болеутоляющее, противовоспалительное, спазмолитическое, бактерицидное, антиаллергическое средство."
"p103","Травы","Чабреца трава","50 г","675",,,"Россия","24 месяца","4610002419364","","38","False","chabretsa-trava","https://firebasestorage.googleapis.com/v0/b/travnik-5cc55.firebasestorage.app/o/products%2Fchabretsa-trava.jpg?alt=media&token=78c882bb-026b-4e54-ad25-4595fe87e44d","https://www.flip.kz/catalog?prod=3021244",,"1-2 ст. л. травы залить 0,2-0,3 л кипятка, настоять 1 час при комнатной температуре. Принимать по 1/3 от полученного объема 3 раза в день, каждую порцию процеживая через ситечко .","Применяется в качестве противомикробного, отхаркивающего, успокаивающего, анальгетического средства; при заболеваниях верхних дыхательных путей и легких, неврозах."
"p104","Травы","Череды трехраздельной трава","50 г","807",,,"Россия","24 месяца","4610002419425","","49","False","cheredy-trekhrazdelnoi-trava","https://firebasestorage.googleapis.com/v0/b/travnik-5cc55.firebasestorage.app/o/products%2Fcheredy-trekhrazdelnoi-trava.jpg?alt=media&token=65d5aa54-5c7b-41da-909a-697ca99c75e6","https://www.flip.kz/catalog?prod=3021262",,"1-2 ст. л. травы залить 0,2-0,3 л кипятка, настоять 1 час ⏳ при комнатной температуре. Принимать по 1/3 от полученного объема 3 раза в день, каждую порцию процеживая через ситечко .","Череды трехраздельной трава  Травяной сбор череды отличается множеством лечебных свойств. Комплекс активных растительных соединений череды обладает противовоспалительным, бактерицидным, заживляющим, жаропонижающим, потогонным, желчегонным, противоаллергическим, успокаивающим действиями ."
"p105","Травы","Чернобыльника трава","50 г","724",,,"Россия","24 месяца","4610002419456","","16","False","chernobylnika-trava","https://firebasestorage.googleapis.com/v0/b/travnik-5cc55.firebasestorage.app/o/products%2Fchernobylnika-trava.jpg?alt=media&token=6afd736f-6b8e-4cd2-8859-96e983f40421","https://www.flip.kz/catalog?prod=3021275",,"2 ч. л. травы залить 0,2 л кипятка, настоять 1 час ⏳ при комнатной температуре. Принимать в течение дня небольшими глотками, каждую порцию процеживая через ситечко; для обработки полостей тела (полоскания, спринцевания, микроклизмы) .","Чернобыльника трава  Чернобыльник хорошо стимулирует работу печени, является неплохим слабительным и глистогонным средством . Чернобыльник благоприятно влияет на нервную систему человека, успокаивает и тонизирует . Также растение способствует скорейшему выздоровлению при простудных заболеваниях, быстрому заживлению порезов и ран ."
"p106","Травы","Чины луговой трава","50 г","1004",,,"Россия","24 месяца","4610002419548","","0","False","chiny-lugovoi-trava","https://firebasestorage.googleapis.com/v0/b/travnik-5cc55.firebasestorage.app/o/products%2Fchiny-lugovoi-trava.jpg?alt=media&token=09f3ea2b-dcf3-490b-9b38-c3b9a01492c6","https://www.flip.kz/catalog?prod=3021291",,"1-2 ст. л. травы залить 0,2-0,3 л кипятка, настоять 1 час ⏳ при комнатной температуре. Принимать по 1/3 от полученного объема 3 раза в день, каждую порцию процеживая через ситечко .","Чины луговой трава  Применяется при заболеваниях путей дыхательной системы; в качестве успокаивающего рецепторы и снимающего спазмы средства (кашель нервный, рефлекторный, астма) ‍."
"p107","Травы","Чистотела трава","50 г","938",,,"Россия","24 месяца","4610002419609","","135","False","chistotela-trava","https://firebasestorage.googleapis.com/v0/b/travnik-5cc55.firebasestorage.app/o/products%2Fchistotela-trava.png?alt=media&token=b7aea2dd-1db6-4ec9-a59f-156048bb4c39","https://www.flip.kz/catalog?prod=3021312",,"1-2 ст. л. сырья залить 0,2-0,3 л кипятка, настоять 1 час ⏳ при комнатной температуре. Травяной сбор принимать по 1/3 от полученного объема 3 раза в день, каждую порцию процеживая через ситечко .","Чистотела трава  Чистотела трава предназначена при заболеваниях печени, желчного пузыря, желчнокаменной болезни. Травяной сбор Чистотел эффективен также при различных кожных болезнях, сыпи, угрях, бородавках, папилломах , заживляет раны, язвы. Чистотела трава изгоняет паразитов из организма . Травяной сбор чистотела трава советуют употреблять при нарушениях работы пищеварительной системы, при язвенной болезни желудка. Чистотел обладает желчегонным, мочегонным, противоопухолевым, противовирусным, противомикробным, болеутоляющим, спазмолитическим эффектами ."
"p108","Травы","Шалфея трава","50 г","741",,,"Россия","24 месяца","4610002419630","","34","False","shalfeya-trava","https://firebasestorage.googleapis.com/v0/b/travnik-5cc55.firebasestorage.app/o/products%2Fshalfeya-trava.jpg?alt=media&token=179427ff-a75d-4cec-b719-03ba96953143","https://www.flip.kz/catalog?prod=3021336",,"1-2 ст. л. сырья залить 0,2-0,3 л кипятка, настоять 1 час ⏳ при комнатной температуре. Принимать по 1/3 от полученного объема 3 раза в день, каждую порцию процеживая через ситечко .","Шалфея трава  Напиток из травяного сбора Шалфей, рекомендуется в сезон простудных и вирусных заболеваний как профилактическое средство и при комплексном лечении простудных заболеваний . Шалфей оказывает укрепляющее действие на центральную нервную систему, снижает содержание сахара в крови , улучшает пищеварение."
"p109","Травы","Шиповника корни","100 г","1514",,,"Россия","24 месяца","4610002419685","","37","False","shipovnika-korni","https://firebasestorage.googleapis.com/v0/b/travnik-5cc55.firebasestorage.app/o/products%2Fshipovnika-korni.jpg?alt=media&token=9caf5f69-c7a8-467c-ab53-5170333425ae","https://www.flip.kz/catalog?prod=3021352",,"1-2 ст. л. сырья залить 0,2-0,3 л воды, довести до кипения, потомить 3-4 мин , настоять до остывания, процедить. Принимать по 1/3 от полученного объема 3 раза в день до еды .","Шиповника корни  Из корней шиповника готовят отвары, помогающие при моче- и желчекаменной болезнях, желтухах, атеросклерозе . Наружно их можно применять при трофических язвах, в виде полосканий при бронхите и примочек при суставных болях . Плоды шиповника заваривают как витаминное средство, а также против цинги, анемии. Применяются: при желчнокаменных, мочекаменных заболеваниях; заболеваниях, связанных с нарушением минерального обмена в организме, подагре, остеохондрозе."
"p110","Разное","Шиповника плоды","100 г","1251",,,"Россия","24 месяца","4610002419708","","20","False","shipovnika-plody","https://firebasestorage.googleapis.com/v0/b/travnik-5cc55.firebasestorage.app/o/products%2Fshipovnika-plody.jpg?alt=media&token=ef2997e9-e469-4b31-bd57-5744a7665d13","https://www.flip.kz/catalog?prod=3021357",,"1-2 ст. л. плодов залить 0,2-0,3 л подогретой до 70°С воды, в термосе настоять ночь , процедить. Принимать по 1/2 от полученного объема 3-4 раза в день .","Шиповника плоды  Применяются при гипо- и авитаминозе, снижении иммунитета, инфекционных заболеваниях, малокровии, болезнях печени, почек, как поливитаминное, общеукрепляющее, желчегонное, мочегонное, сосудоукрепляющее средство . Стимулируют и улучшают зрение ."
"p111","Травы","Элеутерококка корни","50 г","807",,,"Россия","24 месяца","4610002419753","","21","False","eleuterokokka-korni","https://firebasestorage.googleapis.com/v0/b/travnik-5cc55.firebasestorage.app/o/products%2Feleuterokokka-korni.jpg?alt=media&token=a66b12d0-bdf1-4eb3-b229-b0d0b000ee17","https://www.flip.kz/catalog?prod=3021363",,,"Элеутерококка корни  Применяются при физическом и умственном переутомлении, после перенесенных травм и инфекций, общей слабости организма, в пред- и послеоперационные периоды для восстановительной терапии, при артериальной гипотонии, неврозах, неврастениях, алкоголизме; для улучшения слуха и зрения . При атеросклерозе для снижения холестерина в сыворотке крови; как адаптогенное средство, обладающее общеукрепляющим, тонизирующим, гипотензивным действием. Способ приготовления и применения: 1-2 ст.л. сырья залить 0,2-0,3 л воды, довести до кипения, потомить 3-4 мин , настоять до остывания, процедить. Принимать по 1/3 от полученного объема 3 раза в день до еды ."
"p112","Травы","Эхинацеи пурпурной трава","50 г","856",,,"Россия","24 месяца","4610002419814","","20","False","ekhinatsei-purpurnoi-trava","https://firebasestorage.googleapis.com/v0/b/travnik-5cc55.firebasestorage.app/o/products%2Fekhinatsei-purpurnoi-trava.jpg?alt=media&token=a634413a-f935-4f66-841e-9cac55abfc88","https://www.flip.kz/catalog?prod=3021368",,"1-2 ст. л. травы залить 0,2-0,3 л кипятка, настоять 1 час ⏳ при комнатной температуре. Принимать по 1/3 от полученного объема 3 раза в день, каждую порцию процеживая через ситечко .","Эхинацеи пурпурной трава  Применяется как иммуномодулирующее, противовирусное, антибактериальное, антиоксидантное, противовоспалительное средство : для профилактики и при респираторно — вирусных инфекциях, гриппе, воспалительных заболеваниях верхних дыхательных путей, почек, в гинекологии, при простатитах, ревматизме, артритах. Признанный адаптоген с антидепрессивной активностью ."
"p113","Травяные сборы 100 г","Сбор травяной «Грудь здоровая»","100 г","2057",,,"Россия","24 месяца","4690324018810","","18","False","sbor-travyanoi-grud-zdorovaya","https://firebasestorage.googleapis.com/v0/b/travnik-5cc55.firebasestorage.app/o/products%2Fsbor-travyanoi-grud-zdorovaya.jpg?alt=media&token=7e5ae104-d081-4528-84fa-b462be3ff9e5","https://www.flip.kz/catalog?prod=3021402","Аронии плоды; березы листья; гречихи, горца, дербенника, золотарника, зюзника, иссопа, клевера, первоцвета, таволги, тысячелистника, шалфея лекарственного, шикши трава; ивы кора; календулы цветки; ламинарии слоевища; хмеля шишки.","1-2 ст. л. сырья залить 0,2-0,3 л кипятка, настоять 1 час ⏳ при комнатной температуре. Принимать по 1/3 от полученного объема 3 раза в день, каждую порцию процеживая через ситечко . Минимальный курс приема: 2-3 месяца. При необходимости возможны повторные курсы (3-4 раза в год) с перерывами между ними в 1-2 месяца с приемом в это время напитка «Омоложение» в постменопаузе или напитков чайных «Женщина-красавица» и «ПМС-стоп» в детородном периоде.","Сбор травяной «Грудь здоровая»  Применяется при мастопатиях, маститах, болезненности, набухании или нагрубании молочных желез, для нормализации гормонального баланса; в качестве противоопухолевого, рассасывающего, спазмолитического и обезболивающего средства."
"p114","Травяные сборы 100 г","Сбор травяной «Почки без камней и песка»","100 г","2057",,,"Россия","24 месяца","4690324018827","","22","False","sbor-travyanoi-pochki-bez-kamnei-i-peska","https://firebasestorage.googleapis.com/v0/b/travnik-5cc55.firebasestorage.app/o/products%2Fsbor-travyanoi-pochki-bez-kamnei-i-peska.jpg?alt=media&token=75325800-d9bf-47d5-ae36-66bc12ae3d94","https://www.flip.kz/catalog?prod=3021408","Березы листья; горца птичьего, горца почечуйного, бедренца-камнеломки, дербенника, дурнишника, золотарника, овса, первоцвета, чернобыльника трава; ели хвоя; ивы кора; гречихи цветущие верхушки; подсолнечника, сабельника, шиповника корневища с корнями.","1-2 ст.л. сырья залить 0,2-0,3 л кипятка, настоять 1 час ⏳ при комнатной температуре. Принимать по 1/3 от полученного объема 3 раза в день, каждую порцию процеживая через ситечко . Минимальный курс приема: от 2-3 месяцев до года и более. Желательно после каждого месяца оздоровления делать перерыв в 7-10 дней.","Сбор травяной «Почки без камней и песка»  Рекомендован при мочекаменной болезни, при камнях в почках и других органах, в первую очередь, мочевыделительной системы и прочих заболеваниях, при которых нарушен обмен веществ, что приводит к образованию солей. Эффективен при камнях различного химического строения — уратах, фосфатах, лактатах, оксалатах. Обладает солерастворяющим, солевыводящим, противовоспалительным, улучшающим работу почек, мочегонным действием ."
"p115","Травяные сборы 100 г","Сбор травяной «Эндометриозу-стоп»","100 г","2057",,,"Россия","24 месяца","4690324018858","","14","False","sbor-travyanoi-endometriozu-stop","https://firebasestorage.googleapis.com/v0/b/travnik-5cc55.firebasestorage.app/o/products%2Fsbor-travyanoi-endometriozu-stop.jpg?alt=media&token=177ebcd7-dd9b-40ea-af5b-139f7e9c401a","https://www.flip.kz/catalog?prod=3021411","Аронии, рябины плоды; володушки золотистой, гречихи, дербенника, золотарника, мяты, первоцвета, синеголовника, таволги, татарника, чабреца трава; ели хвоя; ивы, осины кора; малины листья; чага.","1-2 ст.л. сырья залить 0,2-0,3 л кипятка, настоять 1 час ⏳ при комнатной температуре. Принимать по 1/3 от полученного объема 3 раза в день, каждую порцию процеживая через ситечко . Курс приема может быть очень долгий (при запущенных случаях) от 4 до 7 лет с заметными ежемесячными улучшениями . Минимальный курс приема: прекращать пить во время менструации. Минимальный курс приема: до 1 года и более. Во время менструации пить напиток чайный «Матка здоровая» или «Гемастоп», особенно при обильных менструациях.","Сбор травяной «Эндометриозу-стоп»  Рекомендован при эндометриозе различной локализации с клиническими проявлениями (кровянистые выделения из влагалища вне цикла, режущие, жгучие боли (не тянущие вниз) внизу живота, повышенная нервозность и т. п.). При регулярном и длительном применении напитка эндометриозные образования исчезают."
"p116","Травяные сборы 100 г","Сбор травяной «Ангине и ларингиту — стоп»","100 г","2057",,,"Россия","24 месяца","4690324018865","","11","False","sbor-travyanoi-angine-i-laringitu-stop","https://firebasestorage.googleapis.com/v0/b/travnik-5cc55.firebasestorage.app/o/products%2Fsbor-travyanoi-angine-i-laringitu-stop.jpg?alt=media&token=7982ee29-4d32-4752-a5e4-9020a41f16b5","https://www.flip.kz/catalog?prod=3021421","Гречихи, дербенника, душицы, зверобоя, зопника, зюзника, мяты, первоцвета, пустырника, репешка, таволги, тысячелистника, чабреца, шалфея лекарственного трава; ели, сосны хвоя; ивы, тополя кора; малины, мать-и-мачехи листья; ромашки цветки; аира болотного корень.","1-2 ст. л. сырья залить 0,2-0,3 л кипятка, настоять 1 час ⏳ при комнатной температуре. Принимать по 1/3 от полученного объема 3 раза в день, каждую порцию процеживая через ситечко . Для полосканий 4-5 раз в день по 3 минуты. Минимальный курс приема: зависит от тяжести и длительности заболевания и может продлиться от 10 дней до 2 и более месяцев.","Сбор травяной «Ангине и ларингиту — стоп»  Рекомендован при воспалительных заболеваниях носоглотки (ангина, ларингит, синусит) у детей и взрослых. Обладает антимикробным, отхаркивающим и жаропонижающим действием ."
"p117","Травяные сборы 100 г","Сбор травяной «Вирусам-стоп семейный»","100 г","2057",,,"Россия","24 месяца","4690324018889","","17","False","sbor-travyanoi-virusam-stop-semeinyi","https://firebasestorage.googleapis.com/v0/b/travnik-5cc55.firebasestorage.app/o/products%2Fsbor-travyanoi-virusam-stop-semeinyi.jpg?alt=media&token=e81772e0-6507-4ef0-93d8-4818968c920f","https://www.flip.kz/catalog?prod=3021425","Березы почки; березы, лопуха, смородины листья; гречихи, душицы, иссопа, зверобоя, золотарника, зюзника, медуницы, мяты, первоцвета, синеголовника, таволги, тысячелистника, чабреца трава; пихты, ели хвоя; ивы, осины кора; рябины плоды; чага.","1-2 ст.л. сырья залить 0,2-0,3 л кипятка, настоять 1 час ⏳ при комнатной температуре. Принимать по 1/3 от полученного объема 3 раза в день, каждую порцию процеживая через ситечко . Минимальный курс приема: от 2-3 дней и более. Затем заменяется или совмещается с напитком чайным «Иммунитет сильный».","Сбор травяной «Вирусам-стоп семейный»  Высокоэффективное средство для профилактики и при проявлениях гриппа или ОРВИ в любом возрасте; способствует быстрому выздоровлению и убирает риск осложнений. Укрепляет противовирусный и антимикробный иммунитет . Эффективность чайного напитка максимальна при профилактическом приеме и применении на ранних стадиях заболевания."
"p118","Травяные сборы 100 г","Сбор травяной «Сон-3»","100 г","2057",,,"Россия","24 месяца","4690324018926","","16","False","sbor-travyanoi-son-3","https://firebasestorage.googleapis.com/v0/b/travnik-5cc55.firebasestorage.app/o/products%2Fsbor-travyanoi-son-3.jpg?alt=media&token=7b7f81bc-0c0c-4a72-9f02-a4859ec242dc","https://www.flip.kz/catalog?prod=3021430","Аронии плоды; березы листья; дербенника, душицы, зверобоя, зюзника, иссопа, люцерны, первоцвета, синеголовника, таволги, татарника, чабреца, шикши трава; гречихи цветущие верхушки; ели, сосны хвоя; чага.","1-2 ст. л. сырья залить 0,2-0,3 л сырой воды подогретой до 60°С, настоять 1 час ⏳. Принимать по 1/3 от полученного объема 3 раза в день до еды, каждую порцию процеживая через ситечко . Выпить непосредственно перед сном. Употребление свежеприготовленного настоя днем избавляет от тревожности и агрессии. Чередовать с напитками чайными «Не боюсь» и «Нервы в норме». Минимальный курс приема: все время, когда сон на правом боку. Важно выполнение рекомендаций по организации сна.","Сбор травяной «Сон-3»  Травы, входящие в напитка чайного, рекомендованы для тех, кто не может уснуть из-за тревожных мыслей или страха «что произойдет?». Спящих преимущественно на правом боку, склонных к депрессии или агрессии; с варикозным расширением вен, более выраженным на левой ноге, камнях в желчном пузыре и/или в правой почке, сочетающихся с ее опущением ."
"p119","Травяные сборы 100 г","Сбор травяной «Щитовидная железа здоровая»","100 г","1909",,,"Россия","24 месяца","4690324018964","","75","False","sbor-travyanoi-shchitovidnaya-zheleza-zdorovaya","https://firebasestorage.googleapis.com/v0/b/travnik-5cc55.firebasestorage.app/o/products%2Fsbor-travyanoi-shchitovidnaya-zheleza-zdorovaya.jpg?alt=media&token=36f83d93-9bb1-493a-bfc1-83eff9cb84b2","https://www.flip.kz/catalog?prod=3021437","Аронии, рябины плоды; березы листья; гречихи, дербенника, донника белого, душицы, зверобоя, золотарника, зопника, зюзника, крапивы двудомной, люцерны, медуницы, овса, первоцвета, пустырника, синеголовника, таволги, татарника, тысячелистника, цикория, чабреца, эхинацеи трава; ели, сосны хвоя; ивы кора; ламинарии слоевища; льна семена; чага.","1-2 ст. л. сырья залить 0,2-0,3 л кипятка, настоять 1 час ⏳ при комнатной температуре. Принимать по 1/3 от полученного объема 3 раза в день, каждую порцию процеживая через ситечко . Минимальный курс приема: от полугода до 1,5-2 лет. Желательно после каждого месяца приема делать небольшие перерывы в 7-10 дней. Целесообразно чередовать с напитками аналогичного действия.","Сбор травяной «Щитовидная железа здоровая»  Рекомендован при пониженной функции щитовидной железы (гипотиреозе) и связанные с этим клинические проявления (слабость, депрессия, ожирение, гипертония, миокардиодистрофия, брадикардия и др.). «Растительный», органически связанный, йод нормализует функцию железы, смягчает побочное действие лечебной и заместительной гормонотерапии, устраняет клинические проявления гипотиреоза ."
"p120","Травяные сборы 100 г","Сбор травяной «Кишечник без запоров-2»","100 г","2057",,,"Россия","24 месяца","4690324019015","","15","False","sbor-travyanoi-kishechnik-bez-zaporov-2","https://firebasestorage.googleapis.com/v0/b/travnik-5cc55.firebasestorage.app/o/products%2Fsbor-travyanoi-kishechnik-bez-zaporov-2.jpg?alt=media&token=e4980387-07ca-4681-a3a5-8cff9b0d6dcf","https://www.flip.kz/catalog?prod=3021441","Дербенника, зверобоя, зюзника, мяты, первоцвета, пустырника, синеголовника, татарника, цикория трава; льна семена; рябины плоды, ивы белой кора; ламинарии слоевища.","1 ст. л. сбора залить 200 мл кипятка, настоять 1 час ⏳ при комнатной температуре. Процедить. Принимать одной порцией вечером . Минимальный курс приема: от 2-3 месяцев до полугода. При хроническом течение болезни целесообразны повторные курсы (3-4 раза в год) с перерывами между ними в 1 месяц.","Сбор травяной «Кишечник без запоров-2»  Применяется при хроническом спастическом колите, состоянии повышенного тонуса толстого кишечника, проявляющемся стулом в виде твердых комочков, тревожностью, страхом, вызывающими запоры. Способствует снятию спазма гладкомышечной мускулатуры кишечника и восстановлению его перистальтики. Обладает спазмолитическим, противовоспалительным и обезболивающим действием . Напиток можно применять при онкологических заболеваниях кишечника."
"p121","Травяные сборы 100 г","Сбор травяной «Антиптоз»","100 г","2057",,,"Россия","24 месяца","4690324019039","","26","False","sbor-travyanoi-antiptoz","https://firebasestorage.googleapis.com/v0/b/travnik-5cc55.firebasestorage.app/o/products%2Fsbor-travyanoi-antiptoz.jpg?alt=media&token=c62efe85-a9f2-47b1-ac37-b316b8cb24b9","https://www.flip.kz/catalog?prod=3021443","Березы листья; гречихи, дербенника, дурнишника, золотарника, погремка, золотой розги, клевера, первоцвета, подмаренника, полыни Божье дерево, таволги, тысячелистника, чабреца трава; ели, сосны хвоя; ивы кора.","1-2 ст. л. сбора залить 0,2-0,3 л воды, довести до кипения, потомить 3-4 мин , настоять до остывания, процедить, отжать. Принимать по 1/3 от полученного объема 3 раза в день до еды .","Сбор травяной «Антиптоз»  Применяется при нефроптозе (опущение почек), опущении желудка, кишечника, матки и связанными с ними осложнениями (ухудшение работы органов, периодические болевые приступы в области живота, нарушения пищеварения и мочевыделения). При применении напитка чайного степень птоза уменьшается, улучшается функция органов снимаются болевые проявления и улучшается самочувствие ."
"p122","Травяные сборы 100 г","Сбор травяной «Сосуды молодые»","100 г","2057",,,"Россия","24 месяца","4690324019046","","15","False","sbor-travyanoi-sosudy-molodye","https://firebasestorage.googleapis.com/v0/b/travnik-5cc55.firebasestorage.app/o/products%2Fsbor-travyanoi-sosudy-molodye.jpg?alt=media&token=28b479c8-f93c-434a-9cd5-2ac0ce934f3a","https://www.flip.kz/catalog?prod=3021450","Березы, смородины листья; горца, гречихи, дербенника, душицы, золотарника, зюзника, клевера, люцерны, овса, первоцвета, подмаренника, синеголовника, сурепки, таволги, хвоща, чабреца, шалфея лекарственного, ярутки, ясменника трава; сабельника корневища; сосны хвоя; ивы кора.","1-2 ст. л. сбора залить 0,2-0,3 л кипятка, настоять 1 час ⏳ при комнатной температуре, процедить. Принимать по 1/3 от полученного объема 3 раза в день за 15 минут до еды . Минимальный курс приема: от 1-2 месяцев.","Сбор травяной «Сосуды молодые»  Применяется при шуме, свисте и другом звуковом дискомфорте в голове, происходящем вследствие поражения стенок сосудов отложениями (бляшками) холестерина и солей различного состава в качестве средства, восстанавливающего эластичность сосудов (растворяющего бляшки) ."
"p123","Травяные сборы 100 г","Сбор травяной «Суставы без воспалений»","100 г","2057",,"листовой","Россия","24 месяца","4690324019084","","10","False","sbor-travyanoi-sustavy-bez-vospalenii","https://firebasestorage.googleapis.com/v0/b/travnik-5cc55.firebasestorage.app/o/products%2Fsbor-travyanoi-sustavy-bez-vospalenii.jpg?alt=media&token=c8db238c-430d-453b-ac91-4e63b58e78a2","https://www.flip.kz/catalog?prod=3021452","Березы, лопуха, малины листья; горца, гречихи, дербенника, золотарника, зюзника, овса, пустырника, ряски, таволги, тысячелистника трава; ели хвоя; ивы белой, осины кора; сабельника корневища.","1-2 ст. л. сырья залить 0,2-0,3 л воды, довести до кипения потомить 3-4 мин , настоять до остывания, процедить, отжать. Принимать по 1/3 от полученного объема 3 раза в день до еды . Минимальный курс приема: от 1-2 месяцев.","Сбор травяной «Суставы без воспалений»  Применяется при воспалениях суставов (различные артриты), хронической субфебрильной температуре в качестве средства, эффективно подавляющего аутоиммунные процессы ."
"p124","Травяные сборы 100 г","Сбор травяной «От алкоголизма»","100 г","2057",,"листовой","Россия","24 месяца","4690324019091","","14","False","sbor-travyanoi-ot-alkogolizma","https://firebasestorage.googleapis.com/v0/b/travnik-5cc55.firebasestorage.app/o/products%2Fsbor-travyanoi-ot-alkogolizma.jpg?alt=media&token=b0952137-11ab-4bd5-b4ea-ff3878614926","https://www.flip.kz/catalog?prod=3021453","Березы, копытня, лавра листья; василистника, горца почечуйного, дербенника, дурнишника, зверобоя, золотарника, зюзника, люцерны, медуницы, мяты, первоцвета, полыни Божье дерево, синеголовника, сурепки, чабреца, чернобыльника, ярутки, змееголовника трава; ели хвоя; каштана конского плоды; любистока, пиона корневища; ивы белой, осины кора.","1-3 ст. л. сбора залить 0,2-0,5 л воды, довести до кипения, потомить 3-4 мин , настоять до остывания, процедить, отжать. Принимать по 1/3 от полученного объема 3 раза в день до еды . Минимальный курс приема: определяется индивидуально и составляет в среднем 6-8 месяцев. При необходимости курсы можно повторять многократно, делая между ними небольшие перерывы в 2-3 недели.","Сбор травяной «От алкоголизма»  При регулярном применении уменьшает или полностью ликвидирует тягу к алкоголю. Успокаивает нервную систему, выводит шлаки, нормализует деятельность печени, почек и желудочно-кишечного тракта, облегчают человеку общение с окружающими ."
"p125","Травяные сборы 100 г","Сбор травяной «Витаминов баланс»","100 г","2057",,"листовой","Россия","24 месяца","4690324019114","","11","False","sbor-travyanoi-vitaminov-balans","https://firebasestorage.googleapis.com/v0/b/travnik-5cc55.firebasestorage.app/o/products%2Fsbor-travyanoi-vitaminov-balans.jpg?alt=media&token=62948e05-61ca-490a-ba83-24d613ef994a","https://www.flip.kz/catalog?prod=3021454","Аронии, можжевельника, рябины, шиповника плоды; душицы, зверобоя, мяты, ряски, эхинацеи трава; ели хвоя; крапивы двудомной листья.","1 — 2 ст. л. сбора залить 0,2-0,3 л кипятка, настоять 1 час ⏳ при комнатной температуре. Принимать по 1/3 от полученного объема 3 раза в день, каждую порцию процеживая через ситечко . Минимальный курс приема: 1-2 месяца. При хроническом течении заболевания целесообразны повторные курсы с интервалами между ними в 1 месяц.","Сбор травяной «Витаминов баланс»  Обладает общеукрепляющим, иммуномодулирующим, антиоксидантным действием, обеспечивает эффективную противоопухолевую защиту, особенно у пациентов «групп риска», помогает успешно бороться с любыми патогенными факторами, опасными для здоровья . В осенне-весенний период регулярный прием напитка является эффективной профилактикой вирусных инфекций. Рекомендуется взрослым и детям любого возраста в качестве достоверного источника витаминов, макро- и микроэлементов. Общеукрепляющий, содержащий все основные витамины (А, В, С, Д, Е, К и др.)"
"p126","Бальзамы питьевые","Бальзам гинкго билоба для мозгового кровообращения «Две доли»","200 мл","3981",,,"Россия","24 месяца","4603785226007","","51","False","balzam-ginkgo-biloba-dlya-mozgovogo-krovoobrashcheniya-dve-doli","https://firebasestorage.googleapis.com/v0/b/travnik-5cc55.firebasestorage.app/o/products%2Fbalzam-ginkgo-biloba-dlya-mozgovogo-krovoobrashcheniya-dve-doli.jpg?alt=media&token=772bcc4d-fc68-45a9-95d9-358b095daa79","https://www.flip.kz/catalog?prod=3021556","Лист гинкго билоба, вода очищенная, фруктоза, лимонная кислота.","Употреблять по 1-2 ч. ложки в чистом виде, 2 раза в день, до еды.","Бальзам «Две доли» для мозгового кровообращения  Научно доказано, что гинкго билоба: • повышает эластичность и прочность стенок кровеносных сосудов, стенок капилляров, предотвращая их хрупкость ; • обладает сосудорасширяющим действием; улучшает кровообращение при функциональном расстройстве кровеносных сосудов мозга, увеличивает мозговой кровоток в артериальном, капиллярном и венозном русле; • снижает уровень холестерина в крови ; • оказывает антигипоксическое действие на ткани, увеличивает потребление кислорода и глюкозы мозгом; • обладает выраженным антиоксидантным действием, связывает свободные радикалы; • оказывает выраженное противоотёчное действие тканей головного мозга, а также периферических тканей; • снижает уровень сахара в крови. Гинкго Билоба является уникальным средством, способным бороться с нарушениями кровообращения, возникающим вследствие спазма сосудов, а также восстанавливать кровоток на участках с вазомоторным параличом. Основное действие..."
"p127","Бальзамы питьевые","Бальзам «Плывучая руда» кроворазжижающий","200 мл","3866",,,"Россия","24 месяца","4603785226014","","47","False","balzam-plyvuchaya-ruda-krovorazzhizhayushchii","https://firebasestorage.googleapis.com/v0/b/travnik-5cc55.firebasestorage.app/o/products%2Fbalzam-plyvuchaya-ruda-krovorazzhizhayushchii.jpg?alt=media&token=b052e98f-978b-49ec-a68d-464bc3ed3240","https://www.flip.kz/catalog?prod=3021562","конский каштан, кора ивы, кора осины, лабазник, липа лист, вода очищенная, фруктоза, лимонная кислота.","употреблять по 1-2 с. ложки в чистом виде, 2 раза в день, до еды.","Бальзам «Плывучая руда» кроворазжижающий . После 35 лет в организме начинается постепенный процесс сгущения крови, но обычно вспоминать о вязкости крови все начинают уже после самых плохих осложнений ее сгущения — инсульте и инфаркте . Повышенная вязкость крови является фактором, который может в любой момент привести к патологическому тромбообразованию. Если вовремя не обратить внимание на симптомы и не исправить причины густой крови, то могут наступить очень неприятные последствия: Увеличение вязкости крови, которая может вызвать острую сердечную недостаточность. Образование тромбоза коронарных сосудов сердца может привести к острому инфаркту миокарда. При тромбозе сосудов мозга может возникнуть ишемический инсульт. Если высокий протромбин в крови обнаружен, то рекомендуется воспользоваться фитотерапевтическими средствами. Для этих целей подойдут травы разжижающие кровь. Такие травы помогают даже в тех ситуациях, когда не наблюдается действенного лечения аптечными дорогостоящими..."
"p128","Бальзамы питьевые","Бальзам «Увер» успокоительный","200 мл","3981",,,"Россия","24 месяца","4603785226021","","32","False","balzam-uver-uspokoitelnyi","https://firebasestorage.googleapis.com/v0/b/travnik-5cc55.firebasestorage.app/o/products%2Fbalzam-uver-uspokoitelnyi.jpg?alt=media&token=7342d7bf-f9e4-4e87-9ed7-4fc1ab6b4bb1","https://www.flip.kz/catalog?prod=3021564","Пустырник трава, валерьяна корень,мелиса, душица, плод боярышника, , синюха голубая, донник, зверобой, вода очищенная, фруктоза, лимонная кислота.","Употреблять по 1-2 с. ложки в чистом виде, 2 раза в день, до еды.","Бальзам «Увер» успокоительный  Бальзам обладает комплексным воздействием. Содержащиеся в сборе травы — мощные природные седативы. Бальзам рекомендуется принимать при бессоннице, нарушениях сна, нервном перенапряжении, стрессах . Она поможет справиться с повышенным давлением, уймет тахикардию . Средство рекомендуется при шуме в ушах, нарушении кровообращения в мозгу. При нервных расстройствах это лекарство просто незаменимо. Этот сбор значительно снижает нервное напряжение, помогает быстрее засыпать и избавляет от хронической бессонницы, устраняет тревожность и взволнованность. В такую смесь входят травы невероятной силы воздействия, функции каждой из которых мы рассмотрим ниже. Активные компоненты: • плоды боярышника давным-давно используются для нормализации давления. Он обладает свойством расслаблять кровеносные сосуды, усиливает сокращение сердечной мышцы, но тем не менее — уменьшает ее возбудимость. Мало того, боярышник улучшает работу сердца, укрепляет его, служит..."
"p129","Бальзамы питьевые","Бальзам «Дыхание тайги» легочный","200 л","4837",,,"Россия","24 месяца","4603785226038","","21","False","balzam-dykhanie-taigi-legochnyi","https://firebasestorage.googleapis.com/v0/b/travnik-5cc55.firebasestorage.app/o/products%2Fbalzam-dykhanie-taigi-legochnyi.jpg?alt=media&token=77908498-0683-4da8-a309-5adce2c819de","https://www.flip.kz/catalog?prod=3021568","Чабрец, мать-и-мачеха, земляники лист, смородины лист, шалфей, первоцвет, медуница, исландский мох (природный антибиотик!), коровяк (медвежье ухо), почки сосны, эвкалипт, плоды шиповника, экстракт огнёвки, вода очищенная, фруктоза, лимонная кислота.","По 1-2 столовой ложке 2 раза в день, за 15-20 минут до еды, не разбавляя.","Бальзам «Дыхание тайги» легочный  Данный сбор трав обладает мощной целительной силой. Состав и правильное количество компонентов не просто дополняют, а весьма сильно усиливают действие друг друга. Улучшает дренажную функцию бронхов (муколитический, противовоспалительный эффект), эффективен при частых простудных заболеваний, профилактика острых респираторных вирусных заболеваний. Наступает быстрое и заметное улучшение состояния здоровья, устранение бронхоспазма, исчезновение хрипов ‍. Справляется с воспалительными и инфекционными заболеваниями дыхательных путей. Биоактивные вещества усиливают бронхиальную секрецию, увеличивая объём мокроты, разжижая ее и облегчая отхаркивание. Уменьшает отёк воспалённой слизистой. Это отличное средство от изнуряющего кашля при коклюше . Данное средство оказывает положительное влияние на весь организм в целом, в отличии от химических медикаментозных средств. Показания к применению: • вирусный и бактериальные бронхиты, трахеиты; •..."
"p130","Травы","Боярышника цветки","25 г","675",,,"Россия","24 месяца","4690324000112","","17","False","boyaryshnika-tsvetki","https://firebasestorage.googleapis.com/v0/b/travnik-5cc55.firebasestorage.app/o/products%2Fboyaryshnika-tsvetki.jpg?alt=media&token=204ad8ff-92a7-439c-9fef-b7f951547273","https://www.flip.kz/catalog?prod=3021569",,"...","Боярышника цветки  Боярышника цветки — травяной сбор для сердца и сосудов. Травяной сбор для сердца и сосудов применяется при гипертонии, сердечно-сосудистой недостаточности, стенокардии, мерцательной аритмии, тахикардии, экстрасистолии. Травяной сбор обладает противовоспалительным, регенерирующим, кардиотоническим, спазмолитическим и умеренно седативным эффектами . Сердечно сосудистый сбор также полезен при нервных расстройствах, мигренях, язвенной болезни органов пищеварения, мочеполовых недугах, заболеваниях крови . Растительный сбор эффективен при нарушении функции щитовидной железы, снижении иммунитета, сахарном диабете, нарушении обмена веществ . Боярышник в химическом составе содержит флавоноиды (кверцетин, кверцитрин), каротиноиды, холин, ацетилхолин, органические кислоты (олеаноловая, кофейная и урсоловая), эфирное масло. Боярышник используется в качестве понижающего артериальное давление, кардиотонизирующего и антиаритмического средства."
"p131","Бальзамы питьевые","Бальзам противопаразитарный «Природная горечь»","200 мл","3981",,,"Россия","24 месяца","4603785226045","","62","False","balzam-protivoparazitarnyi-prirodnaya-gorech","https://firebasestorage.googleapis.com/v0/b/travnik-5cc55.firebasestorage.app/o/products%2Fbalzam-protivoparazitarnyi-prirodnaya-gorech.jpg?alt=media&token=2c8742c6-361b-44b9-99d8-34d840b3052d","https://www.flip.kz/catalog?prod=3021570","Чёрный орех, гвоздика, корень солодки голой, тысячелистник, пижма, гулявник (сурепка) , зверобой, репешок, хвощ полевой, вода очищенная, фруктоза, лимонная кислота.","Употреблять по 1-2 с. ложки в чистом виде, 2 раза в день, до еды.

Детям по 1/2 чайной ложке один раз в день , за 15-20 минут до еды, натощак.","Бальзам «Противопаразитарный»  Показания к применению: • иммуномодулирующее, противоопухолевое средство, как антидот при некоторых отравлениях; • способствует очищению пищеварительного тракта и избавлению организма от многих паразитов, в том числе при гельминтозах, лямблиозах; • при глистной инвазии желудочно-кишечного тракта и желчевыводящих путей (описторхоз); • обладает противовоспалительным, антибактериальным и очищающим свойствами; • применяется при нарушениях функций кишечника и при хронических запорах в качестве легкого слабительного ; • обладает противомикробным и противоглистным свойствами. Рекомендации по применению: употреблять по 1-2 ч. ложки в чистом виде, 2 раза в день, до еды . Детям по 1/2 чайной ложке один раз в день, за 15-20 минут до еды, натощак. Противопоказания: индивидуальная непереносимость компонентов бальзама."
"p132","Травы","Заманихи корни","50 г","2797",,,"Россия","24 месяца","4690324000426","","14","False","zamanikhi-korni","https://firebasestorage.googleapis.com/v0/b/travnik-5cc55.firebasestorage.app/o/products%2Fzamanikhi-korni.jpg?alt=media&token=6d81aeff-d1fa-4756-b011-349006c50e50","https://www.flip.kz/catalog?prod=3021572",,"• настойка. Чтобы сделать настойку, вам понадобятся спирт или водка крепостью в 40° и измельченные корни в соотношении один к пяти, то есть на 200 мл спирта необходимо взять 40 г сырья . После смешивания ингредиентов в специально отведенной для этого емкости необходимо поставить ее в темное место на 2 недели, затем процедить. Готовое средство употребляют как общетонизирующее и успокоительное средство при выраженной раздражительности и сильной утомляемости в течение 1,5-2 месяца по 40 капель 3 раза в день ⏳. Также данную настойку пьют при половом бессилии и тяжелых хронических болезнях по 30 капель 3 раза в день; • чай. Для приготовления чая вам понадобятся сушеные корни, а также черный или зеленый чай, которые необходимо смешать в...","Заманихи корни  Настойка корня увеличивает силу сокращения сердца, но уменьшает их число, нормализует кровяное давление . Имеется мочегонное воздействие, повышается сопротивляемость к вирусным и инфекционным заболеваниям ."
"p133","Бальзамы питьевые","Бальзам для желудка и кишечника «Стомах»","200 мл","3981",,,"Россия","12 месяцев","4603785226052","","122","False","balzam-dlya-zheludka-i-kishechnika-stomakh","https://firebasestorage.googleapis.com/v0/b/travnik-5cc55.firebasestorage.app/o/products%2Fbalzam-dlya-zheludka-i-kishechnika-stomakh.jpg?alt=media&token=90e5da0a-4241-43f1-923e-25b0ce8d47fb","https://www.flip.kz/catalog?prod=3021575","Чага, подорожник, семена льна, семена расторопши, корень аира, корень лопуха, корень одуванчика, пижма, тысячелистник, ромашка, золотарник, золототысячник, календула,  вода очищенная, фруктоза, лимонная кислота.","По 1 столовой ложке в чистом виде, за 15-20 минут до еды, 2 раза в день. Курс 20 дней. Лечение 1-2 курса.","Бальзам «Стомах» желудочный  Показания к применению: • заболевания желудочно-кишечного тракта; • язва желудка двенадцатиперстной кишки, тонкого и толстого кишечника; • хронические гастриты с любой кислотностью, дисбактериоз кишечника; • эффективно при полипах в желудке и кишечнике; • является противомикробным, противовоспалительным, спазмолитическим и обезболивающим средством ; • нормализует процесс пищеварения, оказывает обволакивающее воздействие на слизистую оболочку желудка; • способствует регенерации поврежденных тканей, то есть ускоряет заживление язвенного дефекта слизистой оболочки желудка; • на уровне толстого кишечника бальзам помогает нормализовать кишечную перистальтику и консистенцию каловых масс, что позволяет эффективно бороться с запорами ; • значительно улучшает секреторную и моторную деятельность желудка; • стимулирует выработку кишечного сока и ферментов поджелудочной железы; • помогает справиться с воспалением слизистой оболочки желудка, изжогой и..."
"p134","Травы","Марены корневища и корни","50 г","1218",,,"Россия","24 месяца","4690324000952","","56","False","mareny-kornevishcha-i-korni","https://firebasestorage.googleapis.com/v0/b/travnik-5cc55.firebasestorage.app/o/products%2Fmareny-kornevishcha-i-korni.jpg?alt=media&token=9da98ba9-fc95-4a33-8781-07f78ca0afae","https://www.flip.kz/catalog?prod=3021577",,"1-2 ст. л. сырья залить 0,2-0,3 л воды, довести до кипения , потомить 3-4 мин, настоять до остывания, процедить. Принимать по 1/3 от полученного объема 3 раза в день до еды .","Марены корневища и корни  Применяются при нефроуролитиазе; оказывают спазмолитическое и диуретическое действие ; растворяют и выводят мелкие конкременты из почек (содержащие фосфаты кальция и магния) , повышают кислотность мочи."
"p135","Бальзамы питьевые","Бальзам «Чистая река» почечный","200 мл","3981",,,"Россия","24 месяца","4603785226090","","29","False","balzam-chistaya-reka-pochechnyi","https://firebasestorage.googleapis.com/v0/b/travnik-5cc55.firebasestorage.app/o/products%2Fbalzam-chistaya-reka-pochechnyi.jpg?alt=media&token=5e225f24-d308-4df5-9d08-8a19b86d1602","https://www.flip.kz/catalog?prod=3021579","Корень аира,лист брусники, кипрей, корень подсолнуха, корень шиповника, лист берёзы, эрва шерстистая (пол-пала),вода очищенная, фруктоза,лимонная кислота.","употреблять по 1-2 с. ложки в чистом виде, 2 раза в день, до еды.","Бальзам «Чистая река» почечный  Целебные свойства почечного бальзама: • восстановление солевого баланса; • снятие воспалительного процесса посредством увеличения мочевыделения; • очищение от токсинов и шлаков, дробление и выведение камней из почек ; • помогает вывести мочевую кислоту, мочевину и хлориды при мочекаменной болезни; • помогает при пиелонефрита, уретрита и цистита. Эрва шерстистая, корень подсолнуха — это мощное мочегонное средство, особенность которого является то , что оно (в отличие от многих других мочегонных средств) не провоцирует резкое обезвоживание . Проще говоря, целебные свойства этих трав и корней очень мягко и абсолютно безопасно воздействует на организм, чего нельзя сказать о многих современных препаратах, признанных официальной медициной. Справедливости ради следует отметить, что сегодня лечебные свойства этих растений признаны не только народной, но и традиционной медициной. Компоненты входящее в состав бальзама помогают снять..."
"p136","Травы","Мелиссы трава","50 г","658",,,"Россия","24 месяца","4690324000976","","15","False","melissy-trava","https://firebasestorage.googleapis.com/v0/b/travnik-5cc55.firebasestorage.app/o/products%2Fmelissy-trava.jpg?alt=media&token=8308e88d-8bac-4a6b-becc-66d03814df17","https://www.flip.kz/catalog?prod=3021584",,"1-2 ст. л. травы залить 0,2-0,3 л кипятка, настоять 1 час ⏳. Процедить. Принимать по 1/3 от полученного объема 3 раза в день .","Мелиссы трава  Мелисса — прекрасное растение с приятным лимонным вкусом и ароматом . Мелисса является хорошим успокоительным, спазмолитиком, слабительным, противорвотным средством; усиливает секреторную функцию желудка и стимулирует моторику желчных путей . Экстракт листьев мелиссы обладает мощным седативным воздействием. Мелисса стимулирует деятельность пищеварительной системы, ей приписывают противовирусный и противовоспалительный эффект ."
"p137","Травы","Одуванчика трава","50 г","807",,,"Россия","24 месяца","4690324001171","","14","False","oduvanchika-trava","https://firebasestorage.googleapis.com/v0/b/travnik-5cc55.firebasestorage.app/o/products%2Foduvanchika-trava.jpg?alt=media&token=78fbfbfe-fd6a-442b-80bd-841985165fc3","https://www.flip.kz/catalog?prod=3021585",,,"Одуванчика трава  В соцветиях и листьях одуванчика содержатся каротиноиды, тритерпеновые спирты, витамины С и В2, В6 и Р, минеральные соли железа, кальций, фосфор, марганец, медь, бор, никель, титан, молибден и некоторые другие элементы . Листочки одуванчика издавна использовались как хорошее противоцинготное средство, а также их употребляли для улучшения работы пищеварительных желез, печени, почек и желчного пузыря . Нормализует обмен веществ, помогает при угревой и кожной сыпях, фурункулёзе, подагре, малокровии, сахарном диабете, зобе (базедовой болезни) и как потогонное и жаропонижающее средство . Улучшает аппетит, благотворно влияет на весь ЖКТ, усиливает лактацию молока . Листья одуванчика понижают содержание холестерина в крови, стимулируют лактацию у кормящих матерей, уменьшают проявления интоксикации при отравлениях. Листья одуванчика используются также в комплексном лечении рака . Они ослабляют токсичность цитостатических препаратов, стимулируют активность печени,..."
"p138","Бальзамы питьевые","Бальзам «Чистое русло» для сосудов","200 мл","4689",,,"Россия","24 месяца","4603785226106","","50","False","balzam-chistoe-ruslo-dlya-sosudov","https://firebasestorage.googleapis.com/v0/b/travnik-5cc55.firebasestorage.app/o/products%2Fbalzam-chistoe-ruslo-dlya-sosudov.jpg?alt=media&token=17498fe7-0d82-4ad0-a7a3-b0364b22687d","https://www.flip.kz/catalog?prod=3021586","Софора японская, омела белая, диоскорея кавказская, скорлупа кедрового ореха, клевер, астрагал, пустырник, кора лиственницы, лабазник, восковая моль «Огнёвка», вода очищенная, фруктоза, лимонная кислота.","По 1 чайной ложке, 2 раза в день, за 15-20 минут до еды, не разбавляя. Курс 20 дней.","Бальзам «Чистое русло» для сосудов  В основу бальзама входят природные компоненты, которые оказывают мощное лечебное действие на сердечно-сосудистую систему человека: • софора японская (имеет народное название — «Хирург без ножа»), она часто используется в паре с омелой белой. Одна убирает органические отложения, другая неорганические. • омела и софора усиливают деятельность сердца, расширяют сосуды, уменьшают возбудимость центральной нервной системы, действуют как кровоостанавливающее, противосудорожное средство. • дополняет и усиливает действие бальзама экстракт восковой моли ""Огневка«. Бальзам применяется для лечения проницаемости сосудов, атеросклероза, гипертонии. Великолепно очищает сосуды, способствует растворению и переработке холестериновых бляшек в кровеносных сосудах, укрепляет сосуды, делает их мягкими и эластичными . Улучшает кровообращение, лечит сердечно-сосудистые заболевания, очищает кровь. Бальзам эффективен при головокружении, апоплексии. Диоскорея..."
"p139","Бальзамы питьевые","Бальзам «Движение» суставной","200 мл","3981",,,"Россия","24 месяца","4603785226113","","58","False","balzam-dvizhenie-sustavnoi","https://firebasestorage.googleapis.com/v0/b/travnik-5cc55.firebasestorage.app/o/products%2Fbalzam-dvizhenie-sustavnoi.jpg?alt=media&token=78a06409-40b6-4221-877b-79d53bcec192","https://www.flip.kz/catalog?prod=3021588","корень сабельника, спорыш, корень калгана, корни одуванчика, почки берёзы, скорлупа кедрового ореха, вода очищенная, фруктоза,лимонная кислота.","употреблять по 1-2 ч. ложки в чистом виде, 2 раза в день, до еды","Бальзам «Движение» суставной  Бальзам суставной применяется в народной медицине как средство помогающее при: • костно-суставных болезнях, отложения солей (в суставах, позвоночнике и шейных позвонках); • мышечных и суставных болей, связанных с заболеваниями опорно-двигательного аппарата и реакцией на перемену погоды ; • повышает тонус мышц и суставов. Сабельник успешно применяется при заболеваниях опорно-двигательного аппарата: полиартрита, артроза, подагре, остеохондрозе, невралгии, радикулите. Бальзам используется в качестве средства при остеохондрозе, туберкулезе костей, подагры, артрите, артрозе и воспаления надкостницы. Корни одуванчика в которых находится высокое содержание тараксацина. Тараксацин в организме человека имеет две основные точки приложения: влияние на качественный состав синовиальной (внутри суставной) жидкости, как среды питающей суставной хрящ и стимуляцию выработки факторов регенерации хрящевой ткани клетками печени . Вначале приема возможны..."
"p140","Травы","Подмаренника настоящего трава","50 г","724",,,"Россия","24 месяца","4690324001379","","13","False","podmarennika-nastoyashchego-trava","https://firebasestorage.googleapis.com/v0/b/travnik-5cc55.firebasestorage.app/o/products%2Fpodmarennika-nastoyashchego-trava.jpg?alt=media&token=d61acaea-6ab4-48d2-815f-26769ee76cb2","https://www.flip.kz/catalog?prod=3021599",,,"Подмаренника настоящего трава  Подмаренник настоящий — чудесный целитель мочекаменной болезни ! Подмаренник обладает противолихорадочным, мочегонным, желчегонным, кровоостанавливающим и обезболивающим действием, а также способностью размягчать инфильтраты. Сбор Подмаренника, назначение: болезни печени, задержка мочи, образование почечных камней, выведение песка . Регулярное употребление напитка Подмаренник устранит заболевания мочекаменной болезни. Подмаренник наружно используют для ванн, обмываний, компрессов при кожных заболеваниях, язвах, ранах, припухлостях, уплотнениях. Способ приготовления напитка: 1 чайная ложка сбора залить стаканом кипятка, настоять 1 час ⏳. Готовый настой хранить в прохладном месте можно двое суток. Приём сбора: 70-100 мл трижды (утро, обед, вечер), 15 мин до еды ."
"p141","Бальзамы питьевые","Бальзам «Зоркий глаз» для зрения","200 мл","3981",,,"Россия","24 месяца","4603785226120","","71","False","balzam-zorkii-glaz-dlya-zreniya","https://firebasestorage.googleapis.com/v0/b/travnik-5cc55.firebasestorage.app/o/products%2Fbalzam-zorkii-glaz-dlya-zreniya.jpg?alt=media&token=001b89d9-3955-447a-abfd-2f7e8a3b37c8","https://www.flip.kz/catalog?prod=3021600",,,"Бальзам «Зоркий глаз» для зрения  Особенности: • значительно улучшает зрение и состояние при катаракта, глаукоме, слезоточивости, дальнозоркости, близорукости; • помогает улучшить зрение при его функциональных нарушениях (близорукость, дальнозоркость, астигматизм), а также использоваться для профилактики данных нарушений; • помогает восстановить тканевые механизмы защиты сетчатки, укрепляет коллагеновый матрикс соединительной ткани, делает капилляры сетчатки более прочными ; • улучшает трофику сетчатки глаза, стимулируют ее микроциркуляцию; • улучшается чувствительность сетчатки к различным уровням светового излучения и усиливается острота зрения; • помогает выдерживать глазам большие нагрузки, оказывают благотворное влияние на сосуды и ткани сетчатки, глазного яблока и дна, предотвращают дистрофические изменения; • способствует повышению зрительных функций у больных с частичной атрофией зрительного нерва и нарушениями рефракции. С помощью бальзама Зоркий глаз, можно..."
"p142","Травы","Таволги трава","50 г","790",,,"Россия","24 месяца","4690324001904","","3","False","tavolgi-trava","https://firebasestorage.googleapis.com/v0/b/travnik-5cc55.firebasestorage.app/o/products%2Ftavolgi-trava.jpg?alt=media&token=b98b2a6f-f2de-4df4-b488-cb36bbce06f3","https://www.flip.kz/catalog?prod=3021607",,"1-2 ст. л. травы залить 0,2-0,3 л кипятка, настоять 1 час ⏳ при комнатной температуре. Принимать по 1/3 от полученного объема 3 раза в день, каждую порцию процеживая через ситечко .","Таволги трава  Таволга вязолистная — трава, обладающая массой полезных для организма свойств. Травяной сбор таволга вязолистная применяется в качестве мочегонного, желчегонного, общеукрепляющего, успокаивающего, противовоспалительного, обезболивающего, бактерицидного, антисептического средства . Травянистый сбор таволги рекомендуется при подагре, ревматизме, болезни мочевого пузыря, миокарде, простуде, головной боли . Таволга эффективна при кожных заболеваниях, для промывания ран, гнойников, язв, фурункулов."
"p143","Бальзамы питьевые","Бальзам «Кустис» от кист","200 мл","3981",,,"Россия","24 месяца","4603785226144","","111","False","balzam-kustis-ot-kist","https://firebasestorage.googleapis.com/v0/b/travnik-5cc55.firebasestorage.app/o/products%2Fbalzam-kustis-ot-kist.jpg?alt=media&token=1a656af2-04f0-4ea0-9697-b8dfb1db239f","https://www.flip.kz/catalog?prod=3021608",,,"Бальзам «Кустис» от кист  Бальзам от кист уменьшает размеры и снижает количество новообразований, помогает устранить гормональный дисбаланс, не имея при этом побочных действий, угнетает рост и деление атипичных клеток в организме человека. Способствует устранению воспалительной реакции и ускоряет процесс рассасывания кисты, улучшает микроциркуляцию кровеносных сосудов, что способствует улучшению рассасывания . Лечение кист при помощи бальзама успешно проводится без хирургической операции и без применения гормональных препаратов. Рост новообразований подавляется компонентами целебных трав, содержащихся в бальзаме, что способствует их рассасыванию. Традиционная медицина сейчас не может предложить ни одного лекарства для лечения недуга, поэтому использование трав — это хороший выход из непростый ситуации . Необходимо знать, что травы являются такими же лекарственными инструментами, как и химиотерапевтические препараты, и имеют свои показания. Данный бальзам применяют при любых..."
"p144","Травы","Цикория корневища","50 г","1086",,,"Россия","24 месяца","4690324002079","","19","False","tsikoriya-kornevishcha","https://firebasestorage.googleapis.com/v0/b/travnik-5cc55.firebasestorage.app/o/products%2Ftsikoriya-kornevishcha.jpg?alt=media&token=e932178b-408d-4802-8e77-778104bb24cc","https://www.flip.kz/catalog?prod=3021609",,"1-2 ст. л. сырья залить 0,2-0,3 л воды, довести до кипения, потомить 3-4 мин , настоять до остывания, процедить. Принимать по 1/3 от полученного объема 3 раза в день до еды .","Цикория корневища  Цикория корневища применяются как противомикробное, противовоспалительное, обезболивающее, успокаивающее, мочегонное, печеночное, желчегонное и возбуждающее аппетит средство . Улучшают обмен веществ . При заболеваниях печени и желчного пузыря, желчекаменной и мочекаменной болезни, отеках, гастритах и колитах, повышенной нервной возбудимости, сахарном диабете."
"p145","Травы","Черники побеги","50 г","1004",,,"Россия","24 месяца","4690324002130","","29","False","cherniki-pobegi","https://firebasestorage.googleapis.com/v0/b/travnik-5cc55.firebasestorage.app/o/products%2Fcherniki-pobegi.jpg?alt=media&token=0f98b793-7071-4bae-9147-8fcd495c0d97","https://www.flip.kz/catalog?prod=3021618",,"1-2 ст. л. сырья залить 0,2-0,3 л воды, довести до кипения, потомить 3-4 мин , настоять до остывания, процедить. Принимать по 1/3 от полученного объема 3 раза в день до еды .","Черники побеги  Применяются при сахарном диабете, заболеваниях ЖКТ (панкреатиты, гастриты, энтероколиты и др.), мочевыводящей системы (циститы, уретриты, мочекаменная болезнь, панкреатиты, гломерулонефриты) ; стимулирует и улучшает зрение ; общеукрепляющее средство, обладающее гипогликемическим, кардиотоническим, эстрогенным, андрогенным, инсулиноподобным, легким транквилизирующим действием; оказывает антисептический, противовоспалительный, спазмолитический, мочегонный эффект."
"p146","Бальзамы питьевые","Бальзам «Черный орех» противопаразитарный","200 мл","3981",,,"Россия","12 месяцев","4603785226151","","165","False","balzam-chernyi-orekh-protivoparazitarnyi","https://firebasestorage.googleapis.com/v0/b/travnik-5cc55.firebasestorage.app/o/products%2Fbalzam-chernyi-orekh-protivoparazitarnyi.jpg?alt=media&token=ca3d1718-7d34-404e-9c22-8dfbc87d2421","https://www.flip.kz/catalog?prod=3021620",,,"Бальзам «Черный орех» противопаразитарный  В первую очередь орех применяют для улучшения качества крови и ее очищения, а также для снижения риска кровотечений, стимуляции выведения токсичных веществ и токсинов из организма, для избавления от паразитов и т.д. Главным уникальным биологически активным веществом чёрного ореха является юглон — обладающий, помимо антибактериальных и противогрибковых свойств, выраженным противопаразитарным действием (избавляет кровь, кишечник, печень и весь организм от паразитов и их личинок). Очень важным является его противораковое действие, поэтому с помощью его можно снизить риск появления раковых заболеваний, и лечить их в комплексе с другими средствами . Юглон называют природным антибиотиком, он помогает сдерживать развитие болезнетворных бактерий, устойчивых ко многим химическим препаратам, обладает доказанной противоопухолевой активностью и при этом не является токсичным, что позволяет использовать препараты чёрного ореха онкологическим..."
"p147","Травы","Бессмертника цветки","25 г","1415",,,"Россия","24 месяца","4690324004196","","51","False","bessmertnika-tsvetki","https://firebasestorage.googleapis.com/v0/b/travnik-5cc55.firebasestorage.app/o/products%2Fbessmertnika-tsvetki.jpg?alt=media&token=61b661c7-1fe7-44b4-b119-5303c1b89f14","https://www.flip.kz/catalog?prod=3021621",,"1-2 ст. л. цветков залить 0,2-0,3 л кипятка, настоять 45 мин ⏳, процедить. Принимать по 1/3 от полученного объема 3 раза в день до еды .","Бессмертника цветки  Бессмертник обладает желчегонным, мочегонным эффектами, снижает уровень билирубина и холестерина в крови . Бессмертник (цмин песчаный) применяют при холецистите, желчекаменной болезни . Фототерапия на основе травяного чая из бессмертника поможет избавиться от камней в почках, мочевом пузыре. Благодаря противомикробным, противовоспалительным свойствам травяной сбор бессмертника эффективен при воспалительных, инфекционных заболеваниях мочеполовой сферы, гинекологических заболеваниях ."
"p148","Бальзамы питьевые","Бальзам для щитовидной железы «Лапчатка белая с репешком»","200 мл","4113",,,"Россия","24 месяца","4603785226168","","229","False","balzam-dlya-shchitovidnoi-zhelezy-lapchatka-belaya-s-repeshkom","https://firebasestorage.googleapis.com/v0/b/travnik-5cc55.firebasestorage.app/o/products%2Fbalzam-dlya-shchitovidnoi-zhelezy-lapchatka-belaya-s-repeshkom.jpg?alt=media&token=a6ee79a4-45d4-4f05-b9bd-b90af20fc3ef","https://www.flip.kz/catalog?prod=3021623","Корневища с корнями лапчатки белой, репешок, кедровый орех, чага гриб, вода очищенная, фруктоза, лимонная кислота.",,"Бальзам «Лапчатка белая с репешком»  Алтайский бальзам травяной для щитовидной железы Восстановите гармонию организма природным способом! Алтайский бальзам создан на основе целебных трав, которые мягко регулируют работу щитовидной железы, поддерживают сердце и сосуды, а также способствуют рассасыванию кист и восстановлению женского здоровья .  Комплексное действие: • нормализует функцию щитовидной железы при гипо- и гиперфункции; • поддерживает эндокринную систему, способствует выравниванию гормонального баланса; • улучшает работу сердца и сосудов, снижает уровень холестерина ; • способствует очищению организма от токсинов и шлаков; • поддерживает женское здоровье, помогает при кистах и миомах.  Активные компоненты: • лапчатка белая — природный источник йода, сапонинов и флавоноидов. Помогает восстановить баланс гормонов, устраняет проявления тиреотоксикоза, укрепляет сосуды и улучшает обмен веществ; • репешок — мягко очищает печень и кишечник, способствуя..."
"p149","Травы","Боровой матки (ортилии однобокой) трава","25 г","1974",,,"Россия","24 месяца","4690324004202","","34","False","borovoi-matki-ortilii-odnobokoi-trava","https://firebasestorage.googleapis.com/v0/b/travnik-5cc55.firebasestorage.app/o/products%2Fborovoi-matki-ortilii-odnobokoi-trava.jpg?alt=media&token=73c6c93a-96e1-41e9-8e41-d1c57b99cd56","https://www.flip.kz/catalog?prod=3021624",,"1 дес. л. травы залить 0,3 л кипятка, настоять 1 час ⏳ при комнатной температуре. Принимать по 1/3 от полученного объема 3 раза в день, каждую порцию процеживая через ситечко. Курс приема длительный: 3-8 месяцев .","Боровой матки трава  Боровая матка народное название лекарственного растения ортилия однобокая. Применение травы охватывает целый ряд гинекологических заболеваний у женщин острого воспалительного и хронического характера . Боровая матка назначается при широком спектре гинекологических заболеваний, поражении мочевыводящих путей."
"p150","Бальзамы питьевые","Бальзам «Тройчатка гинекологическая»","200 мл","4409",,,"Россия","24 месяца","4603785226175","","6","False","balzam-troichatka-ginekologicheskaya","https://firebasestorage.googleapis.com/v0/b/travnik-5cc55.firebasestorage.app/o/products%2Fbalzam-troichatka-ginekologicheskaya.jpg?alt=media&token=0f185519-ab85-405d-b8c3-af7f8192ec87","https://www.flip.kz/catalog?prod=3021630",,,"Бальзам «Тройчатка гинекологическая»  Бальзам обладает противовоспалительным, мочегонным, противоопухолевым, гормонорегулирующим, антимикробным действием. Бальзам применяется при полипозных и кистозных образованиях матки и яичников, эндометриозе, миоме и фибромиоме матки, мастопатии, спаечных процессах яичников и органов малого таза. Рекомендуется также при острых и хронических воспалительных процессах мочеполовой системы (цистит, пиелонефрит, эндометрит, аднексит) и для очищения мочевыводящие путей от солей . Это незаменимое средство при инфекционных урогенитальных заболеваниях (герпес, хламидиоз, трихомониаз, уреаплазмоз) . Кроме того, бальзам устраняет гормональные нарушения у женщин и восстанавливает менструальный цикл, тем сам помогает в решении проблем женского бесплодия . В период возрастных гормональных изменений облегчает протекание климакса. Это великолепное сочетание трёх алтайских растений: ортилии однобокой (боровой матки), грушанки круглолистной и..."
"p151","Травы","Клевера цветки","25 г","1547",,,"Россия","24 месяца","4690324004257","","26","False","klevera-tsvetki","https://firebasestorage.googleapis.com/v0/b/travnik-5cc55.firebasestorage.app/o/products%2Fklevera-tsvetki.jpg?alt=media&token=814ea4c8-58de-42e6-9759-7f84f107d446","https://www.flip.kz/catalog?prod=3021632","Клевера цветки","1-2 ст. л. цветков на 0,2-0,3 л кипятка, настоять 1 час ⏳, процедить. Принимать по 1/3 от полученного объема 3 раза в день до еды .","Клевера цветки  Применяются при нарушении мозгового кровообращения (шум в голове, звон в ушах, головокружение) , постклимактерическом периоде, нарушении менструального цикла (принимать только в первую фазу цикла) ; как сосудистое, противовоспалительное, омолаживающее (за счет содержания фитоэстрогенов) средство."
"p152","Бальзамы питьевые","Бальзам «Медвежья сила» для мужчин","200 мл","5347",,,"Россия","24 месяца","4603785226182","","67","False","balzam-medvezhya-sila-dlya-muzhchin","https://firebasestorage.googleapis.com/v0/b/travnik-5cc55.firebasestorage.app/o/products%2Fbalzam-medvezhya-sila-dlya-muzhchin.jpg?alt=media&token=9fa250c4-de1c-45cb-8491-f7dbc87b62ae","https://www.flip.kz/catalog?prod=3021634",,,"Бальзам «Медвежья сила» для мужчин  Особенности: • бальзам способствует уменьшению размеров гипертрофированной предстательной железы и снятию отёчности; • обладает сильнейшим противоопухолевым и противовоспалительным действием, облегчая тем самым затруднённое мочеиспускание и снимает боль в области мочеточника и предстательной железы ; • эффективность применения наблюдается у 90% больных различными заболеваниями мужской репродуктивной системы; • при аденоме —способствует устранению мочеполовых воспалений и активизирует вывод солей, шлаков и токсинов из мочевыводящих путей ; • особо выражен положительный эффект бальзама в мочеполовой системе у мужчин при хроническом простатите, поражении яичек, аденоме предстательной железы, в сочетании с мужским бесплодием и снижением эректильной функции (половой слабости); • бальзам оказывает целенаправленное тонизирующее и стимулирующее действие в области мужской половой системы за счёт усиления кровообращения в тканях половых органов..."
"p153","Травы","Кукурузные столбики с рыльцами","25 г","708",,,"Россия","24 месяца","4690324004264","","40","False","kukuruznye-stolbiki-s-ryltsami","https://firebasestorage.googleapis.com/v0/b/travnik-5cc55.firebasestorage.app/o/products%2Fkukuruznye-stolbiki-s-ryltsami.jpg?alt=media&token=6c8098cc-8ba9-4780-87cd-ea1d5edbb42a","https://www.flip.kz/catalog?prod=3021636",,"1-2 ст. л. сырья залить 0,2-0,3 л кипятка, настоять 45 мин ⏳, процедить. Кукурузные столбики с рыльцами принимать по 1/3 от полученного объема 3 раза в день за 20-30 мин до еды .","Кукурузные столбики с рыльцами  применяются при комплексном лечении заболеваний печени, почек, мочевыводящих путей, сердечных заболеваний, гинекологических проблем. Травяной сбор кукурузные столбики с рыльцами рекомендуется при гепатите, холецистите, холангите, циррозе, камнях (в печени, почках) , цистите, атеросклерозе, ожирении, маточных кровотечениях. Кукурузные столбики с рыльцами содержат в химическом составе необходимые для здоровья жирные масла, алкалоиды, флавоноиды, сапонины, витамины C и K, камедь, смолистые вещества, микроэлементы."
"p154","Травы","Шлемника байкальского корневища с корнями","50 г","1744",,,"Россия","24 месяца","4690324004332","","11","False","shlemnika-baikalskogo-kornevishcha-s-kornyami","https://firebasestorage.googleapis.com/v0/b/travnik-5cc55.firebasestorage.app/o/products%2Fshlemnika-baikalskogo-kornevishcha-s-kornyami.jpg?alt=media&token=131daefc-603c-4981-8ecc-7a70cecf7636","https://www.flip.kz/catalog?prod=3021642",,"50 г корней залить 0,25 — 0,5 л водки (лучше на 70 гр. спирте) . Настоять 21 день, ежедневно взбалтывая. Принимать по 15-20 капель на 50 г воды, 2-3 раза в день за 10-15 мин до еды ⏳.","Шлемника байкальского корневища с корнями  Назначение: гипертония на фоне тахикардии со слабой фракцией выброса , спастические запоры, тяжесть в затылке; в качестве успокаивающего, нормализующего работу сердца (увеличивает силу и замедляет сокращения сердца), снимающего спазмы сосудов и кишечника средства."
"p155","Травы","Божье дерево (полынь лечебная) трава","50 г","724",,,"Россия","24 месяца","4690324004400","","1","False","bozhe-derevo-polyn-lechebnaya-trava","https://firebasestorage.googleapis.com/v0/b/travnik-5cc55.firebasestorage.app/o/products%2Fbozhe-derevo-polyn-lechebnaya-trava.jpg?alt=media&token=b818ba8b-872f-445a-9f26-9ee1803affa7","https://www.flip.kz/catalog?prod=3021644",,"2 ч. л. травы залить 0,2 л кипятка, настоять 1 час ⏳ при комнатной температуре. Принимать в течение дня небольшими глотками, каждую порцию процеживая через ситечко; для обработки полостей тела (полоскания, спринцевания, микроклизмы).","Божье дерево (полынь лечебная) трава  Божье дерево остановило опасные пандемии: чуму, холеру, и спасло Человечество от вымирания . Подавляет грибковые заболевания и приводит к исчезновению слизи в крови, в лимфе и в др. жидкостях в организме; при простуде, ревматизме, инфекционных и желудочно-кишечных заболеваниях; как болеутоляющее, спазмолитическое средство в конституции слизи."
"p156","Травы","Курильский чай трава","50 г","543",,,"Россия","24 месяца","4690324004417","","25","False","kurilskii-chai-trava","https://firebasestorage.googleapis.com/v0/b/travnik-5cc55.firebasestorage.app/o/products%2Fkurilskii-chai-trava.jpg?alt=media&token=249f4d34-0571-467a-bc49-77775a40f367","https://www.flip.kz/catalog?prod=3021649",,"1-2 ст. л. сырья залить 0,2-0,3 л воды, довести до кипения, потомить 3-4 мин , настоять до остывания, процедить. Принимать по 1/3 от полученного объема 3 раза в день до еда .","Курильский чай трава  Применяется при дисбактериозах и связанных с ним симптомокомплексом (болями, тошнотой, рвотой, метеоризмом) ; как противовоспалительное, вяжущее, спазмолитическое средство; улучшает работу желудочно-кишечного тракта."
"p157","Бальзамы питьевые","Бальзам «Сосновая шишка» после инсульта","200 мл","3981",,,"Россия","24 месяца","4603785226199","","96","False","balzam-sosnovaya-shishka-posle-insulta","https://firebasestorage.googleapis.com/v0/b/travnik-5cc55.firebasestorage.app/o/products%2Fbalzam-sosnovaya-shishka-posle-insulta.jpg?alt=media&token=e8d04ff8-9dbb-4a0a-b760-5e30093ca5d6","https://www.flip.kz/catalog?prod=3021650",,,"Бальзам «Сосновая шишка» после инсульта  Уникальные свойства сосновых шишек позволяют после инсультов проводить лечение пораженных сосудов головного мозга и мозгового кровообращения. Танины, содержащиеся в сосновых шишках, с успехом справляются с такими последствиями инсультов, как повышенное давление и дефекты речи . Биофлавоноиды, танины и другие уникальные компоненты, присутствующие в значительном количестве в бальзаме из шишек, оказывают ярко выраженное действие по снижению вредного холестерина в сосудах и препятствуют процессу слипания красных кровяных телец в тромбы. Бальзам из сосновых шишек совместим со всеми лекарственными препаратами прописанными врачом и усиливает их действие . При одновременном применении бальзама с лекарствами — можно снижать дозировку медикаментозных препаратов. Большинство пациентов, применяющих бальзам сосновых шишек после инсульта, дают высокую оценку его лечебным и стабилизирующим свойствам, в частности, на его результативное, целительное..."
"p158","Травы","Брусники листья","50 г","1382",,,"Россия","24 месяца","4690324004448","","14","False","brusniki-listya","https://firebasestorage.googleapis.com/v0/b/travnik-5cc55.firebasestorage.app/o/products%2Fbrusniki-listya.jpg?alt=media&token=a03e4c4f-1220-4cca-919c-ca0d2f8f3cfd","https://www.flip.kz/catalog?prod=3021651",,"1-2 столовые ложки сырья залить 0,2-0,3 л воды, довести до кипения, потомить 3-4 мин , настоять до остывания, процедить. Принимать по 1/3-1/4 от полученного объема 3-4 раза в день до еды .","Брусники листья  Брусника — оказывает легкое седативное действие, лечит простуду, помогает печени, почкам , снимает головную боль. Сбор травяной Брусника прекрасно оздоравливает, удаляет запоры, колиты, гастриты, снижает содержание холестерина, сахара, улучшает зрение , разжижает кровь."
"p159","Бальзамы питьевые","Бальзам для печени «Пещь»","200 мл","3981",,,"Россия","24 месяца","4603785226212","","108","False","balzam-dlya-pecheni-peshch","https://firebasestorage.googleapis.com/v0/b/travnik-5cc55.firebasestorage.app/o/products%2Fbalzam-dlya-pecheni-peshch.jpg?alt=media&token=952f9260-9feb-4f7d-86f2-b00b7cb26b76","https://www.flip.kz/catalog?prod=3021653",,,"Бальзам «Пещь» для печени  Свойства: • помогает нормализовать работу печени, восстановить повреждённые клетки печени, острые и хронические формы гепатита, цирроз печени, токсические поражения, препятствует проникновению некоторых видов яда ; • обезвреживает и выводит свободные радикалы; • повышает скорость регенерации мягких тканей; • обладает противовоспалительным эффектом, полезен при токсикозе беременных, радиационный синдром; • восстанавливает нормальное функционирование печени, что способствует улучшению метаболических процессов во всем организме; • а так же бальзам полезен при хроническом гепатите, при нарушении сокращений желчного пузыря и его протоков, повышении количества уратов в моче, при холецистите, при алкогольных поражениях . При употреблении бальзама в качестве профилактического или лечебного средства очищается не только печень, но и другие органы. Известно, что печень отвечает за обезвреживание всех посторонних веществ, попавших тем или иным путем..."
"p160","Травы","Первоцвета цветки","","839",,,"Россия","24 месяца","4690324004455","","0","False","pervotsveta-tsvetki","https://firebasestorage.googleapis.com/v0/b/travnik-5cc55.firebasestorage.app/o/products%2Fpervotsveta-tsvetki.jpg?alt=media&token=c3a12214-d871-482b-8e55-6d466abd400c","https://www.flip.kz/catalog?prod=3021656",,"1-2 ст. л. травы залить 0,2-0,3 л кипятка, настоять 1 час ⏳ при комнатной температуре. Принимать в течение дня произвольно, можно с медом , каждую порцию процеживая через ситечко.","Первоцвета цветки  Применяется при нарушении оттока венозной крови из головы, проявляющемся тяжестью в голове, головокружением ; бронхитах, воспалении лёгких сухом кашле, коклюше; в качестве спазмолитического, нормализующего мозговое кровообращение, сильного отхаркивающего и разжижающего мокроту средства."
"p161","Бальзамы питьевые","Бальзам «Панкреас» при сахарном диабете","200 мл","3981",,,"Россия","24 месяца","4603785226229","","62","False","balzam-pankreas-pri-sakharnom-diabete","https://firebasestorage.googleapis.com/v0/b/travnik-5cc55.firebasestorage.app/o/products%2Fbalzam-pankreas-pri-sakharnom-diabete.jpg?alt=media&token=44f43ba5-4ed3-44d9-9f5b-9edc6f341ec7","https://www.flip.kz/catalog?prod=3021658",,,"Бальзам «Панкреас» при сахарном диабете  Бальзам влияет на обменные процессы в организме, обладает антиоксидантными свойствами, а так же: • снижает уровень сахара в крови ; • улучшает работу печени и поджелудочной железы; • обладает желчегонным эффектом; • способствует снижению аппетита; • помогает бета-клеткам поджелудочной железы вырабатывать инсулин ; • улучшает общее самочувствие больного и понижает холестериновый уровень; • усиливает действенность препаратов от диабета, что позволяет уменьшить их дозировку ; • активизирует процессы передвижения жидкости в организме. Известно также, что показания к применению бальзама имеются в тех случаях, если нужно плавно снизить уровень сахара: при этом самочувствие пациента не страдает. Сегодня при сахарном диабете и заболеваниях поджелудочной железы используют не только лекарственные препараты, которые выпускает фармацевтические компании, но и народные рецепты . Самым щадящим методом при заболеваниях поджелудочной железы..."
"p162","Бальзамы питьевые","Бальзам «Сбор отца Георгия»","200 мл","4689",,,"Россия","24 месяца","4603785226243","","53","False","balzam-sbor-ottsa-georgiya","https://firebasestorage.googleapis.com/v0/b/travnik-5cc55.firebasestorage.app/o/products%2Fbalzam-sbor-ottsa-georgiya.jpg?alt=media&token=5278d7f4-e20b-4730-a317-1e25ae27c28d","https://www.flip.kz/catalog?prod=3021665",,,"Бальзам «Сбор отца Георгия»  Клинически установлено, что монастырский сбор помогает при таких заболеваниях и состояниях, как: • онкологические заболевания ; • заболевания печени (гемангиома, цирроз, холецистит); • сахарный диабет; • атеросклероз; • мастопатия; • гипертония, нестабильное артериальное давление; • кашель и другие простудные заболевания ; • головные боли; • женское бесплодие; • слабость, упадок сил, физическое истощение, стрессы, депрессии, фобии ; • расстройства работы мочеполовых органов, простатит; • заболевания желчевыводящих путей и ЖКТ (гастриты, язвы); • нарушения обмена веществ; • отправления, интоксикации; • резкая потеря веса; • аномалии органов кровообращения; • длительные физические нагрузки, травмы костно-мышечного аппарата; • восстановительный период после операций ; • снижение иммунитета, авитаминоз; • заболевания дыхательных путей; • заболевания опорно-двигательного аппарата (артрит, остеохондроз и т. д.); • нарушения сна,..."
"p163","Травы","Подсолнечника корни","100 г","1399",,,"Россия","24 месяца","4690324004509","","93","False","podsolnechnika-korni","https://firebasestorage.googleapis.com/v0/b/travnik-5cc55.firebasestorage.app/o/products%2Fpodsolnechnika-korni.jpg?alt=media&token=dfe4e83e-085c-402b-a2c9-e64c4f9fe0af","https://www.flip.kz/catalog?prod=3021673",,"1-2 ст. л. сырья залить 0,2-0,3 л воды, довести до кипения, потомить 3-4 мин , настоять до остывания, процедить....","Подсолнечника корни  Корень подсолнечника — эффективное солерастворяющее и солевыводящее средство с мочегонной, противовоспалительной, улучшающей работу почек активностью . Отвар корня подсолнечника рекомендован при склонности к образованию камней и наличии камней и песка в почках , а также при остеохондрозе, артритах и других состояниях, сопровождающихся нарушением обмена веществ с образованием нерастворимых солей. Богатый химический состав корня подсолнечника позволяет использовать его для очищения сосудов от холестериновых бляшек, выведения уратов и оксолатов из мочевого пузыря, дробления конкрементов в желчном пузыре и почках, очищения хрящевых тканей суставов и выведения солей из организма, лечения остеохондроза и цистита, нормализации артериального давления, избавления от сердечных и головных болей, детоксикации всего организма ."
"p164","Травы","Арники цветки","25 г","7058",,,"Россия","24 месяца","4690324004547","","29","False","arniki-tsvetki","https://firebasestorage.googleapis.com/v0/b/travnik-5cc55.firebasestorage.app/o/products%2Farniki-tsvetki.jpg?alt=media&token=94fec514-d315-463a-a3ca-3a2a5ebd5bd6","https://www.flip.kz/catalog?prod=3021677",,"1 ч. л. травы залить 0,2 л кипятка, настоять 1 час ⏳ при комнатной температуре. Принимать по 1/3 от полученного объема 3 раза в день, каждую порцию процеживая через ситечко за 30 мин до еды .","Арники цветки  Применяются при атеросклерозе, гипертонии, кардиосклерозе, сотрясении мозга, перевозбуждении нервной системы, эпилепсии, судорогах; как гипотензивное, антисклеротическое, улучшающее коронарное кровообращение средство . Предупреждают кровоизлияние в мозг, расширяет сосуды сердца, А также применяются в период восстановления после острого нарушения мозгового кровообращения по ишемическому и геморрагическому типу ."
"p165","Бальзамы питьевые","Бальзам для сердца «Сердечный друг»","","4837",,,"Россия","24 месяца","4603785226267","","32","False","balzam-dlya-serdtsa-serdechnyi-drug","https://firebasestorage.googleapis.com/v0/b/travnik-5cc55.firebasestorage.app/o/products%2Fbalzam-dlya-serdtsa-serdechnyi-drug.jpg?alt=media&token=0146d404-5d94-4c26-9543-d9a2fb0d00d8","https://www.flip.kz/catalog?prod=3021683",,,"Бальзам «Сердечный друг» для сердца  Показания: • улучшает показатели электрокардиограммы, инфаркт миокарда, стенокардия, кардиосклероз, атеросклероз, аритмии сердца (тахикардия, брадикардия, экстрасистолия), ишемическая болезнь сердца, гипертоническая болезнь, миокардиты различной этиологии, вегетососудистая дистония и другие заболевания сердечно сосудистой системы; •нормализует показатели периферической крови (уровень гемоглобина, содержание эритроцитов и ретикулоцитов), газового состава и кислотно-щелочного равновесия; • способствует рассасыванию рубцов миокарда после инфаркта, обладает кардиотропным и кардиозащитным эффектом, обладает адаптогенным свойствами, способствует уменьшению ишемии миокарда, улучшает сердечную мышцу, оказывает влияние на окислительный метаболизм миокарда, на снижение артериального давления, на нормализацию свёртываемости крови, восстановления функции крови ; • защищает организм от ионизирующей радиации и интоксикации, так как выводит соли..."
"p166","Мази и кремы","Мазь костно-суставная «Става»","100 мл","7238",,,"Россия","12 месяцев","4603785226304","","50","False","maz-kostno-sustavnaya-stava","https://firebasestorage.googleapis.com/v0/b/travnik-5cc55.firebasestorage.app/o/products%2Fmaz-kostno-sustavnaya-stava.jpg?alt=media&token=9512ace0-0ada-4f9e-b14b-3a14caf4c9f3","https://www.flip.kz/catalog?prod=3021698",,,"Крем-бальзам «Става» для суставов и позвоночника — регенерация, снятие боли и подвижность опорно-двигательного аппарата Натуральный крем-бальзам «Става» — это мощный восстанавливающий комплекс, разработанный для глубокого питания, защиты и регенерации костно-суставных тканей. Уникальная эмульсионная структура и богатый растительный состав обеспечивают быстрое проникновение активных компонентов к очагу воспаления, возвращая свободу движений без боли и дискомфорта. Инновационный механизм действия и польза: Длительный барьер и защита: Пчелиный воск и ланолин создают на коже тончайшую гидрофобную пленку, которая удерживает биологически активные компоненты внутри тканей, продлевая их противовоспалительное и заживляющее действие. Быстрое облегчение боли: Комплекс экстрактов адамова корня, маклюры, сабельника и окопника точечно воздействует на болевой синдром при артрите, артрозе, остеохондрозе и подагре. Глубокая..."
"p167","Травы","Звездчатки средней трава","50 г","1136",,,"Россия","24 месяца","4690324004578","","16","False","zvezdchatki-srednei-trava","https://firebasestorage.googleapis.com/v0/b/travnik-5cc55.firebasestorage.app/o/products%2Fzvezdchatki-srednei-trava.jpg?alt=media&token=1a3641f3-e839-467f-b502-f076c6866e00","https://www.flip.kz/catalog?prod=3021733",,"1-3 ст. ложек сырья залить 0,2-0,4 л сырой воды, довести до кипения, настоять 4 часа ⏳, процедить. Принимать в 4 приема в течение дня равными порциями .","Звездчатки средней трава  Звездчатка средняя или, как ее еще называют, мокрица, доставляет немало хлопот огородникам и полеводам. Однако, мало кто знает, что растение имеет целый ряд полезных свойств. Так как в составе много витаминов и других элементов, мокрица устраняет воспаление, стимулирует иммунитет , заживляет раны и регенерирует кожу. Также мокрица является щадящим слабительным, желчегонным и диуретиком ."
"p168","Травы","Багульник болотный","50 г","724",,,"Россия","24 месяца","4610002413546","","26","False","bagulnik-bolotnyi","https://firebasestorage.googleapis.com/v0/b/travnik-5cc55.firebasestorage.app/o/products%2Fbagulnik-bolotnyi.jpg?alt=media&token=b634d19b-b6ec-4611-96c7-8c0a17d9c711","https://www.flip.kz/catalog?prod=3021749",,"1-2 ч. л. травы залить 0,2-0,3 л воды, довести до кипения, потомить 3-4 мин , настоять до остывания, процедить. Принимать по 1/3 от полученного объема 3 раза в день до еда . Противопоказания: индивидуальная непереносимость. Приготовленный настой хранят в прохладном месте не более 2 суток.","Багульник болотный  Оказывают отхаркивающее действие, усиливают секрецию бронхиальных желез; как противовоспалительное, противомикробное средство . Наружно: для полосканий при заболеваниях полости рта, эрозии шейки матки."
"p169","Травы","Березы зола","","675",,,"Россия","24 месяца","4690324004646","","4","False","berezy-zola","https://firebasestorage.googleapis.com/v0/b/travnik-5cc55.firebasestorage.app/o/products%2Fberezy-zola.jpg?alt=media&token=87c6bbb2-62a0-44c5-9f29-9a66f65594d9","https://www.flip.kz/catalog?prod=3021752","...","50 г золы залить 2-3 л горячей воды, тщательно перемешать, дать осесть взвеси, настоять 1 час ⏳. Слить полученный щелок в таз для мытья, осадок выбросить, ополоснуть чисто вымытые волосы . Затем тело протереть салфеткой, смоченной раствором (желательно использовать лубяную мочалку). Ополоснуться чистой водой через час или на следующее утро.","Березы зола  Применяется при жирной, сальной коже и волосах, жировиках, дерматомикозах, демодексе, изреженных и ослабленных волосах, себорее, перхоти; в качестве мягкого противомикробного, антисептического средства , очищающего протоки сальных и потовых желез, питающего минеральными веществами, способствующего восстановлению нормальной РН кожи."
"p170","Травы","Калган корневища","50 г","1974",,,"Россия","24 месяца","4690324004752","","4","False","kalgan-kornevishcha","https://firebasestorage.googleapis.com/v0/b/travnik-5cc55.firebasestorage.app/o/products%2Fkalgan-kornevishcha.jpg?alt=media&token=21495014-fa11-4a28-a9ed-512c5582ecbb","https://www.flip.kz/catalog?prod=3021755",,"1-2 ст. л. сырья залить 0,2-0,3 л воды, довести до кипения, потомить 3-4 мин , настоять до 60 градусов, процедить. Принимать по 1/3 от полученного объема 3 раза в день до еды или полоскать слизистые 2-3 раза в день .","Калган корневища  Применяется при гастритах, энтероколитах, поносах, простудных заболеваниях, маточных кровотечениях, фибромиомах; как ранозаживляющее, вяжущее, противовоспалительное, противомикробное, противовирусное, иммуностимулирующее, сосудоукрепляющее, кровоостанавливающее средство . Наружно: для полосканий при заболеваниях полости рта, эрозий шейки матки."
"p171","Травы","Барбарис обыкновенный","50 г","1218",,,"Россия","24 месяца","4610002413638","","0","False","barbaris-obyknovennyi","https://firebasestorage.googleapis.com/v0/b/travnik-5cc55.firebasestorage.app/o/products%2Fbarbaris-obyknovennyi.jpg?alt=media&token=891f8685-397e-4c13-bf82-f07e3688a2d8","https://www.flip.kz/catalog?prod=3021759",,"1-2 ст. л. сырья залить 0,2-0,3 л воды, довести до кипения, потомить 3-4 мин , настоять до остывания. Принимать по 1/3 от полученного объема 3 раза в день до еды, отливая каждую порцию через ситечко .","Барбарис обыкновенный  Оказывает гемостатическое, жаропонижающее, антисептическое, желчегонное, утеротонизирующее действие; при гепатите, холецистите, дискинезии желчевыводящих путей, холелитиазе, метроррагии в послеродовом периоде, спленомегалии."
"p172","Травы","Березы почки","50 г","3817",,,"Россия","24 месяца","4610002413812","","31","False","berezy-pochki","https://firebasestorage.googleapis.com/v0/b/travnik-5cc55.firebasestorage.app/o/products%2Fberezy-pochki.jpg?alt=media&token=5cbe6d94-fa38-499c-a7c0-8c13e75a9d2b","https://www.flip.kz/catalog?prod=3021776",,"1-2 ст.л. сырья залить 0,2-0,3 л кипятка, настоять 1 час ⏳ при комнатной температуре. Принимать по 1/3 от полученного объема 3 раза в день за 10-15 мин до еды, каждую порцию процеживая через ситечко . Минимальный курс приема: от 2-3 месяцев до полугода. При повторных курсах делать перерывы в 1 месяц. Больным гломерулонефритом применять под контролем анализов мочи.","Березы почки  Применяется при острых и хронических заболевания почек и мочевого пузыря, а так же отеки почечного и сердечного происхождения . Обладает выраженным противовоспалительным, уросептическим, мочегонным и обезболивающим действием."
"p173","Травы","Золотарник канадский трава","50 г","675",,,"Россия","24 месяца","4610002415434","","3","False","zolotarnik-kanadskii-trava","https://firebasestorage.googleapis.com/v0/b/travnik-5cc55.firebasestorage.app/o/products%2Fzolotarnik-kanadskii-trava.jpg?alt=media&token=d9ab1a04-c4f4-47f5-a05c-7bd8cebbbdd8","https://www.flip.kz/catalog?prod=3021787",,,"Золотарник канадский трава  В народной медицине золотарник канадский применяют наружно и внутрь в виде отваров, настоек. Нередко используют вместо золотарника канадского золотарник обыкновенный, но эффект последнего примерно в два раза слабее. Применение золотарника внутрь показано при расстройствах желудка, желчнокаменной болезни, подагре, ревматизме. Регулярное употребление отвара растения способствует выведению камней из мочевыводящих путей и почек , избавляет от почечных спазматических болей. Применяют для полоскания ротовой полости для удаления неприятного запаха, лечения горла при простудных инфекциях . Наружно используют отвары из листьев золотарника в виде примочек при фурункулах, порезах, гнойных и плохо заживающих ранах . Сухие измельченные листья в составе сливок — эффективное средство против многих кожных заболеваний. Эфирное масло золотарника используют самостоятельно или в комплексе с другими маслами для массажных действий, местных аппликаций, аромаламп...."
"p174","Травы","Боярышника плоды","","1037",,,"Россия","24 месяца","4610002414000","","18","False","boyaryshnika-plody","https://firebasestorage.googleapis.com/v0/b/travnik-5cc55.firebasestorage.app/o/products%2Fboyaryshnika-plody.jpg?alt=media&token=0bb88ecd-a6c5-4ce7-83a0-f2c287f4af3e","https://www.flip.kz/catalog?prod=3021815","...","1-2 ст. л. сырья залить 0,2-0,3 л воды, довести до кипения, потомить 3-4 мин , настоять до остывания, процедить. Принимать по 1/4 от полученного объема 3-4 раза в день до еды .","Боярышника плоды  Оказывают антиаритмическое, спазмолитическое и гипотензивное действие, улучшают мозговое и коронарное кровообращение, урежают частоту сердечных сокращений, уменьшают содержание холестерина в крови . Рекомендовано при тахикардии, артериальной гипертензии, стенокардии."
"p175","Травы","Золотой розги (золотарника обыкновенного) трава","50 г","609",,,"Россия","24 месяца","4610002415465","","11","False","zolotoi-rozgi-zolotarnika-obyknovennogo-trava","https://firebasestorage.googleapis.com/v0/b/travnik-5cc55.firebasestorage.app/o/products%2Fzolotoi-rozgi-zolotarnika-obyknovennogo-trava.jpg?alt=media&token=9642cfed-2ded-4911-838e-d0b4673a143f","https://www.flip.kz/catalog?prod=3021817",,"• 1-2 чайные ложки с верхом травы золотой розги залить 1/4 л холодной воды, довести до кипения, дать постоять 2 минуты; либо залить кипящей водой и дать постоять 10 минут ⏳. Дневная доза — 1 стакан чая; • 2 чайные...","Золотой розги трава  Неплохую службу может сослужить золотая розга и при коклюше, астме, туберкулёзе лёгких. Кроме того, золотая розга может оказывать стимулирующее действие на обмен веществ, за счёт своих очищающих свойств быть эффективной при кожных заболеваниях, а также при болезнях печени . В многочисленные чаи (особенно от ревматизма, подагры и в так называемые кровоочистительные чаи) входит как компонент и золотая розга. Государственная служба здравоохранения Германии рекомендует золотую розгу для промываний при воспалении мочевыводящих путей, затруднённом мочеиспускании, при мочекаменной болезни, а также для её профилактики, но с оговоркой, что эти рекомендации недействительны при отёках вследствие сердечной и почечной недостаточности ."
"p176","Травы","Бузины цветки","25 г","905",,,"Россия","24 месяца","4610002414055","","18","False","buziny-tsvetki","https://firebasestorage.googleapis.com/v0/b/travnik-5cc55.firebasestorage.app/o/products%2Fbuziny-tsvetki.jpg?alt=media&token=baf25e9e-77ea-465e-b56e-dd967442a2ec","https://www.flip.kz/catalog?prod=3021826",,"столовую ложку измельченных сухих листьев залить кипяченой или фильтрованной водой (200-210 г) комнатной температуры. Прокипятив пять минут, настаивать до остывания. Процедить, принимать трижды в день .","Бузины цветки  Цветки бузины используют для приготовления настоев и отваров, которые оказывают потогонное и антибактериальное воздействие на человеческий организм. Именно поэтому лекарства из цветков бузины применяют при простуде, гриппе, заболеваниях дыхательных путей и при ангине . Противопоказания: соцветия бузины не рекомендованы для употребления детям, беременным женщинам и кормящим матерям."
"p177","Травы","Золототысячника трава","50 г","1251",,,"Россия","24 месяца","4610002415496","","7","False","zolototysyachnika-trava","https://firebasestorage.googleapis.com/v0/b/travnik-5cc55.firebasestorage.app/o/products%2Fzolototysyachnika-trava.jpg?alt=media&token=c4756f0f-333a-4663-9f23-2ba47f851898","https://www.flip.kz/catalog?prod=3021833",,"около 10 г (2 столовые ложки) травы помещают в эмалированную посуду, заливают 200 мл (1 стакан) горячей кипяченой воды, закрывают крышкой и нагревают на кипящей водяной бане 15 минут ⏳, охлаждают при комнатной температуре 45 минут, процеживают, оставшееся сырье отжимают. Объем полученного настоя доводят кипяченой водой до 200 мл. Принимают внутрь в теплом виде по 1/4 стакана 2-3 раза в день за 30 минут до еды. Перед употреблением настой рекомендуется взбалтывать . Противопоказания: повышенная чувствительность к препаратам золототысячника. Повышенная желудочная секреция, язвенная болезнь желудка и двенадцатиперстной кишки, рефлюкс-эзофагит. Беременность, детский возраст до 12 лет....","Золототысячника трава  Трава золототысячника содержит горькие гликозиды, алкалоиды, флавоноиды и другие биологически активные вещества. Настой травы золототысячника повышает аппетит , стимулирует секрецию пищеварительных желез и кишечника, оказывает желчегонное действие."
"p178","Травы","Чистец лекарственный (Буквицы)","50 г","675",,,"Россия","24 месяца","4610002414086","","17","False","chistets-lekarstvennyi-bukvitsy","https://firebasestorage.googleapis.com/v0/b/travnik-5cc55.firebasestorage.app/o/products%2Fchistets-lekarstvennyi-bukvitsy.jpg?alt=media&token=a7053589-8975-4443-a659-4cc6abeb3c04","https://www.flip.kz/catalog?prod=3021836",,"1-2 ст.л. травы залить 0,2-0,3 л кипятка, настоять 1 час ⏳ при комнатной температуре. Принимать по 1/3 от полученного объема 3 раза в день, каждую порцию процеживая через ситечко. Противопоказания: индивидуальная непереносимость. После вскрытия упаковки хранить не более 3 месяцев.","Чистец лекарственный (Буквицы)  Применяется при заболеваниях верхних дыхательных путей и легких, астматических заболеваниях; в качестве противовоспалительного, антимикробного средства ."
"p179","Травы","Вереск обыкновенный","50 г","971",,,"Россия","24 месяца","4610002414208","","0","False","veresk-obyknovennyi","https://firebasestorage.googleapis.com/v0/b/travnik-5cc55.firebasestorage.app/o/products%2Fveresk-obyknovennyi.jpg?alt=media&token=58b871b5-8617-4fb7-b47b-6c862e4ec992","https://www.flip.kz/catalog?prod=3021850",,"1-2 ст. л. сырья залить 0,2-0,3 л кипятка, настоять 1 час ⏳ при комнатной температуре. Принимать по 1/3 от полученного объема 3 раза в день, каждую порцию процеживая через ситечко .","Вереск обыкновенный  Применяется при водянке, почечнокаменной болезни, болезнях почек, мочевого пузыря и мочевых путей , ревматизме, подагре, простудных заболеваниях, неврастении; как мочегонное, потогонное, вяжущее, противовоспалительное, слегка снотворное и успокаивающее средство ."
"p180","Травы","Зопника (железняка) трава","50 г","576",,,"Россия","24 месяца","4610002415526","","11","False","zopnika-zheleznyaka-trava","https://firebasestorage.googleapis.com/v0/b/travnik-5cc55.firebasestorage.app/o/products%2Fzopnika-zheleznyaka-trava.jpg?alt=media&token=23642813-ade2-4040-b4b3-0a4e02fe6dc4","https://www.flip.kz/catalog?prod=3021854",,"для приготовления настоя 3 ст.л. травы зопника залить двумя стаканами кипятка. Настоять до охлаждения и процедить. Принимать по половине стакана 3 раза в день до еды или использовать для ванночек и промываний . Противопоказания: индивидуальная непереносимость, повышенная свертываемость крови, беременность и кормление грудью. Перед применением: рекомендуется проконсультироваться с врачом ‍.","Зопника трава  Зопник клубненосный оказывает желчегонное, противовоспалительное, вяжущее, сосудосуживающее и ранозаживляющее действие. Настой зопника нормализует кислотность желудочного сока, улучшает выработку и выведение желчи, помогает при поносах, снижает температуру тела при простуде, повышает свёртываемость крови . Настой рекомендуется при бронхите, пневмонии, при гастрите, дискинезии желчевыводящих путей, при наклонности к кровотечениям, геморрое."
"p181","Травы","Зюзника трава","50 г","807",,,"Россия","24 месяца","4610002415588","","9","False","zyuznika-trava","https://firebasestorage.googleapis.com/v0/b/travnik-5cc55.firebasestorage.app/o/products%2Fzyuznika-trava.jpg?alt=media&token=3a5f0cb5-fc66-4590-a4cd-3c50bef56050","https://www.flip.kz/catalog?prod=3021859","Зюзника трава","для приготовления настоя 3 ст.л. травы зюзника залить двумя стаканами кипятка. Настоять до охлаждения и процедить. Принимать по половине стакана 3 раза в день до еды . Противопоказания: индивидуальная непереносимость, повышенная свертываемость крови, беременность и кормление грудью. Перед применением: рекомендуется проконсультироваться с врачом ‍.","Зюзника трава  Применяется при повышенной нервной возбудимости, учащенном сердцебиении, кардионеврозе, лихорадочном состоянии, тиреотоксикозе (избыточная функция щитовидной железы по тироксину) , аутоимунных заболеваниях (ревматизме, васкулитах, при всех заболеваниях с повышенным СОЭ); как кровоостанавливающее, противосудорожное средство."
"p182","Травы","Вероники трава","50 г","1086",,,"Россия","24 месяца","4610002414239","","0","False","veroniki-trava","https://firebasestorage.googleapis.com/v0/b/travnik-5cc55.firebasestorage.app/o/products%2Fveroniki-trava.jpg?alt=media&token=8334c1ce-ad7d-4097-b9f0-b2f33557025c","https://www.flip.kz/catalog?prod=3021864",,"2 ч.л. травы залить 2 стаканами кипятка, настоять 2 часа ⏳, процедить. Принимать по 1/3 от полученного объема 3 раза в день .","Вероники трава  Применяется при грибковых поражениях кожи и внутренних органов (кандидозы, микозы и др.) ; как противогрибковое, противовоспалительное, фунгицидное и ранозаживляющее средство."
"p183","Травы","Иван-чай узколистный (кипрей)","50 г","626",,,"Россия","24 месяца","4610002415618","","17","False","ivan-chai-uzkolistnyi-kiprei","https://firebasestorage.googleapis.com/v0/b/travnik-5cc55.firebasestorage.app/o/products%2Fivan-chai-uzkolistnyi-kiprei.jpg?alt=media&token=5f135504-0610-4a9a-b19f-e993c31b3326","https://www.flip.kz/catalog?prod=3021871",,"10 г. (1 ст. л.) сырья помещают в эмалированную посуду, заливают 1 стаканом горячей кипяченой воды, закрывают крышкой и нагревают на водяной бане 15 минут ⏳ при частом помешивании. Охлаждают 45 минут при комнатной температуре, процеживают. Оставшееся сырье отжимают. Объем полученного настоя доводят кипяченой водой до 200 мл. Принимают по 1/3 стакана 3 раза в день за 15-30 минут до еды . Противопоказания: индивидуальная непереносимость, повышенная свертываемость крови, беременность и кормление грудью. Перед применением: рекомендуется проконсультироваться с врачом ‍.","Иван-чай узколистный (кипрей)  Иван-чай — это натуральный витаминный чай с фруктово-ягодным вкусом и ароматом. Бодрящий купаж, не содержащий кофеина . Собраны в экологически чистой местности в Сибирском лесу . Укрепляет иммунитет, тонизирует, повышает работоспособность, регулирует обмен веществ, улучшает работу сердца, печени и почек, имеет приятный вкус и аромат."
"p184","Травы","Горец перечный (водяной перец)","50 г","642",,,"Россия","24 месяца","4610002414260","","34","False","gorets-perechnyi-vodyanoi-perets","https://firebasestorage.googleapis.com/v0/b/travnik-5cc55.firebasestorage.app/o/products%2Fgorets-perechnyi-vodyanoi-perets.jpg?alt=media&token=1a63968e-c535-4a2d-8910-d7e3095f636e","https://www.flip.kz/catalog?prod=3021873",,"1-2 ст. л. сырья залить 0,2-0,3 л кипятка, настоять 1 час ⏳ при комнатной температуре. Принимать по 1/3 от полученного объема 3 раза в день, каждую порцию процеживая через ситечко .","Горец перечный (водяной перец)  Применяется при геморрое, геморроидальном кровотечении, атоническом запоре, мочекаменной болезни. Оказывает диуретическое, анальгетическое, противогеморроидальное, противомикробное, слабительное, гемостатическое действие . Снижает содержание уратов."
"p185","Травы","Цетрарии исландского мха слоевища, отхаркивающее, при простуде и гриппе","50 г","2090",,,"Россия","24 месяца","4610002415700","","18","False","tsetrarii-islandskogo-mkha-sloevishcha-otkharkivayushchee-pri-prostude-i-grippe","https://firebasestorage.googleapis.com/v0/b/travnik-5cc55.firebasestorage.app/o/products%2Ftsetrarii-islandskogo-mkha-sloevishcha-otkharkivayushchee-pri-prostude-i-grippe.jpg?alt=media&token=ad226ad8-7e4b-473f-8d91-0cbb02fad304","https://www.flip.kz/catalog?prod=3021879","Исландский мох цетрария монотрава",,"Цетрарии исландского мха слоевища, отхаркивающее, при простуде и гриппе  Исландский мох (цетрария) — травяной сбор марки «Гордеев». Исландский мох — природное средство с мощным антисептическим, противовоспалительным и иммуномодулирующим действием. Используется при заболеваниях дыхательной системы, желудка и кишечника, помогает укрепить организм и повысить его защитные силы . Полезные свойства: • сффективен при заболеваниях верхних дыхательных путей — бронхите, ларингите, пневмонии, туберкулёзе; • обладает отхаркивающим, анальгетическим и антивирусным действием; • успокаивает кашель, снимает воспаления, уменьшает раздражение слизистых; • поддерживает иммунитет, тонизирует, способствует очищению организма; • нормализует работу желудочно-кишечного тракта, облегчает спазмы, вздутие, расстройства пищеварения. Активные вещества ускоряют метаболизм и помогают при снижении веса . Рекомендуется при: • заболеваниях верхних дыхательных путей, включая туберкулёз; •..."
"p186","Травы","Володушки трава (желчегонная)","50 г","576",,,"Россия","24 месяца","4610002414291","","14","False","volodushki-trava-zhelchegonnaya","https://firebasestorage.googleapis.com/v0/b/travnik-5cc55.firebasestorage.app/o/products%2Fvolodushki-trava-zhelchegonnaya.jpg?alt=media&token=f42f28e6-36aa-4f03-9c9d-1717a95f42f6","https://www.flip.kz/catalog?prod=3021886",,"1-2 ст. л. травы залить 0,2-0,3 л воды, довести до кипения, потомить 3-4 мин , настоять до остывания, процедить, растительное сырье отжать. Принимать по 1/4 от полученного объема 3-4 раза в день до еды . Особые указания: не является лекарством. Перед употреблением проконсультируйтесь с лечащим врачом ‍.","Володушки трава  Оказывает желчегонное действие. При болезнях печени и желчного пузыря, пониженной кислотности желудочного сока."
"p187","Травы","Иссопа трава","50 г","889",,,"Россия","24 месяца","4610002415731","","46","False","issopa-trava","https://firebasestorage.googleapis.com/v0/b/travnik-5cc55.firebasestorage.app/o/products%2Fissopa-trava.jpg?alt=media&token=c3062838-a48a-49f4-9cf2-b3e65cccd0de","https://www.flip.kz/catalog?prod=3021893",,,"Иссопа трава  Исландский мох — знаменитое лекарственное растение. Является разновидностью лишайников. Он известен также под названием цетрария исландская . Лечебные свойства его известны на протяжении многих столетий. Особенностью исландского мха является то, что он произрастает только в экологически чистых местах. Издревле люди в таких странах, как Исландия, Швеция, Норвегия, Финляндия и Россия, использовали исландский мох для питания и медицины . Для пищи мох измельчали в муку и выпекали хлеб, при кипячении мха устранялся горьких вкус. При приготовлении желе к мху можно было добавить миндаль и шоколад с лимоном. При варке в молоке получалось средство он недоедании и тошноты. Исландским мхом выхаживали слабых детей и стариков . Полезные свойства растения применяют и сейчас. Из мха выводят антибиотики, как следствие исландский мох используют как антибиотик, так же мох применяется в качестве общеукрепляющего средства после тяжелых болезней, заболеваниях..."
"p188","Травы","Галеги трава","50 г","576",,,"Россия","24 месяца","4610002414352","","59","False","galegi-trava","https://firebasestorage.googleapis.com/v0/b/travnik-5cc55.firebasestorage.app/o/products%2Fgalegi-trava.jpg?alt=media&token=062439c0-2542-4834-8278-af5107d83a63","https://www.flip.kz/catalog?prod=3021904",,"1-2 ст. л. сырья залить 0,2-0,3 л воды, довести до кипения, потомить...","Галеги трава  Галеги трава — лекарственное растение для лечения сахарного диабета 2 типа и преддиабета . Галега усиливает выработку инсулина, понижает уровень сахара в крови и усиливает иммунитет. Галега — сильное лекарство, требующее строгой дозировки, опасное при неумеренном потреблении. Галега оказывает лучший эффект в том случае, если её использовать на начальной стадии заболевания. Галегу применяют в качестве лактогонного средства в период кормления у матерей, так как она способствует лучшему движению жидкости по всему организму, тем самым вырабатывая больше молока . Кроме снижения сахара в крови, галега ещё и увеличивает толерантность к глюкозе, а значит, организм очень быстро отреагирует в случае изменения содержимого глюкозы в нём. Трава галеги применяется в качестве средства, ускоряющего углеводный обмен веществ с образованием АТФ — главного источника энергии в нашем организме ."
"p189","Травы","Герань кроваво-красная","50 г","724",,,"Россия","24 месяца","4610002414383","","5","False","geran-krovavo-krasnaya","https://firebasestorage.googleapis.com/v0/b/travnik-5cc55.firebasestorage.app/o/products%2Fgeran-krovavo-krasnaya.jpg?alt=media&token=ba37da66-ee4f-488a-ab43-502351a32d9b","https://www.flip.kz/catalog?prod=3021922",,"2 ст.л. сырья заливают 2 стаканами кипяченой воды, настаивают при комнатной температуре 45 минут ⏳, процеживают. Принимают по 1/3 стакана 3 раза в день . Противопоказания: индивидуальная непереносимость.","Герань кроваво-красная  Назначение: при ревматизме, маточных, легочных, носовых кровотечениях, бронхите, гастрите, энтерите, пищевых отравлениях, поносах, болях в суставах, переломах костей; при ангине, стоматите, глоссите — в виде промываний, полосканий, примочек и ванн . Как вяжущее, противовоспалительное дезинфицирующее, антимикробное, антитоксическое, ранозаживляющее, обезболивающее, успокаивающее и кровоостанавливающее средство ."
"p190","Травы","Герани лесной трава","50 г","724",,,"Россия","24 месяца","4610002414413","","3","False","gerani-lesnoi-trava","https://firebasestorage.googleapis.com/v0/b/travnik-5cc55.firebasestorage.app/o/products%2Fgerani-lesnoi-trava.jpg?alt=media&token=976be6bd-d3e4-4607-b69b-bcf7d67ec918","https://www.flip.kz/catalog?prod=3021934",,"2 ст.л. сырья заливают 2 стаканами холодной кипяченой воды, настаивают при комнатной температуре 8 часов , процеживают. Принимают глотками 5-6 раз в день во время еды . Перед употреблением настой рекомендуют взбалтывать. Противопоказания: индивидуальная непереносимость.","Герани лесной трава  Назначение: при почечно-каменной болезни, при ревматизме, подагре, маточных, легочных, носовых кровотечениях ; бронхите, гастрите, энтерите, пищевых отравлениях, поносах, болях в суставах, переломах костей; при ангине, стоматите, глоссите — в виде промываний, полосканий, примочек и ванн ."
"p191","Травы","Каштан конский семена","50 г","823",,,"Россия","24 месяца","4610002415854","","16","False","kashtan-konskii-semena","https://firebasestorage.googleapis.com/v0/b/travnik-5cc55.firebasestorage.app/o/products%2Fkashtan-konskii-semena.jpg?alt=media&token=e98598d0-9985-41e2-bd71-c2f9c9737aab","https://www.flip.kz/catalog?prod=3021965",,"• 1/3-1/2 ст. л. сырья залить 0,2-0,3 л воды, довести до кипения, потомить 3-4 мин , настоять до остывания, процедить. Принимать по 1/3 от полученного объема 3 раза в день до еда ; •...","Каштан конский семена  Плоды конского каштана издавна высоко ценится в медицине, хотя не предназначен для употребления в пищу. Он широко используется в качестве высокоэффективного целебного средства в народной медицине, так как обладает низкой токсичностью и богат полезными веществами для организма. Согласно отзывам, спиртовые настойки плодов конского каштана помогают избавиться от большинства острых и хронических болезней, обладают общеукрепляющим действием . Цена природного препарата доступна для каждого, к тому же он характеризуется более интенсивными бактерицидными и ранозаживляющими свойствами, по сравнению со многими синтетическими медикаментами . Плоды этого дерева входят в состав традиционных медпрепаратов, которые пользуются особым спросом в аптеках."
"p192","Травы","Герани луговой трава","50 г","576",,,"Россия","24 месяца","4610002414444","","11","False","gerani-lugovoi-trava","https://firebasestorage.googleapis.com/v0/b/travnik-5cc55.firebasestorage.app/o/products%2Fgerani-lugovoi-trava.jpg?alt=media&token=e9f6793f-4fd9-48ff-9e9f-d976d6e58b38","https://www.flip.kz/catalog?prod=3021972",,"• отвар: 1 столовую ложку сырья залить 0,5 л воды. Варить 10 минут. Настаивать 1 час ⏳. Выпивать глотками в течение дня. Использовать в качестве полосканий при стоматитах, гингивитах, ангине; • настой: 2 столовых ложки сырья настаивать 8 часов в 2 стаканах холодной кипяченой воды . Процедить. Настой выпить в...","Герани луговой трава  В народной медицине растение используют для лечения поносов, маточных и геморроидальных кровотечений . Применяют герань также при лечении эпилепсии и лечении после укусов змей . В зависимости от дозы препараты герани могут возбуждать или угнетать функцию центральной нервной системы. Внутрь настой корней применяют при нарушении пищеварения и отравлениях. Наружно настои и отвары корней применяют в виде ванн и примочек при долго не заживающих гнойных ранах, язвах, нарывах, ревматизме. Пастой травы используются для лечения ангины и заболеваний ротовой полости в виде полосканий, теплым настоем моют голову при выпадении волос ‍."
"p193","Травы","Василька лугового трава","50 г","510",,,"Россия","24 месяца","4690324004974","","6","False","vasilka-lugovogo-trava","https://firebasestorage.googleapis.com/v0/b/travnik-5cc55.firebasestorage.app/o/products%2Fvasilka-lugovogo-trava.jpg?alt=media&token=39bfc58b-9961-44ab-9ab8-44e919f8bc80","https://www.flip.kz/catalog?prod=3021982",,"1-2 ст. л. травы залить 0,2-0,3 л кипятка, настоять 1 час ⏳ при комнатной температуре. Принимать по 1/3 от полученного объема 3 раза в день, каждую порцию процеживая через ситечко .","Василька лугового трава  Обладает мочегонным, противовоспалительным, жаропонижающим действием. Применяется: при заболеваниях печени и желчевыводящих путей, желтухе, асцитах печеночного и сердечного происхождения, а также при болезнях почек и мочевыводящих путей (уретриты, циститы, пиелонефриты и др.) ."
"p194","Травы","Гинкго билоба листья","50 г","1234",,,"Россия","24 месяца","4610002414475","","139","False","ginkgo-biloba-listya","https://firebasestorage.googleapis.com/v0/b/travnik-5cc55.firebasestorage.app/o/products%2Fginkgo-biloba-listya.jpg?alt=media&token=5fb28627-97b5-4673-81ec-7f37f3ef3224","https://www.flip.kz/catalog?prod=3021987",,"1-2 ст.л. сырья залить 0,2-0,3 л кипятка, настоять 1 час ⏳ при комнатной температуре. Принимать по 1/3 от полученного объема 3 раза в день, каждую порцию процеживая через ситечко .","Гинкго билоба листья  Обладают общеукрепляющим, противовоспалительным, иммуностимулирующим действием. Улучшают мозговое кровообращение, память, умственную активность ; при церебральной недостаточности, старении коры головного мозга, депрессии, ухудшении зрения и болезнях глаз, потери слуха, шуме в ушах ; при сердечно-сосудистых заболеваниях (в том числе атеросклероз, варикоз, тромбофлебит). Поддерживают физическую и умственную работоспособность при физических и психических нагрузках . Рекомендуемая возрастная группа — люди среднего возраста и пожилые. Детям до 12 лет не рекомендуется."
"p195","Травы","Вишни листья","50 г","724",,,"Россия","24 месяца","4690324004998","","0","False","vishni-listya","https://firebasestorage.googleapis.com/v0/b/travnik-5cc55.firebasestorage.app/o/products%2Fvishni-listya.jpg?alt=media&token=c5e53430-e785-46e7-a2b0-2cb83945a571","https://www.flip.kz/catalog?prod=3021994",,"1-2 ст. л. листьев залить 0,2-0,3 л кипятка, настоять 1 час ⏳, процедить. Принимать по 3-4 раза в день или использовать для спринцеваний. Для примочек: 1 ст. л. листьев заварить в 0,5 ст. кипятка, смочить кусочек ваты, слегка отжать. Делать примочки на глаза 15-20 мин .","Вишни листья  Применяется при ЖКТ, панкреатите, колитах, аднекситах, кольпитах, гинекологических заболеваниях; как кровоостанавливающее средство . Наружно: при экземе и близорукости ."
"p196","Травы","Горца альпийского трава","50 г","724",,,"Россия","24 месяца","4610002414567","","7","False","gortsa-alpiiskogo-trava","https://firebasestorage.googleapis.com/v0/b/travnik-5cc55.firebasestorage.app/o/products%2Fgortsa-alpiiskogo-trava.jpg?alt=media&token=47fb5bf2-da88-42b6-95d2-71c2dbf805e9","https://www.flip.kz/catalog?prod=3022005",,"1-2 ст.л травы залить 0,2-0,3 л воды, довести до кипения, потомить 3-4 мин , настоять до остывания, процедить. Принимать по 1/3 от полученного объема 3 раза в день до еды .","Горца альпийского трава  В народной медицине применяется в качестве вяжущего средства при дизентерии, кровавых поносах, язвенной болезни желудка, заболеваниях нервной системы, атеросклерозе, гипертонической болезни; настои обладают тонизирующим и диуретическими свойствами . Учитывая большое содержание витамина С в экстрактах, таран рекомендуют в качестве добавки к чаю для его обогащения витамином С ."
"p197","Травы","Кровохлебка корневище с корнями","100 г","1070",,,"Россия","24 месяца","4610002416349","","36","False","krovokhlebka-kornevishche-s-kornyami","https://firebasestorage.googleapis.com/v0/b/travnik-5cc55.firebasestorage.app/o/products%2Fkrovokhlebka-kornevishche-s-kornyami.jpg?alt=media&token=2fbcbb93-1587-43be-9287-fc69e8dcafd6","https://www.flip.kz/catalog?prod=3022006",,"столовую ложку корня залить 250 мл воды, кипятить 20 минут на водяной бане, настоять 1 час ⏳, долить кипячёной воды до первоначального объема. Пить по 70 мл, 3 раза в день за 30 минут до еда . Противопоказания: индивидуальная непереносимость. Перед применением: рекомендуется проконсультироваться с врачом ‍.","Кровохлебка корневище с корнями  Отвар корней кровохлёбки помогает при заболеваниях желудочно-кишечного тракта (поносах, энтероколитах, дизентерии). Как кровоостанавливающее средство, при обильных менструациях и маточных кровотечениях, геморрое. Отвар корней используют в виде полосканий при ангине, стоматите и гингивите ."
"p198","Травы","Крушины кора","100 г","1563",,,"Россия","24 месяца","4610002416370","","6","False","krushiny-kora","https://firebasestorage.googleapis.com/v0/b/travnik-5cc55.firebasestorage.app/o/products%2Fkrushiny-kora.jpg?alt=media&token=90cd8a4a-deea-4883-8ec3-76cf411126be","https://www.flip.kz/catalog?prod=3022014",,"1-2 ст. л. сырья запить 0,2-0,3 л воды, довести до кипения, потомить 3-4 мин , настоять до остывания, процедить, растительное сырье отжать. Принимать одной порцией перед сном . Противопоказания: индивидуальная непереносимость. Перед применением: рекомендуется проконсультироваться с врачом ‍.","Крушины кора  Крушины кора положительно влияет на кишечную микрофлору, уничтожая все вредные организмы. Кора крушины содержит немало биологически активных веществ, в том числе алкалоиды, а также дубильные вещества, эфирные масла, органические кислоты и пр. Крушина оказывает раздражающее действие на толстый кишечник, что проявляется усилением перистальтики. Отвар коры крушины обладает слабительным эффектом и используется при запорах, геморрое, спастическом колите и трещине прямой кишки . Кора крушина может быть использована при принятии ванны, что способствует избавлению от чесотки ."
"p199","Травы","Горца змеиного корневища","100 г","1399",,,"Россия","24 месяца","4690324005100","","22","False","gortsa-zmeinogo-kornevishcha","https://firebasestorage.googleapis.com/v0/b/travnik-5cc55.firebasestorage.app/o/products%2Fgortsa-zmeinogo-kornevishcha.jpg?alt=media&token=e7aff9d1-83d8-423b-b383-f27ad0e22a25","https://www.flip.kz/catalog?prod=3022016",,"1-2 ст. л. сырья залить 0,2-0,3 л воды, довести до кипения, потомить 3-4 мин , настоять до остывания до 60 °С, процедить в теплом виде. Принимать по 1/3 от полученного объема 3 раза в день .","Горца змеиного корневища  Применяются при поносах, язвенной болезни желудка и двенадцатиперстной кишки, острых воспалительных процессах кишечника, внутренних желудочных, кишечных, маточных кровотечениях ; как противовоспалительное, кровоостанавливающее, вяжущее, ранозаживляющее средство. Наружно для лечения ран, фурункулов, гингивитов, стоматитов; воспалений влагалища в виде ванночек, ополаскиваний, примочек, спринцеваний ."
"p200","Травы","Горца птичьего (спорыша) трава","50 г","560",,,"Россия","24 месяца","4610002414628","","35","False","gortsa-ptichego-sporysha-trava","https://firebasestorage.googleapis.com/v0/b/travnik-5cc55.firebasestorage.app/o/products%2Fgortsa-ptichego-sporysha-trava.jpg?alt=media&token=52d62837-5252-4b59-907f-5e9d9cfd35de","https://www.flip.kz/catalog?prod=3022041",,"около 15 г (3 столовые ложки) горца птичьего (спорыша) травы помещают в эмалированную посуду, заливают 200 мл (1 стакан) кипятка, накрывают и нагревают на кипящей водяной бане в течение 15 минут, охлаждают при комнатной температуре 45 минут, процеживают, оставшееся сырье отжимают ⏳. Объем полученного настоя доводят кипяченой водой до 200 мл....","Горца птичьего (спорыша) трава  Применяется как мочегонное, вяжущее, жаропонижающее, противовоспалительное, ранозаживляющее, кровоостанавливающее, тонизирующее, общеукрепляющее, понижающее кровяное давление, противоглистное средство , применяется при болезнях печени, почек, мочевого пузыря, почечнокаменной болезни, отеках, поносах, язве желудка, желудочно-кишечных заболеваниях, малярии, туберкулезе легких, геморрое, маточных кровотечениях, нервном истощении, слабости после болезней , наружно — при заболеваниях кожи, ранах, язвах . Один из лучших регуляторов обменных процессов, в т.ч. липидного ."
"p201","Травы","Мордовника плоды","50 г","1119",,,"Россия","24 месяца","4690324005223","","8","False","mordovnika-plody","https://firebasestorage.googleapis.com/v0/b/travnik-5cc55.firebasestorage.app/o/products%2Fmordovnika-plody.jpg?alt=media&token=3ba414ad-e527-405d-b91f-e11f3bc69d81","https://www.flip.kz/catalog?prod=3022044",,"1 ст. ложка семян заливается 500 мл водки и настаивается 15 дней в темном месте . Периодически емкость встряхивается. В первый день приема выпивают 3 капли трижды в день, перед едой. Каждый следующий день увеличивать дозировку на 1 каплю, доведя их количество до 15 штук и дальше без увеличения. Перед приемом капли растворяют в ¼ стакане воды . Курс — 3 недели.","Мордовника плоды  Семена мордовника используются при различных патологиях нервной системы, в том числе, рассеянном склерозе, низком мышечном тонусе, после перенесенного инсульта , головных болях, резких скачках давления, эпилепсии, заболеваниях желудка и кишечника . Мордовник обладает мочегонным эффектом, используется при кожных заболеваниях ."
"p202","Травы","Овса молочной спелости трава","50 г","576",,,"Россия","24 месяца","4690324005384","","37","False","ovsa-molochnoi-spelosti-trava","https://firebasestorage.googleapis.com/v0/b/travnik-5cc55.firebasestorage.app/o/products%2Fovsa-molochnoi-spelosti-trava.jpg?alt=media&token=d61cd8e8-2527-40ba-8713-c3a692d52d15","https://www.flip.kz/catalog?prod=3022055",,,"Овса молочной спелости трава  Используют при заболеваниях дыхательных путей, печени (гепатите, холецистите, энтероколите), мочекаменной болезни, цистите, нефрите, ожирении, язве желудка и двенадцатиперстной кишки, панкреатите, сердечно-сосудистых заболеваниях, сахарном диабете, бессоннице, нервном истощении, кожных заболеваниях . Настой травы способствует повышению иммунитета, укреплению сосудов, выведению шлаков и излишков холестерина, а также нормализует жировой обмен . Способ заваривания: 1 ст.л. травы залить 0,2 л кипятка, настоять 1 час, процедить ⏳. Принимать равными долями 3-4 раза в день за 10-15 минут перед приемом пищи."
"p203","Травы","Лапчатка белая корневища","50 г","4393",,,"Россия","24 месяца","4610002416608","","60","False","lapchatka-belaya-kornevishcha","https://firebasestorage.googleapis.com/v0/b/travnik-5cc55.firebasestorage.app/o/products%2Flapchatka-belaya-kornevishcha.jpg?alt=media&token=717dadcf-c72c-4738-b28c-c1ebbc5cf4b3","https://www.flip.kz/catalog?prod=3022063",,"Настойка: — 50 г корней залить 500 г водки, настоять месяц, процедить ⏳. Пить по 20-30 капель 3 раза в день за 15-20 мин до еды. После месяца приема — перерыв 7 дней. Затем курс повторить. Для оздоровления щитовидной железы в начальной стадии используют 100-150 г корней, при запущенной 300-500 г. Детям дозу уменьшают вдвое. Отвар: — 1 ст. л. корней залить 500 мл кипятка, настоять 40 мин. После охлаждения процедить, долить до первоначального объема кипяченой воды. Пить по 1/3 стакана 3 раза в день до еды. Противопоказания:...","Лапчатка белая корневища  Применяются в качестве средства, регулирующего функцию щитовидной железы (тиреотоксикоз, гипотиреоз, гиперплазия щитовидной железы) ; при заболеваниях печени, сердечно-сосудистой системы и желудочно-кишечного тракта, язвы. Особое значение приобретает использование лапчатки белой в регионах с дефицитом йода, а также для очистки организма от тяжелых металлов и нормализации обмена веществ ."
"p204","Травы","Смородины листья","50 г","1201",,,"Россия","24 месяца","4690324005537","","0","False","smorodiny-listya","https://firebasestorage.googleapis.com/v0/b/travnik-5cc55.firebasestorage.app/o/products%2Fsmorodiny-listya.jpg?alt=media&token=eeb5038d-e36b-479d-8939-86800d8f6889","https://www.flip.kz/catalog?prod=3022064",,"1-2 ст. л. сырья залить 0,2-0,3 л воды, довести до кипения, потомить 3-4 мин, настоять до остывания, процедить ⏳. Принимать по 1/3 от полученного объема 3 раза в день до еды.","Смородины листья  Применяются как поливитаминное, мочегонное, противовоспалительное, тонизирующее, вяжущее, общеукрепляющее средство , при гиповитаминозах, астении, малокровии, простудных заболеваниях, нарушении обмена веществ, мочекаменной болезни, ревматизме, хронических заболеваниях кожи, метеоризме, атеросклерозе, гипертонии, диарее, туберкулезе, подагре, диатезе, асците ."
"p205","Травы","Бузины черной плоды","50 г","2090",,,"Россия","24 месяца","4690324005568","","0","False","buziny-chernoi-plody","https://firebasestorage.googleapis.com/v0/b/travnik-5cc55.firebasestorage.app/o/products%2Fbuziny-chernoi-plody.jpg?alt=media&token=b907e795-d0ea-4be4-b8b4-fe661b7c6b45","https://www.flip.kz/catalog?prod=3022119",,"1-2 ст. л. сырья залить 0,2-0,3 л воды комнатной температуры, настоять 12 часов, процедить ⏳. Принимать по 1/2-1/3 от полученного объема до еды.","Бузины черной плоды  Применяются при водянке, дизентерии, диабете, болезни почек и мочевого пузыря ; как противовоспалительное, мочегонное, успокаивающее, слабительное средство ."
"p206","Травяные сборы 100 г","Сбор травяной «Желчный пузырь без камней»","100 г","2057",,"листовой","Россия","24 месяца","4690324019121","","9","False","sbor-travyanoi-zhelchnyi-puzyr-bez-kamnei","https://firebasestorage.googleapis.com/v0/b/travnik-5cc55.firebasestorage.app/o/products%2Fsbor-travyanoi-zhelchnyi-puzyr-bez-kamnei.jpg?alt=media&token=9983ab42-6f7e-436e-852b-162aac77ab46","https://www.flip.kz/catalog?prod=3022133",,"1 ст. л. сбора залить 0,2 мл кипятка, настоять 1 час при комнатной температуре ⏳. Принимать по 1/3 от полученного объема, каждую порцию процеживая через ситечко 3 раза в день через 10-15 минут после еды. Минимальный курс приема: от 2-3 месяцев до года и более. Желательно после каждого месяца оздоровления делать перерыв в 7-10 дней.","Сбор травяной «Желчный пузырь без камней»  Рекомендован при желчнокаменной болезни, холестазе (застое желчи в печени, желчевыводящих протоках, желчном пузыре) , болезни Жильбера (повышенный билирубин в крови). При патологии печени и желчевыводящих путей; при горечи во рту дополнительно по ½ ч.л. сока корней дягиля . Для усиления действия напитка чайного советуем придерживаться рекомендаций по питанию Гордеева М.В. ."
"p207","Травы","Лопуха большого корни","100 г","1746",,,"Россия","24 месяца",,"",,"False","lopukha-bolshogo-korni","https://firebasestorage.googleapis.com/v0/b/travnik-5cc55.firebasestorage.app/o/products%2Flopukha-bolshogo-korni.jpg?alt=media&token=9d1adc30-4fba-4abe-9836-18ed0c4616a9","https://www.flip.kz/catalog?prod=3022136",,"1-2 ст.л. сырья залить 0,2-0,3 л воды, довести до кипения, потомить 3-4 мин, настоять до остывания, процедить, растительное сырье отжать ⏳. Принимать по 1/3-1/4 от полученного объема 3-4 раза в день до еды. Противопоказания: индивидуальная непереносимость. Перед применением: рекомендуется проконсультироваться с врачом ‍.","Лопуха большого корни  Корень лопуха улучшает работу желудочно-кишечного тракта, обладает желчегонным и мягким слабительным действием, ускоряет выведение из организма токсических веществ , оказывает лимфодренажное и мочегонное действие, выводит лишнюю жидкость из организма, улучшает обмен веществ . Обладает антимикробным, антисептическим, противовоспалительным, жаропонижающим, потогонным, ранозаживляющими и противогрибковыми свойствами . Корни и корневища лопуха известны как дезинтоксикационное, мочегонное, потогонное, противовоспалительное, солевыводящее, противоаллергическое, гипогликемическое средство."
"p208","Мази и кремы","Крем «Грудь здоровая-3» при раке молочной железы","60 г","2517",,,"Россия","24 месяца","4690324019510","","26","False","krem-grud-zdorovaya-3-pri-rake-molochnoi-zhelezy","https://firebasestorage.googleapis.com/v0/b/travnik-5cc55.firebasestorage.app/o/products%2Fkrem-grud-zdorovaya-3-pri-rake-molochnoi-zhelezy.jpg?alt=media&token=c799eb19-6f84-4363-b767-e33c193f39fe","https://www.flip.kz/catalog?prod=3022195",,"2 раза в день мазь тонким слоем нанести на проекцию очага поражения. Грудь не массировать и не греть .","Крем «Грудь здоровая-3»  Применяется при новообразованиях молочной железы. Способствует улучшению состояния окружающих новообразование тканей, снятию воспаления, отека . Обладает антибактериальным эффектом . Останавливает рост патологического очага. Уменьшает вероятность метастазирования . Препятствует вторичным изменениям в тканях, связанных с нарушением микроциркуляции в области поражения."
"p209","Мази и кремы","Мазь «Комфорт» противозудная","60 г","2517",,,"Россия","24 месяца","4690324019527","","13","False","maz-komfort-protivozudnaya","https://firebasestorage.googleapis.com/v0/b/travnik-5cc55.firebasestorage.app/o/products%2Fmaz-komfort-protivozudnaya.jpg?alt=media&token=4b5f0396-57f4-4c79-926f-5633ff28b40f","https://www.flip.kz/catalog?prod=3022196",,,"Мазь «Комфорт» противозудная  Используется в качестве противозудного, противовоспалительного и противомикробного средства при различных аллергических заболеваниях (диатезы, аллергические дерматиты, экземы, крапивница и др.) , улучшает обмен веществ . Минимальный курс: от нескольких недель до полугода (в зависимости от эффекта и тяжести заболевания). При необходимости курс оздоровления можно повторять несколько раз в год ⏳."
"p210","Травы","Девясила корневища с корнями","100 г","1316",,,"Россия","24 месяца","4610002414758","","8","False","devyasila-kornevishcha-s-kornyami","https://firebasestorage.googleapis.com/v0/b/travnik-5cc55.firebasestorage.app/o/products%2Fdevyasila-kornevishcha-s-kornyami.jpg?alt=media&token=c6ad08cf-31c7-4088-9da5-2493a4dafdf2","https://www.flip.kz/catalog?prod=3022207",,"Около 16 г (2 ст. ложки) корней и корневищ помещают в эмалированную посуду, заливают 200 мл (1 стакан) горячей кипяченой воды, закрывают крышкой и настаивают на кипящей водяной бане 30 мин, охлаждают при комнатной температуре 10 мин, процеживают, оставшееся сырье отжимают ⏳. Объем полученного отвара доводят кипяченой водой до 200 мл. Принимают внутрь в теплом виде по 1/2 стакана 2-3 раза в день за 1 ч до еды. Курс лечения 2 недели. Перед употреблением отвар рекомендуется взбалтывать.","Девясила корневища с корнями  Применяют при болезнях печени, почек, желудочно-кишечного тракта, геморрое, кашле, бронхитах; как отхаркивающее, противовоспалительное, антимикробное, вяжущее, спазмолитическое, обезболивающее средство . Наружно для полосканий при воспалении десен ."
"p211","Мази и кремы","Мазь противоаллергическая «Пыленос»","60 г","2517",,,"Россия","24 месяца","4690324019558","","16","False","maz-protivoallergicheskaya-pylenos","https://firebasestorage.googleapis.com/v0/b/travnik-5cc55.firebasestorage.app/o/products%2Fmaz-protivoallergicheskaya-pylenos.jpg?alt=media&token=7ebf6b2d-37bc-4313-a221-e1eadd69409e","https://www.flip.kz/catalog?prod=3022219",,"3-4 раза в день смазать изнутри обе ноздри. Продолжительность применения от 2-3 недель до 2-3 месяцев до исчезновения симптомов поллиноза ⏳. При необходимости курс оздоровления можно повторять 2-3 раза в год (особенно в весенне-осенний период). Целесообразно одновременно принимать напитки чайные аналогичного действия.","Мазь «Пыленос» приготовлена из натурального экологически чистого растительного сырья без консервантов, ароматизаторов и других синтетических добавок . Важной особенностью фитомази является комплексное оздоровительное воздействие не только на проблемные участки кожи, но и опосредованно на весь организм в целом . Применяется при весеннем поллинозе, сопровождающемся следующими симптомами: чиханием, слезотечением, насморком, першением в горле, зудом носа, покраснением лица и зева ."
"p212","Травы","Плакун-трава (Дербенник иволистный)","70 г","724",,,"Россия","24 месяца","4610002414772","","41","False","plakun-trava-derbennik-ivolistnyi","https://firebasestorage.googleapis.com/v0/b/travnik-5cc55.firebasestorage.app/o/products%2Fplakun-trava-derbennik-ivolistnyi.jpg?alt=media&token=73a47c4b-6264-44c8-a12a-f44ede1f856c","https://www.flip.kz/catalog?prod=3022221",,"1-4 ст. л. травы залить 0,2-0,4 л кипятка. Настоять 1 час. Выпить в течение дня равными порциями в 2-4 приема, каждую порцию процеживая через ситечко ⏳.","Плакун-трава (Дербенник иволистный)  Применяется при любых патологических состояниях, вызванных недостаточностью притока артериальной крови в голову (при предынсультных и инсультных состояниях по ишемическому типу), головокружениях, головной боли давящего характера, судорожном синдроме ; варикозном расширении сосудов нижних конечностей, геморрое, кровотечениях в органах, расположенных ниже диафрагмы (маточных, кишечных, желудочных), в качестве средства, перераспределяющего кровоток в пользу частей тела, расположенных выше диафрагмы, включая голову ."
"p213","Мази и кремы","Мазь заживляющая «С грецким орехом»","60 г","2945",,,"Россия","24 месяца","4690324019572","","13","False","maz-zazhivlyayushchaya-s-gretskim-orekhom","https://firebasestorage.googleapis.com/v0/b/travnik-5cc55.firebasestorage.app/o/products%2Fmaz-zazhivlyayushchaya-s-gretskim-orekhom.jpg?alt=media&token=9f135523-d347-41b4-ba08-540234ff89e1","https://www.flip.kz/catalog?prod=3022229",,"2 раза в день мазь тонким слоем нанести на проекцию больного органа. При мастопатии и онкологии груди не массировать и не греть!!!  В гинекологии тампон с мазью на ночь.","Мазь с грецким орехом заживляющая  Эффективно помогает при трудно заживающих язвах, ожогах, геморрое, угревой сыпи, фиброзно-кистозных образованиях молочных желез, щитовидной железы, в т.ч. мастопатии, при гинекологических заболеваниях ."
"p214","Травы","Донник лекарственный (жёлтый)","50 г","510",,,"Россия","24 месяца","4610002414802","","12","False","donnik-lekarstvennyi-zheltyi","https://firebasestorage.googleapis.com/v0/b/travnik-5cc55.firebasestorage.app/o/products%2Fdonnik-lekarstvennyi-zheltyi.jpg?alt=media&token=6b0997ab-01ef-4a68-b73f-862088dea947","https://www.flip.kz/catalog?prod=3022235",,,"Донник лекарственный (жёлтый)  В научной медицине препараты (пластырь донниковый) из травы донника применяется наружно — накладывают на абсцессы и фурункулы в качестве наружного смягчающего и отвлекающего средства . Донник лекарственный применяют также для ванн при кожных заболеваниях . Кумарин, содержащийся в траве донника лекарственного действует на центральную нервную систему угнетающе, обладает противосудорожным действием . У больных лейкопенией на почве лучевой терапии кумарин эффективен, увеличивает количество лейкоцитов, и в меньшей степени — лимфоцитов . В народной медицине донник лекарственный находит разнообразные способы применения. Внутрь, в виде отвара или настоя для понижения артериального давления, снижения свертываемости крови, при опухолях суставов, при болезненных месячных, при головной боли, в период лактации в качестве молокогонного средства, а также при воспалении грудных желез . Наружно накладывают компресс при гнойных ранах и язвах, фурункулах,..."
"p215","Мази и кремы","Мазь при переломах и растяжениях «С окопником»","60 г","3142",,,"Россия","24 месяца","4690324019589","","36","False","maz-pri-perelomakh-i-rastyazheniyakh-s-okopnikom","https://firebasestorage.googleapis.com/v0/b/travnik-5cc55.firebasestorage.app/o/products%2Fmaz-pri-perelomakh-i-rastyazheniyakh-s-okopnikom.jpg?alt=media&token=77e07ee4-3da9-43d4-87b0-bd62dc71fdb5","https://www.flip.kz/catalog?prod=3022241",,"2-3 раза в сутки мазь втирается в проблемные участки тела, желательно укутать их затем шерстяной тканью . Минимальный курс приёма: от 2-3 месяцев до полугода. При необходимости курс оздоровления можно повторить несколько раз в год, особенно в осенне-весенний период ⏳.","Мазь с окопником Применяется при любых костных патологиях (переломы, остеомиелит, воспаление надкостницы), вывихах и растяжениях сухожилий, ускоряет сращивание костей, снимает боль и подавляет воспалительные процессы ."
"p216","Травы","Дуба кора","100 г","905",,,"Россия","24 месяца","4610002414901","","10","False","duba-kora","https://firebasestorage.googleapis.com/v0/b/travnik-5cc55.firebasestorage.app/o/products%2Fduba-kora.jpg?alt=media&token=36373aa1-192a-4412-a787-30994202e33e","https://www.flip.kz/catalog?prod=3022250","1","1-2 ст. л. измельченной коры залить 0,2-0,3 л воды, довести до кипения, варить на медленном огне 5-10 мин, настоять 30 мин, процедить. Принимать внутрь по 1/3 от полученного объема 3 раза в день до еды; наружно — для полосканий, ванн, примочек.","Дуба кора. Применяется: • внутрь: при диареи, дизентерии, желудочно-кишечных кровотечениях; • наружно: при пародонтозе, кровоточивости десен; в гинекологии для спринцеваний; при потливости ног в виде ванн; как вяжущее, противовоспалительное, антисептическое средство."
"p217","Мази и кремы","Мазь «Микофит» противогрибковая","60 г","2517",,,"Россия","24 месяца","4690324019619","","14","False","maz-mikofit-protivogribkovaya","https://firebasestorage.googleapis.com/v0/b/travnik-5cc55.firebasestorage.app/o/products%2Fmaz-mikofit-protivogribkovaya.jpg?alt=media&token=09fba776-2aba-4f56-8d86-3c39a5707048","https://www.flip.kz/catalog?prod=3022257",,"1-3 раза в сутки мазь втирается в пораженные участки кожи. Максимальная недельная доза — 100 г мази. Минимальный курс приёма: от 1-2 недель до 2-3 месяцев. При необходимости курс оздоровления можно повторить несколько раз в год. Целесообразно одновременно с местным лечением «Противогрибковой мазью» регулярно принимать чайные напитки иммуномодулирующего действия ⏳. Противопоказания: индивидуальная непереносимость отдельных компонентов. Курение и алкоголь существенно уменьшают лечебный эффект мази .","Мазь «Микофит» противогрибковая  Мазь противогрибковая «Микофит» приготовлена из натурального экологически чистого растительного сырья без консервантов, ароматизаторов и других синтетических добавок . Важной особенностью фитомази является комплексное оздоровительное воздействие не только на проблемные участки кожи, но и опосредованно на весь организм в целом ."
"p218","Травы","Льнянки трава","50 г","905",,,"Россия","24 месяца","4610002416875","","5","False","lnyanki-trava","https://firebasestorage.googleapis.com/v0/b/travnik-5cc55.firebasestorage.app/o/products%2Flnyanki-trava.jpg?alt=media&token=916f1e85-0aec-4abb-a1d2-a7ae6b414fd2","https://www.flip.kz/catalog?prod=3022261",,"1-2 ст. л. сырья залить 0,2-0,3 л воды, довести до кипения, потомить 3-4 мин, настоять до остывания, процедить. Выпить ближе к ночи в 1-2 приема. Противопоказания: индивидуальная непереносимость. Перед применением: рекомендуется проконсультироваться с врачом.","Льнянки трава. Применяется при атонических запорах (вялости кишечника), геморрое, сосудистой недостаточности; как противовоспалительное, легкое слабительное, сосудоукрепляющее, обезболивающее средство."
"p219","Мази и кремы","Крем при новообразованиях «Щитовидная железа здоровая-3 Нео»","60 г","2517",,,"Россия","24 месяца","4690324019695","","7","False","krem-pri-novoobrazovaniyakh-shchitovidnaya-zheleza-zdorovaya-3-neo","https://firebasestorage.googleapis.com/v0/b/travnik-5cc55.firebasestorage.app/o/products%2Fkrem-pri-novoobrazovaniyakh-shchitovidnaya-zheleza-zdorovaya-3-neo.jpg?alt=media&token=97b81c8a-540a-444b-a2e3-77131ad473cb","https://www.flip.kz/catalog?prod=3022268",,"2-3 раза в сутки крем наносится на пораженную область.","Крем «Щитовидная железа здоровая-3 Нео»  Применяется при новообразованиях в щитовидной железе . Препятствует регрессии тиреоцитов, разрастанию соединительной ткани, развитию вторичных поражений — некрозов, кровоизлияний в тканях железы . Способствует восстановлению нормальной структуры щитовидной железы ."
"p220","Травы","Дурнишника трава","50 г","905",,,"Россия","24 месяца","4610002414925","","230","False","durnishnika-trava","https://firebasestorage.googleapis.com/v0/b/travnik-5cc55.firebasestorage.app/o/products%2Fdurnishnika-trava.jpg?alt=media&token=9fb6253d-eaff-4630-aa5e-200fd5766694","https://www.flip.kz/catalog?prod=3022269",,,"Дурнишника трава. Дурнишник (овечий репейник) имеет множество полезных свойств для организма. Положительно влияет на ЖКТ, сердечно-сосудистую, мочевыводящую, эндокринную системы, суставы, кожу. Помогает при болезнях кожи, онкологических заболеваниях. Польза для организма: • спазмолитическое действие: содержит активные вещества, которые обладают спазмолитическим эффектом, то есть могут помочь снять судороги и спазмы. Полезен при болях в желудке или кишечнике, вызванных судорожной активностью; • противовоспалительные свойства: при различных воспалительных состояниях, таких как артрит или ревматизм; • диуретическое действие: обладает диуретическим эффектом, что означает, что он стимулирует выведение жидкости из организма через почки. Это может быть полезно для поддержания здоровья мочевой системы и предотвращения задержки жидкости в организме; • способствует укреплению сердца и сосудов: овечий репейник укрепляет сердечную мышцу и улучшает кровообращение. Снижает уровень..."
"p221","Мази и кремы","Крем при ауитоиммунных заболеваниях и зобе «Щитовидная железа здоровая. АИТ»","50 г","2517",,,"Россия","24 месяца","4690324019688","","10","False","krem-pri-auitoimmunnykh-zabolevaniyakh-i-zobe-shchitovidnaya-zheleza-zdorovaya-a","https://firebasestorage.googleapis.com/v0/b/travnik-5cc55.firebasestorage.app/o/products%2Fkrem-pri-auitoimmunnykh-zabolevaniyakh-i-zobe-shchitovidnaya-zheleza-zdorovaya-a.jpg?alt=media&token=8b5e5c59-72a7-40bb-9d75-8fbdf0e9f17f","https://www.flip.kz/catalog?prod=3022279",,"2-3 раза в сутки крем наносится на область шеи в месте проекции щитовидной железы.","Крем «Щитовидная железа здоровая. АИТ» Снимает воспаление аутоиммунного генеза в тканях щитовидной железы, препятствует развитию гиперпластических процессов и разрастанию фиброзной ткани за счет диффузной инфильтрации соединительной ткани железы лимфоидными и плазматическими клетками и разрушению основной мембраны и эпителиальной стенки фолликулов. Способствует регенерации тканей железы, в т.ч. фолликулов. При применении уменьшается размер увеличенной щитовидной железы, исчезают жалобы на утолщение, чувство давления в области передней поверхности шеи, затруднения при глотании. Рекомендован при аутоиммунном тиреоидите."
"p222","Травы","Дягиля корневища с корнями","50 г","823",,,"Россия","24 месяца","4610002415014","","1","False","dyagilya-kornevishcha-s-kornyami","https://firebasestorage.googleapis.com/v0/b/travnik-5cc55.firebasestorage.app/o/products%2Fdyagilya-kornevishcha-s-kornyami.jpg?alt=media&token=397f4ae0-bd7f-4c10-81cf-9318ac9c6285","https://www.flip.kz/catalog?prod=3022292",,,"Дягиля корневища с корнями. Дягиль — эффективное средство с противовоспалительным и спазмолитическим действием. Для профилактики холестаза и желчнокаменной болезни. Дягиль желчегонное способствует повышению желчной секреции, увеличивает желчеотделение. Дягиль оказывает антибактериальное действие и стимулирует секретную функцию поджелудочной железы, улучшает пищеварение и аппетит, устраняет процессы брожения в кишечнике. Дягиль желчегонное в виде чая восстанавливает обмен веществ и нормализует работу ЖКТ. Показания: применяются при гастритах, диспепсии кишечника, дискинезиях желчевыводящих путей, метеоризме, хронических колитах, энтероколитах; как противовоспалительное, спазмолитическое, желчегонное, мочегонное, потогонное, отхаркивающее, антимикробное средство; усиливает секрецию пищеварительных желез за счет влияния на образование пептидных гормонов ЖКТ. Улучшает зрение, анаболик с общеукрепляющим, тонизирующим, регулирующим нервную систему действием...."
"p223","Чайные напитки","Напиток чайный «Копорский чай с мятой»","50 г","3534",,"листовой","Россия","24 месяца","4690324015789","","0","False","napitok-chainyi-koporskii-chai-s-myatoi","https://firebasestorage.googleapis.com/v0/b/travnik-5cc55.firebasestorage.app/o/products%2Fnapitok-chainyi-koporskii-chai-s-myatoi.jpg?alt=media&token=8fb55447-4dd4-4412-935f-9ed35bf83cc2","https://www.flip.kz/catalog?prod=3022295",,"сполоснуть заварочный чайник горячей водой, насыпать чай из расчета 1 чайная ложка на чашку плюс 1 чайная ложка на чайник. Чайник тотчас же залить горячей водой и настоять от 5 минут.","Напиток чайный «Копорский чай с мятой» Копорский чай — традиционный русский чай, описание которого встречается в старорусских летописях с XII века. Он поставлялся Россией во все страны Европы и был существенной статьей дохода государственного бюджета. Обладает приятным, чуть терпким вкусом с душистым цветочно-фруктовым ароматом, проясняет ум и укрепляет дух человека. Является источником большинства витаминов, макро- и микроэлементов. Чай с листьями мяты помогает при дискомфортных состояниях желудочно-кишечного тракта, снимает спазмы, обладает успокаивающим действием."
"p224","Травы","Ели хвоя","50 г","560",,,"Россия","24 месяца","4610002415106","","7","False","eli-khvoya","https://firebasestorage.googleapis.com/v0/b/travnik-5cc55.firebasestorage.app/o/products%2Feli-khvoya.jpg?alt=media&token=64bebbd2-a344-4231-b5ac-0ca6a7c8d911","https://www.flip.kz/catalog?prod=3022299",,"1-2 ст.л сырья залить 0,2-0,3 л кипятка, настоять 1 час при комнатной температуре. Принимать...","Ели хвоя. Спектр применения ели обыкновенной действительно велик. Из почек готовят отвар, который обладает желчегонным, мочегонным, отхаркивающим, дезинфицирующим, потогонным и обезболивающими свойствами и успешно применяется при воспалениях верхних дыхательных путей, бронхитах, хроническом воспалении легких, туберкулезе легких, ревматизме, подагре, мочекаменной болезни, водянке, воспалении желчного пузыря, при лишаях и сыпи на коже. Сироп, приготовленный из свежих почек рекомендуют пить при микроинфарктах. Препараты, приготовленные из почек и хвои применяются наружно при подагре, ревматизме, кожных заболеваниях и нервном перенапряжении (в виде ванн). Настой хвои принимают при авитаминозе и цинге. При ангине, тонзиллите, ларингите, трахеите, гайморите и вазомоторном рините применяют отвар шишек. Для лечения фурункулов и гнойных ран применяют мази из живицы."
"p225","Травы","Зверобоя трава","50 г","576",,,"Россия","24 месяца","4610002415281","","34","False","zveroboya-trava","https://firebasestorage.googleapis.com/v0/b/travnik-5cc55.firebasestorage.app/o/products%2Fzveroboya-trava.jpg?alt=media&token=a458817e-4203-4cfe-9d20-072004e34722","https://www.flip.kz/catalog?prod=3022310",,"1-2 ст. л. сырья залить 0,2-0,3 л кипятка, настоять 45 мин, процедить. Принимать по 1/3 от полученного объема 3 раза в день за 30 мин до еды. Наружно — для полоскания полости рта.","Зверобоя трава. Применяется при заболеваниях желудочно-кишечного тракта, печени, почек, ночном недержании мочи, нервных болях, депрессии; наружно для ванн, полосканий, примочек; как противовоспалительное, вяжущее, кровоостанавливающее, ранозаживляющее, мочегонное, желчегонное, спазмолитическое, тонизирующее средство."
"p226","Масла","Масло расторопши","100 мл","1678",,,"Россия","24 месяца","4690324020448","","64","False","maslo-rastoropshi","https://firebasestorage.googleapis.com/v0/b/travnik-5cc55.firebasestorage.app/o/products%2Fmaslo-rastoropshi.jpg?alt=media&token=df4c5df3-9824-446f-ba9a-f93078b9fbb2","https://www.flip.kz/catalog?prod=3022314",,,"Масло расторопши. Расторопша — одно из немногих растений, имеющих такое количество названий. «Остро-пестро» растение называют за огромные колючки и яркие пестрые цветы. «Святым чертополохом» — за ее способность изгонять различные хвори, которые по старорусским поверьям нагоняла на православных поселившаяся в людском теле нечистая сила. Названия «Марьина колючка» и «подарок Девы Марии», как расторопшу именуют во многих европейских странах, появились благодаря древней христианской легенде о том, что пресвятая Дева Мария указала людям на это растение и раскрыла все его целебные свойства. А белые, выступающие на листьях расторопши, капли — это ни что иное как грудное молоко Божьей Марии. Расторопша хорошо известна не только как лекарственное, но и как пищевое растение. В Восточном Закавказье, например, рано весной нежные молодые листья, разумеется со срезанными колючками, используются для приготовления первых витаминных салатов. А маслом из семян расторопши хорошо заправлять..."
"p227","Травы","Люцерны трава","50 г","510",,,"Россия","24 месяца","4610002416905","","8","False","lyutserny-trava","https://firebasestorage.googleapis.com/v0/b/travnik-5cc55.firebasestorage.app/o/products%2Flyutserny-trava.jpg?alt=media&token=67d9d01e-c08f-484d-8214-69606a4ad3e8","https://www.flip.kz/catalog?prod=3022318",,"1-2 ст. л. сырья залить 0,2-0,3 л воды, довести до кипения, потомить 3-4 мин, настоять до остывания, процедить. Выпить ближе к ночи в 1-2 приема. Противопоказания: индивидуальная непереносимость. Перед применением: рекомендуется проконсультироваться с врачом.","Люцерны трава. Применяется при пониженном иммунитете, сахарном диабете, заболевании поджелудочной железы; в качестве иммуномодулирующего, сахаропонижающего, общеукрепляющего средства; источник белка."
"p228","Травы","Змееголовника трава","50 г","757",,,"Россия","24 месяца","4610002415403","","6","False","zmeegolovnika-trava","https://firebasestorage.googleapis.com/v0/b/travnik-5cc55.firebasestorage.app/o/products%2Fzmeegolovnika-trava.jpg?alt=media&token=32cd4bd9-9432-4f5d-a693-b8a0589dd793","https://www.flip.kz/catalog?prod=3022319",,"1-2 ст. л. травы залить 0,2-0,3 л кипятка, настоять 1 час при комнатной температуре. Принимать по 1/3 от полученного объема 3 раза в день, каждую порцию процеживая через ситечко.","Змееголовника трава. Применяется при учащенном сердцебиении, сердечной боли, головной боли спастического характера, ломоте, простудных заболеваниях, плохом аппетите, поносе, ревматизме. Обладает успокаивающим, вяжущим, болеутоляющим, ранозаживляющим, усиливающим деятельность пищеварительных органов, укрепляющим сердце действием."
"p229","Травы","Сарсапарелли корни","50 г","3850",,"крупнолистовой","Россия","24 месяца","4690324020547","","3","False","sarsaparelli-korni","https://firebasestorage.googleapis.com/v0/b/travnik-5cc55.firebasestorage.app/o/products%2Fsarsaparelli-korni.jpg?alt=media&token=ca3b3264-4961-488b-96d1-c445f37d3c31","https://www.flip.kz/catalog?prod=3022328","Корни сарсапарелли.",,"Сарсапарелли корни. Сарсапарилла издавна использовалась в народной медицине благодаря своим многочисленным целебным свойствам. Этот многолетник издавна использовался в народной медицине благодаря своим многочисленным целебным свойствам. Описание, целебные свойства, использование растения в гомеопатии и многие другие сведения о сарспарилле будут изложены ниже. Благодаря такому количеству активных компонентов, целебные свойства этого растения нельзя недооценивать. Напиток из корней сарсапариллы еще индейцы использовали для лечения сифилиса, применяли для возвращения мужской силы. До сих пор это растение используется при лечении заболеваний мочеполовой сферы как у женщин, так и у мужчин. Корни этой многолетней лианы обладают следующими свойствами: • снимают воспаления; • обезболивают; • очищают кровь; • потогонное; • мочегонное; • снимают зуд. Противопоказания: Как и большинство лекарственных травянистых растений, сарсапарилла имеет ряд противопоказаний. Так, ее..."
"p230","Травы","Манжетки трава","50 г","642",,,"Россия","24 месяца","4610002417025","","19","False","manzhetki-trava","https://firebasestorage.googleapis.com/v0/b/travnik-5cc55.firebasestorage.app/o/products%2Fmanzhetki-trava.jpg?alt=media&token=2549e5b4-7984-49f6-b264-7101f75646db","https://www.flip.kz/catalog?prod=3022330",,"1-2 ст. л. сырья залить 0,2-0,3 л воды, довести до кипения, потомить 3-4 мин, настоять до остывания, процедить. Выпить ближе к ночи в 1-2 приема. Противопоказания: индивидуальная непереносимость. Перед применением: рекомендуется проконсультироваться с врачом.","Манжетки трава. Применяется при заболеваниях поджелудочной железы, сахарном диабете, как сахаропонижающее, противовоспалительное средство; при климактерических проявлениях, в пожилом возрасте в качестве средства, замедляющего старение."
"p231","Травы","«Мать и мачеха» листья","50 г","1037",,,"Россия","24 месяца","4610002417087","","13","False","mat-i-machekha-listya","https://firebasestorage.googleapis.com/v0/b/travnik-5cc55.firebasestorage.app/o/products%2Fmat-i-machekha-listya.jpg?alt=media&token=10014e3e-4204-4496-873f-ffc6d98bd31d","https://www.flip.kz/catalog?prod=3022335",,"1-2 ст. л. сырья залить 0,2-0,3 л воды, довести до кипения, потомить 3-4 мин, настоять до остывания, процедить. Выпить ближе к ночи в 1-2 приема. Противопоказания: индивидуальная непереносимость. Перед применением: рекомендуется проконсультироваться с врачом.","«Мать и мачеха» листья Применяются при кашле, ларингитах, бронхитах, силикозах, бронхиальной астме, гастритах, энтероколитах. В качестве отхаркивающего, мягчительного (т.е. при сухом кашле), потогонного, антисептического, противовоспалительного средства."
"p232","Чайные напитки","Напиток чайный «Белая река — Агидель» очищает лимфу и кровь","80 г","1481",,,"Россия","24 месяца","4690324020769","","13","False","napitok-chainyi-belaya-reka-agidel-ochishchaet-limfu-i-krov","https://firebasestorage.googleapis.com/v0/b/travnik-5cc55.firebasestorage.app/o/products%2Fnapitok-chainyi-belaya-reka-agidel-ochishchaet-limfu-i-krov.jpg?alt=media&token=ed907d5a-6f55-4ee0-90cc-31dcd8f892da","https://www.flip.kz/catalog?prod=3022344",,"1-2 ст. л. сбора залить 0,2-0,3 л кипятка, настоять. Принимать произвольно, каждую порцию процеживая через ситечко.","Напиток чайный «Белая река — Агидель» Агидель — самая величественная и значимая река Республики Башкортостан, её жемчужина. Ак Идель переводится, как «Белая, светлая река». Свое начало она берет у подножия священной горы Иремель, впитывая мощную, чистую энергетику этого сакрального места. Белая река дает силу каждому, кто сплавлялся по ней, преодолевал бурлящие пороги и видел, как гордо несет она нас на встречу с древними пещерами Сказка, Шульган-Таш, Антонова и другими, расположенными в отвесных скалах. И напиток чайный Агидель, как эта царственная река, не только очищает лимфатическую систему и саму кровь, укрепляет иммунитет, оздоравливает кожу, делая нас сильными и здоровыми, но и устраняет дурные мысли и наполняет человека потоками чистой энергии жизни."
"p233","Чайные напитки","Напиток чайный для работоспособности и жизнелюбия «Родник Красный ключ»","80 г","1316",,,"Россия","24 месяца","4690324020776","","6","False","napitok-chainyi-dlya-rabotosposobnosti-i-zhiznelyubiya-rodnik-krasnyi-klyuch","https://firebasestorage.googleapis.com/v0/b/travnik-5cc55.firebasestorage.app/o/products%2Fnapitok-chainyi-dlya-rabotosposobnosti-i-zhiznelyubiya-rodnik-krasnyi-klyuch.jpg?alt=media&token=f07182a5-bb78-4952-ab79-f0d4e4afaaac","https://www.flip.kz/catalog?prod=3022348",,"1-2 ст. л. сбора залить 0,2-0,3 л кипятка, настоять. Принимать произвольно, каждую порцию процеживая через ситечко.","Напиток чайный «Родник Красный ключ» Родник Красный Ключ в Нуримановском районе Башкирии — самый мощный источник питьевой воды в европейской части России и в Европе. Каждую секунду он выбрасывает на поверхность почти 15 кубометров чистейшей питьевой воды. В селе Красный Ключ живут активные, работящие, жизнелюбивые люди. Это потомки репрессированных кулаков, которым помогли выжить в трудные годы работоспособность, предприимчивость, жизнерадостность и благодарность Богу за всё, данное им в жизни. Напиток чайный приготовлен из трав, собранных в окрестностях села Красный Ключ и урочища Красивая Поляна. Он помогает развить и укрепить в характере человека именно эти качества."
"p234","Травы","Медуницы лекарственной трава","50 г","1234",,,"Россия","24 месяца","4610002417117","","3","False","medunitsy-lekarstvennoi-trava","https://firebasestorage.googleapis.com/v0/b/travnik-5cc55.firebasestorage.app/o/products%2Fmedunitsy-lekarstvennoi-trava.jpg?alt=media&token=ac804d41-0304-43b2-b45a-efc3c4e0e934","https://www.flip.kz/catalog?prod=3022349",,,"Медуницы лекарственной трава. Медуница — растение издавна известное своими целебными свойствами. Благодаря содержанию в медунице танинов и сапонинов её применяют в качестве отхаркивающего и смягчающего средства при любой инфекции дыхательных путей. Медуница часто используется для лечения заболеваний лёгких. Медуница оказывает мочегонное и ранозаживляющее действия. Кроме того, это растение обладает противовоспалительным и антисептическими свойствами. Медуница улучшает функцию иммунной системы организма. Растение имеет в своём составе такие вещества, благодаря которым она оказывает обволакивающее и кровоостанавливающее действия. Народная медицина применяют медуницу в виде настоев, отваров и примочек для лечения различных заболеваний лёгких, туберкулёза, маточного кровотечения. Если в организме мало калия, то приём препарата на основе медуницы сможет привести в норму содержание калия в организме. Медуница успешно применяется для лечения болезней мочевого пузыря, воспалений..."
"p235","Чайные напитки","Напиток чайный для долголетия «Башкирские Шиханы»","80 г","1399",,,"Россия","24 месяца","4690324020783","","17","False","napitok-chainyi-dlya-dolgoletiya-bashkirskie-shikhany","https://firebasestorage.googleapis.com/v0/b/travnik-5cc55.firebasestorage.app/o/products%2Fnapitok-chainyi-dlya-dolgoletiya-bashkirskie-shikhany.jpg?alt=media&token=81bea0ef-8249-463f-b689-d54f054138b1","https://www.flip.kz/catalog?prod=3022354",,"1-2 ст. л. сбора залить 0,2-0,3 л кипятка, настоять. Принимать произвольно, каждую порцию процеживая через ситечко.","Напиток чайный «Башкирские Шиханы» Шиханы — уникальные памятники природы, коралловые рифы, которые много сотен миллионов лет назад жили в Пермском океане. В Башкирском Предуралье было четыре горы-одиночки: Торатау, Шахтау, Юрактау и Куштау. Сейчас осталось три. Они стоят, как три былинных богатыря, и напоминают людям о славном прошлом нашей Земли. Шиханы — символ Веры жителей Башкортостана в победу Любви и Доброты над всеми невзгодами, символ животворного долголетия как человека, так и нашей Родины. Напиток чайный Башкирские Шиханы, составленный из таких же трав, что растут возле шиханов, укрепляет нашу духовную связь с родом, с предками, пробуждает чувство любви и благодарности к окружающему миру, способствует активному долголетию."
"p236","Травы","Можжевельника плоды","100 г","2994",,,"Россия","24 месяца","4610002417155","","22","False","mozhzhevelnika-plody","https://firebasestorage.googleapis.com/v0/b/travnik-5cc55.firebasestorage.app/o/products%2Fmozhzhevelnika-plody.jpg?alt=media&token=ca4381c5-1d4b-4555-8fba-1b6dec801cbd","https://www.flip.kz/catalog?prod=3022368",,"1-2 ст. л. сырья залить 0,2-0,3 л воды, довести до кипения, потомить 3-4 мин, настоять до остывания, процедить. Выпить ближе к ночи в 1-2 приема. Противопоказания: индивидуальная непереносимость. Перед применением: рекомендуется проконсультироваться с врачом.","Можжевельника плоды. Применяются при отеках сердечного происхождения, заболеваниях почек и мочевыводящих путей (пиелонефриты, нефриты, циститы, уретриты), гипертонической болезни. Как мочегонное, противовоспалительное, дезинфицирующее, гипотензивное, желчегонное, улучшающее обмен веществ средство."
"p237","Чайные напитки","Напиток чайный для умиротворения «Шульган-Таш — пещера Капова»","80 г","1316",,,"Россия","24 месяца","4690324020790","","8","False","napitok-chainyi-dlya-umirotvoreniya-shulgan-tash-peshchera-kapova","https://firebasestorage.googleapis.com/v0/b/travnik-5cc55.firebasestorage.app/o/products%2Fnapitok-chainyi-dlya-umirotvoreniya-shulgan-tash-peshchera-kapova.jpg?alt=media&token=05a141aa-0034-4a9e-bc5e-8f67fc2eb47a","https://www.flip.kz/catalog?prod=3022370",,"1-2 ст. л. сбора залить 0,2-0,3 л кипятка, настоять. Принимать произвольно, каждую порцию процеживая через ситечко.","Напиток чайный «Шульган-Таш — пещера Капова» В Республике Башкортостан в Бурзянском районе в государственном заповеднике Шульган-Таш есть одноимённая пещера, на стенах которой найдены рисунки древних людей эпохи палеолита. Посещение пещеры — это бессознательное как бы погружение в утробу мамы и в процесс собственного рождения. В пещере спокойно и тихо, как должно быть в чреве у мамы. Выход из пещеры — это как повторное рождение и уже без мучений. Родовые муки отпечатываются в мозге человека на всю жизнь и мешают воспринимать мир без страха и боли. Напиток чайный Шульган-Таш, приготовленный из тех же трав, что растут около Каповой пещеры, стирает в подкорке память о родовых страхах, убирает боль, утверждает жизнелюбие."
"p238","Травяные сборы 100 г","«Женский салат» (эстрогенный) сбор травяной","150 г","3077",,,"Россия","24 месяца","4690324020844","","19","False","zhenskii-salat-estrogennyi-sbor-travyanoi","https://firebasestorage.googleapis.com/v0/b/travnik-5cc55.firebasestorage.app/o/products%2Fzhenskii-salat-estrogennyi-sbor-travyanoi.jpg?alt=media&token=fdb24c06-5e15-4fc3-b388-064b5cdb07d4","https://www.flip.kz/catalog?prod=3022384",,"1 ст. л. съедать на ужин. Минимальный курс приема: рекомендуется принимать длительно.","«Женский салат» (эстрогенный) сбор травяной. При гормональных нарушениях с недостаточностью женских гормонов (эстрогенов), недостаточностью гормонов щитовидной железы. При раздражительности, выраженном климактерическом синдроме, бесплодии у женщин. Способствует производству женских гормонов, стимулирует овуляцию. Увеличивает плотность и массу костей при остеопорозах, улучшает функцию печени и реологию крови. Рекомендуется при патологическом климаксе, бесплодии, гипотиреозе, остеопорозе, анемии. Женщинам только в первую фазу mensis (со второго «сухого» дня 7 дней). Мужчинам ослабленным с низкой массой тела и малокровием."
"p239","Травы","Мята перечная","50 г","790",,,"Россия","24 месяца","4610002417261","","24","False","myata-perechnaya","https://firebasestorage.googleapis.com/v0/b/travnik-5cc55.firebasestorage.app/o/products%2Fmyata-perechnaya.jpg?alt=media&token=14980815-4b68-434a-8ddd-f626d2318e78","https://www.flip.kz/catalog?prod=3022393",,,"Мята сушеная для чая — пряность, применяемая не только в пищевых, но и в лечебных целях. Перечная мята содержит в составе массу полезных веществ, эфирное масло, ментол, флавоноиды, аминокислоты и дубильные вещества, витамины С, А, Е, а также группы В. Мята сушеная для чая действует как спазмолитическое, болеутоляющее, желчегонное, противовоспалительное, антимикробное, успокаивающее средство. Травяной сбор предназначен при желудочно-кишечных и головных болях, гипертонии, стенокардии, простуде, метеоризме. Чай с мятой облегчает токсикозное состояние беременных — устраняет рвоту, тошноту. Перечная мята при регулярном употреблении снимает нервозность, устраняет воспалительные процессы в организме, налаживает работу ЖКТ, улучшает пищеварение. Чай с травяным сбором Мята можно пить всей семьёй как фито-чай. Густой концентрат отвара из мяты — прекрасное средство для бани, сауны, хамам. Сушеная мята может использоваться в кулинарии или как наполнитель подушки для сна. Чай с мятой..."
"p240","Травы","Ортосифона трава","50 г","1448",,,"Россия","24 месяца","4610002417506","","42","False","ortosifona-trava","https://firebasestorage.googleapis.com/v0/b/travnik-5cc55.firebasestorage.app/o/products%2Fortosifona-trava.jpg?alt=media&token=28016e69-dd70-4aff-899f-8182ec5f4014","https://www.flip.kz/catalog?prod=3022447",,"около 3 г (1 столовая ложка) измельченных листьев помещают в эмалированную посуду, заливают 200 мл...","Ортосифон тычиночный (почечный чай) — растение, которое использовалось в древности как диуретик и лекарственное средство для лечения почечных заболеваний. Настой листьев ортосифона тычиночного (почечного чая) оказывает умеренное диуретическое и спазмолитическое действие, а также обладает желчегонными свойствами, повышает секреторную активность слизистой оболочки желудка. Диуретический эффект сопровождается выведением с мочой хлоридов, мочевины и мочевой кислоты. Чай из ортосифона тычиночного прекрасно подходит для людей, страдающих от хронической почечной недостаточности, камней в почках, а также для тех, кто хочет избавиться от лишней жидкости и токсинов. Чай готовится из листьев растения, которые содержат много флавоноидов, калия, кальция, магния и витаминов. Не является лекарственным средством. Перед применением рекомендуется проконсультироваться с врачом."
"p241","Травы","Очанки лекарственной трава","50 г","1136",,,"Россия","24 месяца","4610002417568","","17","False","ochanki-lekarstvennoi-trava","https://firebasestorage.googleapis.com/v0/b/travnik-5cc55.firebasestorage.app/o/products%2Fochanki-lekarstvennoi-trava.jpg?alt=media&token=dbf062f1-ce08-4dd0-8d1e-99eebe5d8cd7","https://www.flip.kz/catalog?prod=3022469",,,"Очанки лекарственной трава Настой травы очанки лекарственной применяют при воспалении глаз, век, помутнении роговицы, а также при ангине, acтме и эпилепсии и наружно для промываний при заболеваниях глаз и для примочек к опухолям и нарывам. В тибетской медицине считается хорошим средством против конъюнктивитов. В болгарской народной медицине очанку применяют также при воспалении бронхов, сопровождающемся кашлем, охриплости голоса, нарушениях пищеварения, катаре желудка, повышенной кислотности желудочного сока и желтухе. Другой удивительный опыт применения очанки состоит в ее укрепляющем действии на детей (а также на взрослых) с ослабленным здоровьем. Тем, кто легко обзаводится насморком и кашлем, у кого часто опухают шейные железы, кто вообще имеет малую сопротивляемость, у кого часто слезятся глаза и их режет от света, тем поможет чай из очанки. Добавим, что это — испытанное средство от кашля, сопровождающегося обильной мокротой, катаральными явлениями и болями в области лобных..."
"p242","Травы","Пастушьей сумки трава","50 г","527",,,"Россия","24 месяца","4610002417681","","16","False","pastushei-sumki-trava","https://firebasestorage.googleapis.com/v0/b/travnik-5cc55.firebasestorage.app/o/products%2Fpastushei-sumki-trava.jpg?alt=media&token=a5529755-bfaa-451c-b43e-e04e8bc97c6d","https://www.flip.kz/catalog?prod=3022487",,"около 10 г (2 столовые ложки) измельченной травы помещают в эмалированную посуду, заливают 200 мл (1 стакан) горячей кипяченой воды, накрывают крышкой и настаивают на кипящей водяной бане 15 минут, охлаждают при комнатной температуре 45 минут, процеживают, оставшееся сырье отжимают. Объем полученного настоя доводят кипяченой водой до 200 мл. Принимают внутрь по 1 столовой ложке 3 раза в день через 30 минут после еды. Противопоказания: индивидуальная непереносимость. Перед применением: рекомендуется проконсультироваться с врачом.","Пастушьей сумки трава. Применяется при маточных, желудочных и легочных кровотечениях, атонии матки; как кровоостанавливающее, мочегонное, вяжущее, вызывающее сокращение мускулатуры матки средство."
"p243","Травы","Первоцвета трава","50 г","905",,,"Россия","24 месяца","4610002417711","","13","False","pervotsveta-trava","https://firebasestorage.googleapis.com/v0/b/travnik-5cc55.firebasestorage.app/o/products%2Fpervotsveta-trava.jpg?alt=media&token=72330cf7-b412-4848-8476-edd04ed2d076","https://www.flip.kz/catalog?prod=3022519",,,"Препараты первоцвета обладают седативным, спазмолитическим и мало выраженным слабительным свойствами, назначают как желчегонное и мочегонное средство, а также в качестве болеутоляющего средства при параличе и судорогах. Наряду с этими полезными свойствами первоцвет лекарственный — ценное витаминное растение, листья которого характеризуются высоким содержанием аскорбиновой кислоты (до 500 мг). Содержание витамина С в большом количестве и обусловило спектр его применения (авитаминоз, лечение простудных и нервных заболеваний, кашля и т.п). Витамин С является также мощнейшим антиоксидантом, который играет огромную роль в борьбе с токсинами и свободными радикалами. Препараты первоцвета лекарственного оказывают отхаркивающее действие и усиливают секреторную активность слизистых оболочек верхних дыхательных путей и бронхов. Отвар, настойка и сироп первоцвета в народной медицине применяются при лечении туберкулеза, бронхита, астмы, коклюша; как седативное, спазмолитическое,..."
"p244","Травы","Пихты хвоя","50 г","609",,,"Россия","24 месяца","4610002417865","","2","False","pikhty-khvoya","https://firebasestorage.googleapis.com/v0/b/travnik-5cc55.firebasestorage.app/o/products%2Fpikhty-khvoya.jpg?alt=media&token=6c15b4d7-9ce4-453e-b2ff-2614fe3434d4","https://www.flip.kz/catalog?prod=3022537",,,"Пихта сибирская ценится в традиционной медицине со второй половины прошлого века как источник масла, используемого в качестве ценного фармакологического сырья для производства камфоры и ее производных (камфора бромистая, камфорное масло, камфорный спирт). Камфора — одно из востребованных средств, широко применяемых по настоящее время в медицинской практике для возбуждения центральной нервной системы и стимулирования работы сердца. Она эффективна в случаях резкого угнетения жизненно-важных центров продолговатого мозга, при острой сердечно-сосудистой недостаточности и шоковых состояниях для возбуждения дыхания и кровообращения. Пихта сибирская и препараты на ее основе обладают многими очень важными лечебными свойствами: антисептическими, тонизирующими, общеукрепляющими, противоцинготными, успокаивающими, бактерицидными, противовоспалительными, болеутоляющими, регенерирующими. В народной медицине водный экстракт и настой хвои пихты полезны лицам с патологиями сердца и сосудов..."
"p245","Травы","Полыни горькой трава","50 г","560",,,"Россия","24 месяца","4610002418015","","165","False","polyni-gorkoi-trava","https://firebasestorage.googleapis.com/v0/b/travnik-5cc55.firebasestorage.app/o/products%2Fpolyni-gorkoi-trava.jpg?alt=media&token=29bd545d-6df0-4865-b008-ea4b4b785976","https://www.flip.kz/catalog?prod=3022576",,"около 10 г (2 столовые ложки) травы полыни горькой помещают в эмалированную посуду, заливают 200 мл (1 стакан) горячей кипяченой воды, закрывают крышкой и нагревают на кипящей водяной бане при периодическом помешивании 15 минут, охлаждают при комнатной температуре 45 минут, процеживают, оставшееся сырье отжимают. Объем полученного настоя доводят кипяченой водой до 200 мл. Настой принимают внутрь в теплом виде по 1/4 стакана 3 раза в день за 30 минут до еды. Курс лечения 20-25 дней. Перед применением настой рекомендуется взбалтывать. Перед применением: рекомендуется проконсультироваться с врачом.","Трава полыни горькой содержит горькие гликозиды (абсинтин), флавоноиды, эфирное масло, дубильные вещества и другие биологически активные вещества. Настой травы полыни горькой усиливает секрецию желудочного сока, повышает аппетит, улучшает пищеварение, обладает желчегонными свойствами."
"p246","Травы","Пустырника трава","50 г","658",,,"Россия","24 месяца","4610002418169","","13","False","pustyrnika-trava","https://firebasestorage.googleapis.com/v0/b/travnik-5cc55.firebasestorage.app/o/products%2Fpustyrnika-trava.jpg?alt=media&token=b77f21e6-d8f8-4489-8c28-802efc0b803d","https://www.flip.kz/catalog?prod=3022641",,"около 9 г (2 столовые ложки) травы помещают в эмалированную посуду, заливают 200 мл (1 стакан) горячей кипяченой воды, закрывают крышкой и настаивают на кипящей водяной бане 15 мин, охлаждают при комнатной температуре 45 мин, процеживают, оставшееся сырье отжимают. Объем полученного настоя доводят кипяченой водой до 200 мл. Принимают внутрь по 1/2 стакана теплого настоя 3 раза в день за 1 час до еды. Перед применением: рекомендуется проконсультироваться с врачом.","Пустырника трава. Пустырник — это лекарственное растение, которое используется в народной медицине для лечения различных заболеваний. Настой травы пустырника оказывает выраженное седативное действие, обладает гипотензивными свойствами, замедляет ритм и увеличивает силу сердечных сокращений. В продаже представлена трава пустырника в упаковке по 50 грамм, которая может быть использована для приготовления настоя."
"p247","Травы","Расторопши плоды","50 г","1136",,,"Россия","24 месяца","4610002418206","","50","False","rastoropshi-plody","https://firebasestorage.googleapis.com/v0/b/travnik-5cc55.firebasestorage.app/o/products%2Frastoropshi-plody.jpg?alt=media&token=50b89525-fd05-4bc4-949a-47742314e6d1","https://www.flip.kz/catalog?prod=3022670",,"около 30г (2 столовой ложке) сырья помещают в эмалированную посуду, заливают 500 мл (2,5 стакан) горячей кипяченой воды кипятят на медленном огне до понижения уровня воды вдвое, процеживают, оставшееся сырье отжимают. Приготовленный настой хранят в прохладном, защищенном от света месте не более 2-х суток. Перед...","Расторопша — удивительное растение, которое уже несколько столетий используется в медицинской практике. Ее плоды содержат множество полезных веществ, например, силимарин — мощный антиоксидант, который способен защитить печень от воздействия токсинов. Помимо этого, плоды расторопши способствуют восстановлению поврежденных алкоголем, токсинами и лекарствами клеток печени, оказывают противовоспалительное и мягкое желчегонное действие. В продаже представлены плоды расторопши от Биокор, упаковка 100 грамм. Это 100% натуральный продукт, без химических добавок и консервантов. Рекомендуется употреблять по 1/3 чайной ложке в день, добавляя в еду."
"p248","Травы","Репешка трава","50 г","675",,,"Россия","24 месяца","4610002418220","","25","False","repeshka-trava","https://firebasestorage.googleapis.com/v0/b/travnik-5cc55.firebasestorage.app/o/products%2Frepeshka-trava.jpg?alt=media&token=74b68245-28f1-4c86-a6e9-862ab20dab44","https://www.flip.kz/catalog?prod=3022671","Репешок обыкновенный",,"Репешка трава. Репешок содержит дубильные вещества, эфирные масла, стероидные сапонины, кумарины, горечи, яблочную, лимонную и никотиновую кислоты, витамины С, В и кремнезем. Растительный отвар репешка обыкновенного обладает вяжущим, мочегонным, слабым желчегонным, кровоостанавливающим и глистогонным действием. Отвар репешка усиливает секрецию желудочного сока, улучшает обмен веществ, стабилизирует работу кишечника и устраняет отеки. Репешок угнетает вирус герпеса, воздействует на стрептококковую и стафилококковую инфекцию. Настой репешка обыкновенного применяется при заболеваниях печени и желчного пузыря, при обострении хронического гастрита, при поносах и циститах, при ночном недержании мочи, при отравлениях алкалоидами и для изгнания кишечных паразитов. Наружно репешок используется в виде полосканий, примочек и компрессов при воспалительных процессах полости рта, тонзиллитах и фарингитах. Настой репешка эффективен при фурункулах, бородавках, дерматитах и при геморрое...."
"p249","Травы","Ромашки лекарственной цветки","50 г","1316",,,"Россия","24 месяца","4610002418282","","39","False","romashki-lekarstvennoi-tsvetki","https://firebasestorage.googleapis.com/v0/b/travnik-5cc55.firebasestorage.app/o/products%2Fromashki-lekarstvennoi-tsvetki.jpg?alt=media&token=be6ee200-6a5c-4560-818f-4217eb378843","https://www.flip.kz/catalog?prod=3022672",,,"Ромашки цветки — растение, богатое своими лечебными свойствами. Травяной сбор ромашка рекомендуется при заболеваниях пищеварительной, сердечно-сосудистой, мочеполовой систем. Ромашки цветки обладают противовоспалительным, спазмолитическим, антисептическим, болеутоляющим, потогонным, желчегонным, успокаивающим эффектами. Сушеная ромашка эффективна при заболеваниях легких и органов дыхания, в том числе астме, бронхите, кашле, ангине и других. цветки содержат в химическом составе витамины С, Е, мелен, цинк, калий, медь, салициловая, никотиновая, каприловая, изовалериановая органические кислоты, матрицин, флавоноиды, кверцетин, камедь. Травяной сбор сушеная ромашка избавляет от головных, зубных, периодических и других болей. Ромашки цветки можно использовать как отвар для ванн, купания малышей, ополаскиватель для волос, компрессов, примочек, спринцевание. Ромашковый чай, при регулярном употреблении, очень полезно для здоровья — вирусы, бактерии, пандемия не страшна! Способ..."
"p250","Травы","Сабельника болотного корневища","100 г","1547",,,"Россия","24 месяца","4610002418381","","31","False","sabelnika-bolotnogo-kornevishcha","https://firebasestorage.googleapis.com/v0/b/travnik-5cc55.firebasestorage.app/o/products%2Fsabelnika-bolotnogo-kornevishcha.jpg?alt=media&token=648e1533-cc7b-4506-86e1-0100ba096f92","https://www.flip.kz/catalog?prod=3022674",,"1-2 ст. л. сырья залить 0,2-0,3 л воды, довести до кипения, потомить 3-4 мин, настоять до остывания,...","Сабельника болотного корневища  Сабельника болотного корневища травяной сбор от бренда Гордеев двигательного аппарата, воспалительных процессов органов мочеиспускания. Сабельник рекомендуется при артрите, артрозе, остеохондрозе, подагре, помогает при пиелонефрите, цистите . Сабельник болотный — прекрасное противовоспалительное, мочегонное, солевыводящее, бактерицидное, обезболивающее, нормализующее минеральный обмен натуральное средство. Применять сабельник возможно как наружно — для растираний, так и внутрь в виде настоек и отваров. Регулярное употребление сабельника в виде травяного чая выводит излишки соли из организма, способствует улучшению функционального состояния суставов и позвоночника, устраняет воспалительные процессы мочеполовой системы . Показания к применению корневищ сабельника болотного: артрит, артроз, подагра, цистит, пиелонефрит."
"p251","Травы","Сенны листья (слабительное)","50 г","708",,,"Россия","24 месяца","4610002418404","","19","False","senny-listya-slabitelnoe","https://firebasestorage.googleapis.com/v0/b/travnik-5cc55.firebasestorage.app/o/products%2Fsenny-listya-slabitelnoe.jpg?alt=media&token=54284646-8fd4-4600-9ff5-730692736f05","https://www.flip.kz/catalog?prod=3022679",,"1/3-1/2 ст. л. травы залить 0,15-0,2 л кипятка, настоять 1 час при комнатной температуре ⏳. Принимать одной порцией перед сном. Перед применением: рекомендуется проконсультироваться с врачом.","Сенны листья  Настой листьев сенны — это слабительное средство растительного происхождения. Чудо-трава от Матушки природы!  Стимулирует перистальтику толстой кишки, вызывает нормальный стул через 8-10 ч после приема. Избирательно действует на ободочную кишку, восстанавливает нормальное функционирование кишечника, не влияет на пищеварение . Можно использовать для предоперационной подготовки пациентов. Листья сенны обладают умеренным мочегонным свойством, выводя лишнюю жидкость из организма. Показания к применению: Запоры, обусловленные гипотонией и вялой перистальтикой толстой кишки. Регулирование стула при геморрое, проктите, анальных трещинах; спастические и атонические запоры различной этиологии."
"p252","Травы","Синеголовника плосколистного трава","50 г","609",,,"Россия","24 месяца","4610002418435","","0","False","sinegolovnika-ploskolistnogo-trava","https://firebasestorage.googleapis.com/v0/b/travnik-5cc55.firebasestorage.app/o/products%2Fsinegolovnika-ploskolistnogo-trava.jpg?alt=media&token=7e1144d2-5ff0-42a2-8132-1920c8739f20","https://www.flip.kz/catalog?prod=3022689",,"1-2 ст. л. травы залить 0,2-0,3 л кипятка, настоять 1 час при комнатной температуре ⏳. Принимать по 1/3 от полученного объема 3 раза в день, каждую порцию процеживая через ситечко. Перед применением: рекомендуется проконсультироваться с врачом ‍.","Синеголовника плосколистного трава  Применяется при бессоннице , эпилепсии, головной боли , испуге, болезнях сердца ; как успокаивающее, болеутоляющее, противовоспалительное, кровоочистительное, антитоксическое, спазмолитическое средство."
"p253","Травы","Солодки корни и корневища","60 г","658",,,"Россия","24 месяца","4610002418640","","45","False","solodki-korni-i-kornevishcha","https://firebasestorage.googleapis.com/v0/b/travnik-5cc55.firebasestorage.app/o/products%2Fsolodki-korni-i-kornevishcha.jpg?alt=media&token=9ffa2252-4bc8-4343-9390-7765312427d3","https://www.flip.kz/catalog?prod=3022868",,"для приготовления отвара 1 ч.л. корня солодки залить стаканом воды (200 мл), кипятить на слабом огне 5-10 минут, настоять 20...","Солодки корни и корневища  Солодка — одно из самых известных растений, широко используемых в народной и традиционной медицине . Она имеет достаточно развитую корневую систему, благодаря которой может получать питательные вещества из разных слоев почвы. Подземные побеги, корни солодки обладают выраженными противокашлевыми свойствами, поэтому их добавляют практически во все грудные сборы для взрослых и детей ‍‍‍. Применяется при простудных заболеваниях, острых и хронических бронхитах, при бронзовой болезни и нарушении функции коры надпочечников, ожирении, хроническом алкоголизме, остром и хроническом пиелонефритах, язвенной болезни желудка . Солодка голая (лакрица) регулирует водно-солевой обмен, нормализует работу кишечника и очищает организм от шлаков и токсинов . При регулярном приеме способствует омоложению организма ."
"p254","Травы","Барвинка трава","50 г","1810",,,"Россия","24 месяца","4690324005810","","0","False","barvinka-trava","https://firebasestorage.googleapis.com/v0/b/travnik-5cc55.firebasestorage.app/o/products%2Fbarvinka-trava.jpg?alt=media&token=2dfcf029-793c-4d4d-82a0-91af4af53481","https://www.flip.kz/catalog?prod=3022875",,"на 2 ст.л. сухой измельченной травы барвинка (побеги с листьями) — 300 мл кипятка. Варить четверть часа, далее настаивать 1 час ⏳. Принимают...","Барвинка трава  Барвинок обладает разными лечебными свойствами: вяжущим, противомикробным, кровоостанавливающим, сосудорасширяющим, гипотензивным, успокаивающим . Все эти свойства сделали растение очень популярным в медицине. Препаратами барвинка лечат гипертонию, нарушения мозгового кровообращения и многие заболевания неврологического характера: вегетативные неврозы, полиневриты, расстройства координации движений, последствия менингоэнцефалита . Их применяют при остеохондрозе, повышенном внутричерепном давлении, ишемии, атеросклерозе, поражениях сосудов, психозах, шизофрении, депрессии . Настой барвинка малого обладает кровоостанавливающими свойствами, оказывает вяжущее действие и губительное влияние на патогенную микрофлору, поэтому находит применение в случае внутренних кровотечений (кишечных и маточных) ."
"p255","Травы","Хвоя сосны","50 г","510",,,"Россия","24 месяца","4610002418701","","19","False","khvoya-sosny","https://firebasestorage.googleapis.com/v0/b/travnik-5cc55.firebasestorage.app/o/products%2Fkhvoya-sosny.jpg?alt=media&token=cbee0823-19fb-4ca3-82e0-3af3762288a9","https://www.flip.kz/catalog?prod=3022878",,"3 ст.л залить 0,5 л кипятка, настоять ночь в термосе, процедить ⏳. Принимать по 1 стакан в течение дня за 2-3 приема. Противопоказания: индивидуальная непереносимость. Перед применением: рекомендуется проконсультироваться с врачом ‍.","Хвоя сосны  Сосна с давних времен считается символом долголетия, бодрости и плодовитости . Иголки этого вечнозеленого дерева содержат огромное количество полезных фитонцидов и эфирных масел, благодаря чему их широко применяют в народной медицине для профилактики различных заболеваний и укрепления иммунитета ."
"p256","Травы","Софоры плоды","100 г","1843",,,"Россия","24 месяца","4610002418749","","11","False","sofory-plody","https://firebasestorage.googleapis.com/v0/b/travnik-5cc55.firebasestorage.app/o/products%2Fsofory-plody.jpg?alt=media&token=827615b3-f595-4428-90e6-9ca8ec055a48","https://www.flip.kz/catalog?prod=3022888",,,"Софоры плоды  Софоры плоды применяются при варикозном расширении вен, парапроктитах, геморрое, внутренних кровотечениях, атеросклерозе . Софоры плоды используют наружно при ранах, трофических язвах, пролежнях, выпадении волос ‍. Плоды софоры используются как противовоспалительное, кровоостанавливающее средство. Софоры плоды укрепляют стенки кровеносных сосудов, стимулируют регенерацию клеток ткани . Софора широко применяется как противовоспалительное, а также противоопухолевое средство — ее назначают при кольпитах, цервицитах, вагинитах, эрозийном поражении шейки матки и даже миоме . Особую ценность софора имеет для репродуктивного здоровья. Софора включается в комплексную терапию при сахарном диабете (вещество с доказанными гипогликемическими свойствами), оказывает благотворное воздействие на щитовидную железу и поджелудочную железу, нормализует общий гормональный фон . Плоды софоры способствуют ускорению роста волос, регулируют работу сальных желез, питают..."
"p257","Травы","Соссюреи (горькуши) трава. От простейших","50 г","1563",,,"Россия","24 месяца","4690324006190","","44","False","sossyurei-gorkushi-trava-ot-prosteishikh","https://firebasestorage.googleapis.com/v0/b/travnik-5cc55.firebasestorage.app/o/products%2Fsossyurei-gorkushi-trava-ot-prosteishikh.jpg?alt=media&token=ca63b6f9-1493-4958-8aa0-c0b2e620cd11","https://www.flip.kz/catalog?prod=3022893",,,"Соссюреи трава  По своим лечебным свойствам это растение с мощной противопаразитарной активностью . Входит в состав противопаразитарных сборов, но может применяться и самостоятельно. Его эффективность подтверждена не только практическими наблюдениями народной медицины, но и исследованиями ученых . Доказано, что трава оказывает положительное влияние при лямблиозном ангиохолецистите, не меняя при этом состав крови . Уменьшает воспаление у взрослых и детей ‍‍‍. Соссюрея переноситься легче, чем остальные препараты, той же направленности. Возможно совместное ее применение с акрихином, метронидазолом и другими химическими препаратами . Трава принимается в перерывах между приемами лекарств. Для лечения используют водный и спиртовой настой. Способ приготовления: 1 столовая ложка травы на 1 стакан кипятка. Настоять 30 минут и принимать по 1/3 от полученного объема до еды."
"p258","Травы","Сурепки трава","50 г","576",,,"Россия","24 месяца","4610002418824","","36","False","surepki-trava","https://firebasestorage.googleapis.com/v0/b/travnik-5cc55.firebasestorage.app/o/products%2Fsurepki-trava.jpg?alt=media&token=384501dd-56d6-4f2c-a73b-40cebbf64f28","https://www.flip.kz/catalog?prod=3022905",,"1 ст. ложку измельченной травы сурепки залить 200 мл кипятка, настоять 2-3 часа, процедить ⏳. Принимать по 50 мл 4 раза в сутки...","Сурепки трава  Особого внимания заслуживают лечебные свойства сурепки обыкновенной. С ее помощью можно вылечить многие заболевания, значительно улучшить состояние организма . Трава сурепки обладает антибактериальными и заживляющими свойствами, поэтому ее активно используют для лечения различных язв, нарывов, ран . Благодаря значительному содержанию витамина С, используется как общеукрепляющее средство при ослабленном иммунитете, авитаминозе . Присутствие витамина В позволяет справляться с различными неврозами, депрессиями, истериками . Сильное мочегонное действие позволяет применять растение для снятия отеков . Благоприятное воздействие оказывает сурепка на мужской организм при проблемах с потенцией и позволяет избавиться от бесплодия . Положительное свойство сурепка оказывает при гормональных патологиях у женщин ."
"p259","Травы","Сушеницы топяной трава","50 г","905",,,"Россия","24 месяца","4610002418855","","32","False","sushenitsy-topyanoi-trava","https://firebasestorage.googleapis.com/v0/b/travnik-5cc55.firebasestorage.app/o/products%2Fsushenitsy-topyanoi-trava.jpg?alt=media&token=686ab884-02cb-42bf-bf01-c29f200df7da","https://www.flip.kz/catalog?prod=3022914",,"около 10 г (4 столовые ложки) сырья помещают в эмалированную посуду, заливают 200 мл (1 стакан) охлажденной кипяченой воды, закрывают крышкой и нагревают на кипящей водяной бане 15 мин ⏳, охлаждают при комнатной температуре 45 мин, процеживают, оставшееся сырье отжимают. Объем полученного настоя доводят кипяченой водой до 200 мл. Принимают внутрь в теплом виде по 1-2 столовые ложки 3 раза в день перед едой . Длительность лечения определяется врачом ‍. Перед...","Сушеницы топяной трава  содержит эфирное масло, флавоноиды, алкалоиды, смолы, дубильные вещества и другие, биологически активные вещества . Настой травы сушеницы топяной оказывает умеренное гипотензивное действие за счет сосудорасширяющего действия на периферические кровеносные сосуды, замедляет частоту сердечных сокращений , повышает свертываемость крови . Обладает противовоспалительными и ранозаживляющими свойствами , оказывает желчегонное действие, стимулирует перистальтику кишечника."
"p260","Травы","Таволги (Лабазник) цветки","50 г","971",,,"Россия","24 месяца","4610002418886","","0","False","tavolgi-labaznik-tsvetki","https://firebasestorage.googleapis.com/v0/b/travnik-5cc55.firebasestorage.app/o/products%2Ftavolgi-labaznik-tsvetki.jpg?alt=media&token=9622889b-bda2-485e-97ce-409c43b9274a","https://www.flip.kz/catalog?prod=3022922","Цветки таволги (лабазник).",,"Таволги (Лабазник) цветки  Основное лечебное действие препаратов таволги связано с наличием салициловой кислоты и салицилатов, обладающих антисептическими и противовоспалительными свойствами . Отвары корней (цветков) лабазника усиливают диурез и потоотделение, то есть обладают мочегонными и потогонными свойствами . Препараты таволги оказывают легкое обезболивающее действие, способствуют заживлению ран . Сушеные цветы лабазника находят применение в качестве суррогатов чайной заварки (тонизирующие свойства) . Практикуется использование водных извлечений (отвары и настои) лабазника для лечения заболеваний, связанных с нарушением водно-солевого обмена (подагра, ревматизм и пр.) . Таволга также применяется при отеках различного происхождения, в частности, возникающих вследствие сердечнососудистых заболеваний . Наружно отвар таволги используется в виде примочек и компрессов, назначаемых при лечении гноящихся ран и язв, а также для спринцеваний (в гинекологической..."
"p261","Травы","Шикши трава (при эпилепсии и судорогах)","50 г","1563",,,"Россия","24 месяца","4690324006268","","10","False","shikshi-trava-pri-epilepsii-i-sudorogakh","https://firebasestorage.googleapis.com/v0/b/travnik-5cc55.firebasestorage.app/o/products%2Fshikshi-trava-pri-epilepsii-i-sudorogakh.jpg?alt=media&token=fff1a2f9-10fd-4963-a341-b1043c51a918","https://www.flip.kz/catalog?prod=3022933",,,"Природный нейропротектор, антистресс и регулятор метаболизма Откройте для себя силу дикороса северных регионов, подтвержденную современными клиническими и фармакологическими исследованиями. Трава и побеги шикши черной ( Empetrum nigrum L. ) от Фитоцентра Гордеева — это мощный источник тритерпеновых сапонинов, флавоноидов и редких органических кислот, направленный на защиту клеток головного мозга, стабилизацию нервной системы и нормализацию обмена веществ. Научно подтвержденные свойства и механизмы действия: Особая эффективность при эпилепсии и судорожных состояниях: Экспериментальные и клинические исследования подтверждают выраженную противосудорожную активность шикши. Комплекс биологически активных веществ растения способствует снижению частоты, интенсивности и продолжительности эпилептических припадков, оказывает мягкое седативное действие на центральную нервную систему и помогает стабилизировать электрическую активность головного мозга (..."
"p262","Травы","Чертополоха трава","50 г","724",,,"Россия","24 месяца","4610002418923","","4","False","chertopolokha-trava","https://firebasestorage.googleapis.com/v0/b/travnik-5cc55.firebasestorage.app/o/products%2Fchertopolokha-trava.jpg?alt=media&token=bdfda955-4f93-4481-9db4-9dd0d05dc9c4","https://www.flip.kz/catalog?prod=3022940",,"1-2 ст. л. травы залить 0,2-0,3 л кипятка, настоять 1 час при комнатной температуре. Принимать по 1/3 от полученного объема 3 раза в день, каждую порцию процеживая через ситечко. Противопоказания: индивидуальная непереносимость. Перед применением: рекомендуется проконсультироваться с врачом.","Применяется при бронхитах, бронхиальной астме, туберкулезе легких, коклюше, заболеваниях почек и мочевыводящих путей; как противовоспалительное, антисептическое, обезболивающее средство."
"p263","Травы","Бедренца-камнеломки трава","50 г","807",,,"Россия","24 месяца","4690324006367","","0","False","bedrentsa-kamnelomki-trava","https://firebasestorage.googleapis.com/v0/b/travnik-5cc55.firebasestorage.app/o/products%2Fbedrentsa-kamnelomki-trava.jpg?alt=media&token=a9a149d3-35bb-4952-b831-839079c5b7ac","https://www.flip.kz/catalog?prod=3022941",,"10 г измельченного сырья залить 0,4 л кипятка, нагревать 15...","Бедренца-камнеломки трава  В народной медицине настой и настойку корневищ с корнями бедренца употребляют при заболеваниях почек и мочевого пузыря, в частности при мочекаменной болезни . В смеси с другими растениями бедренец камнеломку применяют при аденоме простаты, простатите . В народе очень часто его называют «зубной корень», это связано с тем, что небольшой кусочек корня этого растения способствует снятию боли, если его положить на причинный орган, то неприятное ощущение исчезнет . Корень этого растения содержит эфирное масло и такое вещество, как пимпинеллин, которое не растворимо в воде . Применяют бедренец в народной медицине в качестве отхаркивающего и мочегонного средства. Лекарственные формы, приготовленные из него, применяют при болях в области живота, для нормализации деятельности пищеварительного тракта, а также, как седативное средство, успокаивающее нервную систему ."
"p264","Травы","Толокнянки листья","50 г","955",,,"Россия","24 месяца","4610002418978","","9","False","toloknyanki-listya","https://firebasestorage.googleapis.com/v0/b/travnik-5cc55.firebasestorage.app/o/products%2Ftoloknyanki-listya.jpg?alt=media&token=4df5b3b1-09b3-45c2-b631-580e8bc6699d","https://www.flip.kz/catalog?prod=3022947","Листья толокнянки","1 ст.л листьев толокнянки на 0,5 л холодной кипяченой воды, настоять 10 часов, ставят на водяную баню на 15 минут, процеживают ⏳....","Толокнянки листья  Толокнянка — травяной урологический сбор марки Гордеев, оказывающий противовоспалительное, антисептическое, мочегонное действие на органы мочевыделительной системы . Урологический сбор рекомендуется при заболеваниях почек, мочевого пузыря — цистите, пиелонефрите, мочекаменной болезни, простатите . Толокнянка содержит в своем химическом составе флавоноиды, органические кислоты, витамин С и эфирные масла, необходимые для здоровья почек . Травяной сбор толокнянки отлично дезинфицирует мочевые пути, стимулирует местный иммунитет . Травяной сбор — натуральное противовоспалительное, мочегонное, вяжущее средство. Регулярное употребление травяного чая из сборa толокнянки избавляет от неприятных симптомов заболеваний почек и мочевого пузыря, способствует скорейшему выздоровлению и восстановлению организма ."
"p265","Травы","Тополя черного почки","100 г","5939",,,"Россия","24 месяца","4610002419081","","3","False","topolya-chernogo-pochki","https://firebasestorage.googleapis.com/v0/b/travnik-5cc55.firebasestorage.app/o/products%2Ftopolya-chernogo-pochki.jpg?alt=media&token=a1550946-46ef-4965-b673-6f1cfd4b6186","https://www.flip.kz/catalog?prod=3022953",,"на 0,5 литра воды засыпают 3 ст. ложки тополиных почек. 7 минут кипятят на малом огне. Остужают, процеживают ⏳. Принимают по 50 мл три раза в день. Противопоказания: индивидуальная непереносимость. Перед применением: рекомендуется проконсультироваться с врачом ‍.","Тополя черного почки  Почки черного тополя содержат большое количество горьких смол, эфирных масел, минеральных солей, органических кислот и витаминов . Используются как натуральные витамины для иммунитета для взрослых . Широкий спектр применения настойки на почках черного тополя обоснован их биохимическим составом . Помимо эфирного масла, почки содержат яблочную и галловую кислоты, гликозид популин и салицин, из-за которого черный тополь называют «природным аспирином» ."
"p266","Бальзамы питьевые","Бальзам «КоронаСтоп»","500 мл","3554",,,"Россия","12 месяцев","4690324021469","","0","False","balzam-koronastop","https://firebasestorage.googleapis.com/v0/b/travnik-5cc55.firebasestorage.app/o/products%2Fbalzam-koronastop.jpg?alt=media&token=7b0b56ef-a8c8-48d5-a867-3f33b2831433","https://www.flip.kz/catalog?prod=3022954",,,"Бальзам «КоронаСтоп»  Бальзам травника Гордеева для оздоровления при острых вирусных и опасных инфекциях. Для эффективной помощи организму в условиях повышенного риска и при заболеваниях вирусными, бактериальными, грибковыми и другими инфекциями . Обладает противовирусным, антибактериальным и противовоспалительным действием. Корректирует иммунитет и сопротивляемость организма, нормализует терморегуляцию и антисвёртывающие системы крови, а также улучшает дыхание и сердечную деятельность . Активно санирует мочевыводящие пути и репродуктивные органы . Рекомендации по применению: взрослым 2-3 ст. л. бальзама развести в 100-200 мл тёплой воды 3 раза в день, детям в 2-3 раза меньше . В период заболевания доза бальзама увеличивается в 2 раза. Курс приема с целью профилактики: принимать 3 недели, 1 неделя перерыв и так далее ⏳."
"p267","Травы","Тысячелистника трава","50 г","560",,,"Россия","24 месяца","4610002419104","","29","False","tysyachelistnika-trava","https://firebasestorage.googleapis.com/v0/b/travnik-5cc55.firebasestorage.app/o/products%2Ftysyachelistnika-trava.jpg?alt=media&token=ad6abdfa-5efe-4fba-8fb0-46858fb11f09","https://www.flip.kz/catalog?prod=3022962",,"1 − 2ст. л. травы залить 0,2-0,3 л кипятка, настоять 1 час при комнатной температуре ⏳. Принимать по 1/3 от полученного объема 3 раза в день, каждую порцию процеживая через ситечко. Противопоказания:...","Тысячелистник кровоостанавливающее, противовоспалительное, бактерицидное, дермотоническое средство . Тысячелистник рекомендуется при геморрое, герпесе, ранах, язвах, фурункулах, угрях . Тысячелистника препараты применяют при чешуйчатом лишае, для стимуляции роста волос при гнездовом облысении ‍. Примочки тысячелистника применяют при излишне жирной коже . Тысячелистника трава применяется при различных кровотечениях, простудных заболеваниях, гастритах, энтеритах . Тысячелистника трава используется как кровоостанавливающее, вяжущее, противовоспалительное, мочегонное, лактогонное, болеутоляющее средство . Трава тысячелистника улучшает пищеварение, обмен веществ . Тысячелистника трава применяется наружно как ранозаживляющее, дезодорирующее ."
"p268","Мази и кремы","Крем для суставов и позвоночника, от шпор «С маклюрой»","60 г","3142",,,"Россия","24 месяца","4690324022763","","8","False","krem-dlya-sustavov-i-pozvonochnika-ot-shpor-s-maklyuroi","https://firebasestorage.googleapis.com/v0/b/travnik-5cc55.firebasestorage.app/o/products%2Fkrem-dlya-sustavov-i-pozvonochnika-ot-shpor-s-maklyuroi.jpg?alt=media&token=f0cdae6f-cf32-439e-a742-8bd6bb4bc7fe","https://www.flip.kz/catalog?prod=3022965",,"1-2 раза в сутки крем нанести тонким слоем на болезненную область и укутать шерстяной тканью на 2-4 часа . Повторять ежедневно в течение 3-4 недель. Повторить курс рекомендуется через месяц ⏳.","Крем с маклюрой  Благодаря противовоспалительному, противоотечному, иммуноукрепляющему, противовирусному действию используется при радикулите, остеохондрозе, грыжах позвоночника, суставных и мышечных болях , варикозной болезни, пяточных шпорах, невритах и невралгиях различной природы; для согревания, облегчения боли, уменьшения отечности, улучшения питания и состояния тканей пораженной области ."
"p269","Травы","Фасоли створки","50 г","872",,,"Россия","24 месяца","4610002419166","","42","False","fasoli-stvorki","https://firebasestorage.googleapis.com/v0/b/travnik-5cc55.firebasestorage.app/o/products%2Ffasoli-stvorki.jpg?alt=media&token=7086e91a-1318-4019-b300-25626799e250","https://www.flip.kz/catalog?prod=3022968",,"1-2 ст. л. сырья залить 0,2-0,3 л воды, довести до кипения, потомить 3-4 мин, настоять до остывания, процедить ⏳. Принимать по 1/3 от полученного объема 3 раза в день до еды. Противопоказания: индивидуальная непереносимость. Перед применением: рекомендуется проконсультироваться с врачом ‍.","Фасоли створки  Большинство людей, употребляя в пищу фасоль, очищают её . Створки при этом выкидывают. В то время как они являются ценным лекарственным средством, признанным в официальной и народной медицине . Это мягкое лекарство натурального происхождения с давних времен использовалось нашими предками для лечения патологий, для борьбы с которыми сейчас используют сильнодействующие лекарственные препараты ."
"p270","Травы","Зизифоры трава","50 г","889",,,"Россия","24 месяца","4690324019442","","12","False","zizifory-trava","https://firebasestorage.googleapis.com/v0/b/travnik-5cc55.firebasestorage.app/o/products%2Fzizifory-trava.jpg?alt=media&token=55f49edb-a2a1-490c-8866-226e149afba4","https://www.flip.kz/catalog?prod=3022973",,"1 десертную ложку травы залить 0.25 литрами кипятка, настоять 1 час при комнатной температуре ⏳. Принимать в течение дня в 3 приема, последний прием перед сном, каждую порцию процеживая через ситечко.","Зизифоры трава  Зизифору часто добавляют в сборы лекарственных трав, имеющих не очень приятный запах . Ее стойкий, приятный, душистый, немного мятный аромат улучшает запах сбора . Болеутоляющие свойства зизифоры делают ее популярным растением для сборов трав, которые рекомендуют при простуде, зубной боли, скрофулезе . Эфирные масла зизифоры, смешивая с нейтральной основой, используют для растираний при ревматизме ‍. Настойка оказывает кардиотоническое, гипотензивное, антигельминтное действие. Применение зизифоры при кишечных расстройствах, поносах также возможно, дубильные вещества, содержащиеся в траве зизифоры, помогают справиться с этими неприятными заболеваниями ."
"p271","Травы","Хвоща полевого трава","50 г","626",,,"Россия","24 месяца","4610002419265","","148","False","khvoshcha-polevogo-trava","https://firebasestorage.googleapis.com/v0/b/travnik-5cc55.firebasestorage.app/o/products%2Fkhvoshcha-polevogo-trava.jpg?alt=media&token=24865153-bc1a-4d2d-ae60-2dd41e59873f","https://www.flip.kz/catalog?prod=3022974",,,"Хвоща полевого трава  Хвощ полевой обладает противомикробным, кровоостанавливающим, противоглистным, мочегонным, спазмолитическим, вяжущим, отхаркивающим, антисептическим, общеукрепляющим, ранозаживляющим действиями . В составе растения содержится большое количество различных биологически активных компонентов, за счет которых он и проявляет свои лечебные свойства . Трава хвоща полевого в виде настоя применяется в комплексной терапии отечного синдрома различного генеза (нарушение функции почек, хроническая сердечная недостаточность); при воспалительных процессах мочевого пузыря и мочевыводящих путей (цистит, уретрит) . В дерматологии хвощ используют при аллергических заболеваниях кожи . Препараты хвоща полевого зачастую назначаются как дополнение к базовой терапии при устранении язвенной болезни, гастрита, панкреатита или холецистита . Прием хвоща полевого помогает устранить белок из мочи, способствует лечению острых и хронических форм циститов. Хвощ полевой активно..."
"p272","Полезное питание","Мужской салат (тестостероновый) травяной сбор","80 г","3077",,,"Россия","24 месяца","4690324006404","","15","False","muzhskoi-salat-testosteronovyi-travyanoi-sbor","https://firebasestorage.googleapis.com/v0/b/travnik-5cc55.firebasestorage.app/o/products%2Fmuzhskoi-salat-testosteronovyi-travyanoi-sbor.jpg?alt=media&token=61e03e26-4e45-4d71-8602-3a188cc8cf14","https://www.flip.kz/catalog?prod=3023077",,"в виде специи к первому блюду или 1 ст. ложку перед сном .","Дизайн товара в ассортименте, без возможности выбора. Повышает уровень мужских гормонов (тестостерона, андрогенов) , способствует понижению жировых запасов и переходу их в мышечную массу . Улучшает реологию крови (уменьшает вязкость крови, нормализует содержание холестерина, глюкозы (сахара), эритроцитов, гемоглобина) . Рекомендуется мужчинам со сниженной потенцией, избыточной массой тела (ожирение 2,3 степени); женщинам, склонным к полноте при гормональных нарушениях женской половой сферы (миомы, кисты яичников) за 5-7 дней до наступления и все дни mensis ."
"p273","Травы","Фиалки трехцветной трава","50 г","708",,,"Россия","24 месяца","4690324006855","","25","False","fialki-trekhtsvetnoi-trava","https://firebasestorage.googleapis.com/v0/b/travnik-5cc55.firebasestorage.app/o/products%2Ffialki-trekhtsvetnoi-trava.jpg?alt=media&token=221f8bf8-c075-4034-ae30-7c4e606c56a3","https://www.flip.kz/catalog?prod=3023092",,"1-2 ст. л. травы залить 0,2-0,3 л кипятка, настоять 1 час при комнатной температуре ⏳. Принимать по 1/3 от полученного объема 3 раза в день, каждую порцию процеживая через ситечко.","Фиалки трехцветной трава  Применяется при кашле, астматических бронхитах, различных кожных заболеваниях (золотухе, угрях, экземе, зуде) ; как отхаркивающее, мочегонное, потогонное, противовоспалительное, противоаллергическое, улучшающее обмен веществ средство ."
"p274","Травы","Диоскореи корневища","50 г","3619",,,"Россия","24 месяца","4690324007104","","7","False","dioskorei-kornevishcha","https://firebasestorage.googleapis.com/v0/b/travnik-5cc55.firebasestorage.app/o/products%2Fdioskorei-kornevishcha.jpg?alt=media&token=4929470e-4d71-44fa-a52d-b12659e7ef1f","https://www.flip.kz/catalog?prod=3023133",,"1-2 ст. л. сбора залить 0,2-0,3 л кипятка, настоять 1 час при комнатной температуре ⏳. Принимать по 1/3 от полученного объема 3 раза в день, каждую порцию процеживая через ситечко.","Диоскореи корневища  Диоскорея корневища (дикий ямс, корень молодости) травяной сбор марки Гордеев . Диоскорея растение, обладающее множеством целебных свойств. Диоскореи корневища содержат в химическом составе полезные для организма компоненты, такие как сапонины, выводящие вредный холестерин ; гликозиды, улучшающие работу сердца; фитоэстроген, аналог женских половых гормонов . Травяной сбор обладает сосудорасширяющим, успокаивающим, седативным, противовоспалительным, антигистаминным и мочегонным свойством . Также в диоскорее много хрома, селена и жироподобных веществ. Травяной сбор имеет высокий антисклеротический эффект ."
"p275","Травы","Солянки холмовой трава","50 г","823",,,"Россия","24 месяца","4690324007180","","37","False","solyanki-kholmovoi-trava","https://firebasestorage.googleapis.com/v0/b/travnik-5cc55.firebasestorage.app/o/products%2Fsolyanki-kholmovoi-trava.jpg?alt=media&token=e4776384-7ea0-4267-9ceb-92d8675db4d1","https://www.flip.kz/catalog?prod=3023138",,"1/2-1 ст. л. травы залить 0,2-0,3 л кипятка, настоять 1 час при комнатной температуре ⏳. Принимать по 1/3 от полученного объема 3 раза в день, каждую порцию процеживая через ситечко.","Солянки холмовой трава  Применяется при заболеваниях печени как воспалительного характера, в т.ч. инфекционных (гепатиты, холециститы, холангиты и др ), так и дистрофического (или застойного) характера — гепатозы, циррозы, ЖКБ, дискинезия желчевыводящих путей, повышенном холестерине, нарушении минерального обмена (высоком индексе атерогенности), недостаточности инсулина и повышенном сахаре в крови ."
"p276","Травы","Яснотки белой трава","50 г","823",,,"Россия","24 месяца","4690324007210","","5","False","yasnotki-beloi-trava","https://firebasestorage.googleapis.com/v0/b/travnik-5cc55.firebasestorage.app/o/products%2Fyasnotki-beloi-trava.jpg?alt=media&token=e10f7ec6-02d9-4216-83de-e1656a82fd2c","https://www.flip.kz/catalog?prod=3023142",,"1-2 ст. л. травы залить 0,2-0,3 л кипятка, настоять 1 час при комнатной температуре ⏳. Принимать по 1/3 от полученного объема 3 раза в день, каждую порцию процеживая через ситечко. Наружно: 3 ст. л. травы настоять в термосе в 0,5 л кипятка. Перед употреблением настой рекомендуется взбалтывать .","Яснотки белой трава  Применяется: при кожных заболеваниях (фурункулы, гнойнички), кровотечениях, бронхитах . Обладает кровоочистительным, кровоостанавливающим, маткосокращающим, противовоспалительным действием ."
"p277","Травы","Василька синего цветки","25 г","3619",,,"Россия","24 месяца",,"","0","False","vasilka-sinego-tsvetki","https://firebasestorage.googleapis.com/v0/b/travnik-5cc55.firebasestorage.app/o/products%2Fvasilka-sinego-tsvetki.jpg?alt=media&token=ae65e5bb-6048-443a-adb6-4c7fe26b03c1","https://www.flip.kz/catalog?prod=3023157",,"1-2 ст. л. травы залить 0,2-0,3 л воды, довести до кипения, потомить 3-4 мин, настоять до остывания, процедить, растительное сырье отжать ⏳. Принимать по 1/4 от полученного объема 3-4 раза в день до еды.","Василька синего цветки  Применяется при заболеваниях печени и желчевыводящих путей, желтухе, асцитах печеночного и сердечного происхождения, болезнях почек и мочевыводящих путей: уретрите, цистите, пиелонефрите . Обладает антибактериальным, мочегонным, противовоспалительным, жаропонижающим действием ."
"p278","Масла","Масло цветков зверобоя","100 мл","1201",,,"Россия","12 месяцев","4690324008071","","22","False","maslo-tsvetkov-zveroboya","https://firebasestorage.googleapis.com/v0/b/travnik-5cc55.firebasestorage.app/o/products%2Fmaslo-tsvetkov-zveroboya.jpg?alt=media&token=4bfbf584-f6a4-4908-857b-91fd3fc2a433","https://www.flip.kz/catalog?prod=3023227",,"внутрь: взрослым по 1 дес.л. (10 мл), детям по 1 ч.л. (5 мл) до приема пищи, последний раз — на ночь, 2-3 раза в день . Наружно: нанести небольшое количество масла на пораженный участок кожи, слегка втирая, при сильных поражениях — наложить смоченный маслом тампон и зафиксировать.","Масло цветков зверобоя  Применяется при ожогах, незаживающих ранах и язвах, нарывах, гнойных воспалениях рта . Обладает выраженным ранозаживляющим действием (при гастрите, язве), антидепрессантным действием (улучшает настроение, снимает переутомление, при злоупотреблении алкоголем и курением) , цитостатическим действием (замедляет рост раковых клеток) ."
"p279","Травы","Тмина черного семена","50 г","1316",,,"Россия","24 месяца","4690324008668","","73","False","tmina-chernogo-semena","https://firebasestorage.googleapis.com/v0/b/travnik-5cc55.firebasestorage.app/o/products%2Ftmina-chernogo-semena.jpg?alt=media&token=886653cb-27c9-47aa-8636-e265f24afe56","https://www.flip.kz/catalog?prod=3023234",,"употреблять после еды, не заваривая. Суточная доза — одна чайная ложка семян","Тмина черного семена  Применяются при заболеваниях нервной системы, язвах, глистах, нарушениях менструального цикла, дисфункции печени (гепатит) и почек, глазных болезнях и болезнях дыхательных путей (туберкулез, бронхиты, астма, простуды), различных формах аллергии, при сахарном диабете, заболеваниях сердечно-сосудистой системы, головных и зубных болях, при тошноте, рвоте . Являются идеальным средством при заболеваниях ЖКТ и их профилактики, восстановления ослабленного иммунитета . Обладают улучшающим пищеварение, ветрогонным, антибактериальным, иммуностимулирующим, антидепрессивным, мягким тонизирующим действием. Улучшают память . Не раздражают слизистые оболочки желудка."
"p280","Травы","Таволги шестилепестной корневища с корнями","50 г","2567",,,"Россия","24 месяца","4690324009160","","0","False","tavolgi-shestilepestnoi-kornevishcha-s-kornyami","https://firebasestorage.googleapis.com/v0/b/travnik-5cc55.firebasestorage.app/o/products%2Ftavolgi-shestilepestnoi-kornevishcha-s-kornyami.jpg?alt=media&token=a1a2747c-02f6-4197-9600-7d1a99c0afb8","https://www.flip.kz/catalog?prod=3023305",,"1-2 ст. л. залить 0,2-0,3 л воды, довести до кипения, потомить 3-4 мин, настоять до остывания, отжать ⏳. Принимать по 1/3 от полученного объема 3 раза в день за 10-15 минут до еды.","Таволги шестилепестной корневища с корнями  Применяются при диффузном токсическом зобе — заболевании, при котором наблюдается равномерное увеличение щитовидной железы с избыточной продукцией тиреоидных гормонов . Способствуют более успешному оздоровлению больных, применяющих тиреостатические препараты, вероятность рецидивов уменьшается . Нормализуется функция щитовидной железы, улучшается сон, деятельность сердечно сосудистой системы, восстанавливается ранее утраченная масса тела . Применяется при злокачественных заболеваниях ."
"p281","Травы","Акации белой цветки","25 г","872",,,"Россия","24 месяца","4690324009481","","1","False","akatsii-beloi-tsvetki","https://firebasestorage.googleapis.com/v0/b/travnik-5cc55.firebasestorage.app/o/products%2Fakatsii-beloi-tsvetki.jpg?alt=media&token=2338d7b4-07d4-450d-b134-76ae9c7fb4e3","https://www.flip.kz/catalog?prod=3023310",,"1-2 ст. л. сырья залить 0,2-0,3 л воды, довести до кипения, потомить 3-4 мин, настоять до остывания, процедить ⏳. Принимать по 1/3 от полученного объема 3 раза в день до еды.","Акации белой цветки  Акация белая — распространённое в народе название робинии ложно акациевой, дерева из семейства Бобовых . Это достаточно крупное, около 25-30 метров в высоту, растение, покрытое толстой корой серо-бурого цвета с крупными трещинами. Непарноперистые листья зелено-серебристого оттенка, состоящие из 9-19 листочков, расположены поочерёдно, их длина обычно составляет около 20-25 см . У основания листьев находятся трансформировавшиеся в шипы прилистники. Цветки акации колокольчатые, сидящие на цветоножках, образуют поникающие кистевидные соцветия . Плод растения — продолговатый приплюснутый коричневый боб около 6-12 см в длину."
"p282","Чайные напитки","Чай копорский с мятой","50 г","1942",,,"Россия","24 месяца","4690324009993","","5","False","chai-koporskii-s-myatoi","https://firebasestorage.googleapis.com/v0/b/travnik-5cc55.firebasestorage.app/o/products%2Fchai-koporskii-s-myatoi.jpg?alt=media&token=b741b5e8-6523-4110-bf02-e79a1e4767ce","https://www.flip.kz/catalog?prod=3024258",,"засыпать чай в заварочный чайник из расчета чайная ложка на чашку плюс ложка на чайник. Залить кипятком и настоять 5-7 минут ⏳.","Чай копорский с мятой  Копорский чай — традиционный русский чай, упоминаемый в старорусских летописях с XII века . Он поставлялся Россией во все страны Европы и был существенной статьей дохода государственного бюджета. Обладает приятным, чуть терпким вкусом с душистым цветочно-фруктовым ароматом, проясняет ум и укрепляет дух человека . Является источником витаминов В и С, макро- и микроэлементов (железа, меди, калия, марганца и др.). Рекомендован для повышения иммунитета и сопротивляемости различным инфекциям , улучшения обмена веществ, укрепления кровеносных сосудов, обладает антиоксидантной активностью, очищает организм при различных интоксикациях, повышает работоспособность . Чай с листьями мяты помогает при дискомфортных состояниях желудочно-кишечного тракта, снимает спазмы, обладает успокаивающим действием ."
"p283","Чайные напитки","Чай копорский с душицей","50 г","1942",,,"Россия","24 месяца","4690324016090","","4","False","chai-koporskii-s-dushitsei","https://firebasestorage.googleapis.com/v0/b/travnik-5cc55.firebasestorage.app/o/products%2Fchai-koporskii-s-dushitsei.jpg?alt=media&token=e21b6b5b-b3bc-4e3d-b67f-c26f9fc60c95","https://www.flip.kz/catalog?prod=3024276","Копорский чай (иванчай ферментированный), цветки душицы.","засыпать чай в заварочный чайник из расчета чайная ложка на чашку плюс ложка на чайник. Залить кипятком и настоять 5-7 минут ⏳.","Чай копорский с душицей  Копорский чай — традиционный русский чай, упоминаемый в старорусских летописях с XII века . Он поставлялся Россией во все страны Европы и был существенной статьей дохода государственного бюджета. Обладает приятным, чуть терпким вкусом с душистым цветочно-фруктовым ароматом, проясняет ум и укрепляет дух человека . Является источником витаминов В и С, макро- и микроэлементов (железа, меди, калия, марганца и др.). Рекомендован для повышения иммунитета и сопротивляемости различным инфекциям , улучшения обмена веществ, укрепления кровеносных сосудов, обладает антиоксидантной активностью, очищает организм при различных интоксикациях, повышает работоспособность . Чай с цветками душицы благотворно действует на организм, обладает успокаивающим, противовоспалительным действием ."
"p284","Травы","Астрагала трава","50 г","1728",,,"Россия","24 месяца","4690324010173","","30","False","astragala-trava","https://firebasestorage.googleapis.com/v0/b/travnik-5cc55.firebasestorage.app/o/products%2Fastragala-trava.jpg?alt=media&token=94ba7291-ba6f-49a6-9bb8-a60cc5eb941e","https://www.flip.kz/catalog?prod=3024285",,"1-2 ст.л. травы залить 200-300 мл. кипятка, настоять 1 час, процедить ⏳. Применять: по 3 ст.л. 3 раза в день.","Астрагала трава  Отвар Астрагала помогает лечить пневмонию (понижает жар/ облегчает отхождение мокрот из бронхов/легких) ; кровоостанавливающее; противоопухолевое/укрепляет иммунитет ; способствует свертываемости крови. Примочки астрагалом лечат раны, снимают боль ."
"p285","Травы","Пижмы трава","25 г","510",,,"Россия","24 месяца","4690324011248","","25","False","pizhmy-trava","https://firebasestorage.googleapis.com/v0/b/travnik-5cc55.firebasestorage.app/o/products%2Fpizhmy-trava.jpg?alt=media&token=81df3716-9265-482a-980d-229a142700b6","https://www.flip.kz/catalog?prod=3024289",,"1-2 ст. л. сырья залить 0,2-0,3 л кипятка, настоять 1 час при комнатной температуре ⏳. Принимать по 1/3 от полученного объема 3 раза в день, каждую порцию процеживая через ситечко.","Пижмы трава  Применяются: при тахикардии, гепатите, холецистите, гельминтах (глистах) , любых воспалениях; как увеличивающее амплитуду сердечных сокращений и замедляющее ритм сердца , желчегонное и снижающее содержание слизи в желчи при гепатитах, тонизирующее мускулатуру желудочно-кишечного тракта, усиливающее секрецию ее желез; противовоспалительное, противомикробное, противоглистное, противогипоксическое средство ."
"p286","Травы","Лаванды цветки","25 г","1234",,,"Россия","24 месяца","4690324011323","","24","False","lavandy-tsvetki","https://firebasestorage.googleapis.com/v0/b/travnik-5cc55.firebasestorage.app/o/products%2Flavandy-tsvetki.jpg?alt=media&token=6b0bfbe5-d315-4d97-a2a6-9c6eb3359eb8","https://www.flip.kz/catalog?prod=3024300",,"1/2-1 ст. л. цветков залить 0,2-0,3 л кипятка, настоять 1 час при комнатной температуре ⏳. Принимать по 1/3 от полученного объема 3 раза в день, каждую порцию процеживая через ситечко.","Лаванды цветки  Применяется при повышенной нервной возбудимости, кардионеврозах, мигрени, гипертонической болезни, атеросклерозе, депрессии, стрессе, неврастении, бессоннице, спастических колитах ; как гипотензивное, успокаивающее, спазмолитическое, антиаритмическое, антисклеротическое, расслабляющее гладкую мускулатуру средство ."
"p287","Травы","Саган дайля (рододендрон адамса) листья","20 г","3619",,,"Россия","24 месяца","4690324012054","","13","False","sagan-dailya-rododendron-adamsa-listya","https://firebasestorage.googleapis.com/v0/b/travnik-5cc55.firebasestorage.app/o/products%2Fsagan-dailya-rododendron-adamsa-listya.jpg?alt=media&token=24f33fc7-86ad-4604-875b-b60fae17b369","https://www.flip.kz/catalog?prod=3024303",,"рецепт приготовления целебного чая: На стакан кипятка или свежезаваренного чая кладут 3-5 листка или не более 2-х см побега Саган-дайля . Настаивать напиток следует минимум 10 минут, оптимальным же временем считается полчаса ⏳. Пить чудо-чай нужно дважды в день, независимо от приема пищи. Чтобы не произошло обезвоживание организма, в течение приема напитка нужно выпивать как можно больше воды, до 3-х литров в день .","Саган дайля листья  Саган-дайля прекрасное тонизирующее, адаптогенное и стимулирующее средство . Поскольку это растение сильный энергостимулятор, хватит всего одного листка, чтобы получить заряд бодрости на целый день . Фиточай из листьев и побегов саган-дайля поможет стабилизировать обмен веществ, укрепит стенки кровеносных сосудов, восстановит работу сердечнососудистой системы . Саган-дайля способствует повышению иммунитета, выводит из организма шлаки, улучшает деятельность почек, желчного пузыря и печени человека ."
"p288","Чайные напитки","Чай «Нежный» с листочками дикой мяты","60 г","1481",,,"Россия","24 месяца","4690324012429","","7","False","chai-nezhnyi-s-listochkami-dikoi-myaty","https://firebasestorage.googleapis.com/v0/b/travnik-5cc55.firebasestorage.app/o/products%2Fchai-nezhnyi-s-listochkami-dikoi-myaty.jpg?alt=media&token=5d1d5833-65d0-4555-a5d1-5e1940372668","https://www.flip.kz/catalog?prod=3024306",,"сполоснуть заварочный чайник горячей водой, насыпать чай из расчета 1 чайная ложка на чашку воды плюс 1 чайная ложка на чайник. Чайник тотчас же залить кипятком и настоять 5 минут ⏳.","Чай «Нежный» с листочками дикой мяты  Нежный чай создан на основе любимых ярких ароматов листьев смородины, мяты и цветков душицы с добавлением классического черного чая . Сочетание этих растений с их природным ароматом и силой снимет пелену усталости, переведет с трудовых ритмов в атмосферу радости и спокойствия, освежит и при регулярном употреблении послужит залогом хорошего жизненного тонуса . Добавлением чаги мы хотели подчеркнуть пикантный вкус напитка и усилить его полезные свойства . Нежный чай напомнит Вам о лете и позволит окунуться в атмосферу радости и благополучия в любое время года ."
"p289","Чайные напитки","Чай «Вальс цветов» с лепестками роз и васильков","60 г","1316",,,"Россия","24 месяца","4690324012436","","12","False","chai-vals-tsvetov-s-lepestkami-roz-i-vasilkov","https://firebasestorage.googleapis.com/v0/b/travnik-5cc55.firebasestorage.app/o/products%2Fchai-vals-tsvetov-s-lepestkami-roz-i-vasilkov.jpg?alt=media&token=6aff7ac7-408f-4538-bb2d-d5fbb4e07679","https://www.flip.kz/catalog?prod=3024309","Лепестки роз, цветки василька, календулы, душицы, листья смородины, бадана, чага, черный чай.","сполоснуть заварочный чайник горячей водой, насыпать чай из расчета 1 чайная ложка на чашку воды плюс 1 чайная ложка на чайник. Чайник тотчас же залить кипятком и настоять 5 минут ⏳.","Чай «Вальс цветов» с лепестками роз и васильков  Эксклюзивный ароматный чай на основе цветков василька, душицы, календулы, лепестков роз и листьев смородины с добавлением классического черного чая не только обладает неповторимым вкусом и ароматом, сливаясь в единую гармоничную композицию, играющую множеством воздушных оттенков . Цветки календулы, душицы, листья смородины укрепляют тело, помогают переносить стресс, повышают работоспособность . Цветки василька улучшают зрение , а лепестки розы смягчают и радуют душу . Вальс цветов удовлетворит вкус любого истинного ценителя травяных чаев ."
"p290","Чайные напитки","Чай «Княжеский» каркаде и пряностями","60 г","1399",,,"Россия","24 месяца","4690324012443","","4","False","chai-knyazheskii-karkade-i-pryanostyami","https://firebasestorage.googleapis.com/v0/b/travnik-5cc55.firebasestorage.app/o/products%2Fchai-knyazheskii-karkade-i-pryanostyami.jpg?alt=media&token=541306b7-0d11-4d9d-bdb5-3614a64e228c","https://www.flip.kz/catalog?prod=3024316",,"сполоснуть заварочный чайник горячей водой, насыпать чай из расчета 1 чайная ложка на чашку воды плюс 1 чайная ложка на чайник. Чайник тотчас же залить кипятком и настоять 5 минут ⏳.","Чай «Княжеский» каркаде и пряностями  Издревле люди знали об удивительных и лечебных свойствах чая из лепестков суданской розы (каркаде или гибискуса) . Но так как гибискус дорогой, то и позволить себе употреблять напиток из него могли избранные. Отсюда и название — Княжеский чай . Этот сбалансированный специями фиточай помогает повысить жизнестойкость, работоспособность, выносливость . Улучшает адаптацию к метеоусловиям и информационным перегрузкам . Освобождает от рассеянности и усиливает внимание . Прочувствуйте и оцените свое новое состояние с этим восхитительным нектаром!  Глубокий насыщенный вкус с приятной терпкой кислинкой подчеркивается свежестью мелиссы, привлекательный темно-рубиновый цвет ароматного напитка обеспечивают гибискус и чага ."
"p291","Чайные напитки","Чай «Пряное яблоко» с яблоком и корицей","60 г","1152",,,"Россия","24 месяца","4690324012450","","0","False","chai-pryanoe-yabloko-s-yablokom-i-koritsei","https://firebasestorage.googleapis.com/v0/b/travnik-5cc55.firebasestorage.app/o/products%2Fchai-pryanoe-yabloko-s-yablokom-i-koritsei.jpg?alt=media&token=435f905c-0963-4c66-850e-4e35519ca32a","https://www.flip.kz/catalog?prod=3024319",,"сполоснуть заварочный чайник горячей водой, насыпать чай из расчета 1 чайная ложка на чашку воды плюс 1 чайная ложка на чайник. Чайник тотчас же залить кипятком и настоять 5 минут ⏳.","Чай «Пряное яблоко» с яблоком и корицей  Пряный, сладкий и бодрящий чай пряное яблоко на основе полезных растений и классического черного чая — это здоровая альтернатива кофеин содержащим напиткам в любое время дня ⏰. Волнующий аромат гвоздики, корицы и кардамона придают букету легкий пряный оттенок, а освежающие цитрусовые тона подчеркивают пикантный вкус и перекликаются с роскошным дуэтом уральских яблочек и плодов шиповника . Закройте глаза, сделайте вдох и пусть богатый вкус и аромат чая перенесут Вас в прекрасный мир гармонии и радости ."
"p292","Чайные напитки","Чай «Русский традиционный» с иван-чаем, смородиной, мелиссой","70 г","1505",,,"Россия","24 месяца","4690324012481","",,"False","chai-russkii-traditsionnyi-s-ivan-chaem-smorodinoi-melissoi","https://firebasestorage.googleapis.com/v0/b/travnik-5cc55.firebasestorage.app/o/products%2Fchai-russkii-traditsionnyi-s-ivan-chaem-smorodinoi-melissoi.jpg?alt=media&token=7f033120-275d-4d65-aa2e-e7c7112942b5","https://www.flip.kz/catalog?prod=3024325",".","сполоснуть заварочный чайник горячей водой, насыпать чай из расчета 1 чайная ложка на чашку воды плюс 1 чайная ложка на чайник. Чайник тотчас же залить кипятком и настоять 5 минут ⏳.","Чай «Русский традиционный» с иван-чаем, смородиной, мелиссой  Главное в русском чаепитии — это атмосфера душевности, покоя и радости, возможность испить чаю в приятной компании . За чаем проходят семейные и дружеские посиделки, люди общаются, делятся сокровенным, радуются и просто отдыхают . Об особой роли чая в жизни русского человека говорят такие пословицы: «Где есть чай — там под елью рай», «Чай пьешь — 100 лет переживешь» . Русская традиция — это чай с лесными, горно-луговыми травами, ягодами и плодами . Чайный стол всегда был богат яствами: медом, пастилой, вареньем из ягод дикой клубники, земляники и малины ."
"p293","Чайные напитки","Чай «Копорский элитный» с бутонами и плодами шиповника","60 г","2040",,,"Россия","24 месяца","4690324012511","","11","False","chai-koporskii-elitnyi-s-butonami-i-plodami-shipovnika","https://firebasestorage.googleapis.com/v0/b/travnik-5cc55.firebasestorage.app/o/products%2Fchai-koporskii-elitnyi-s-butonami-i-plodami-shipovnika.jpg?alt=media&token=bc4d4eb1-4ee7-4f61-b5c5-4a79897d3538","https://www.flip.kz/catalog?prod=3024330",,"сполоснуть...","Чай «Копорский элитный» с бутонами и плодами шиповника  Копорский чай — традиционный русский чай, упоминаемый в старорусских летописях с XII века . Он поставлялся Россией во все страны Европы и был существенной статьей дохода государственного бюджета. Обладает приятным, чуть терпким вкусом с душистым цветочно-фруктовым ароматом, проясняет ум и укрепляет дух человека . Является источником витаминов В и С, макро- и микроэлементов (железа, меди, калия, марганца и др.). Рекомендован для повышения иммунитета и сопротивляемости различным инфекциям , улучшения обмена веществ, укрепления кровеносных сосудов, обладает антиоксидантной активностью, очищает организм при различных интоксикациях, повышает работоспособность . Цветки дикой розы и плоды шиповника добавляют в чай приятную свежесть и кислинку и укрепляют иммунитет, снижают уровень плохого холестерина, положительно влияют на пищеварение, помогают избавиться от хронической усталости ."
"p294","Травы","Сухоцвета трава","50 г","823",,,"Россия","24 месяца","4690324013501","","6","False","sukhotsveta-trava","https://firebasestorage.googleapis.com/v0/b/travnik-5cc55.firebasestorage.app/o/products%2Fsukhotsveta-trava.jpg?alt=media&token=1d98d2bb-ee10-43b8-9638-d77aaad79b9b","https://www.flip.kz/catalog?prod=3024334",,"1-2 ст. л. сырья залить 0,2-0,3 л кипятка, настоять 1 час при комнатной температуре ⏳. Принимать по 1/3 от полученного объема 3 раза в день, каждую порцию процеживая через ситечко.","Сухоцвета трава  Применяется при папилломатозе мочевого пузыря и анацидных гастритах, желчекаменной болезни, болезненном мочеиспускании, атеросклерозе, ревматизме, подагре, одышке, головной боли, ишиасе, нервных болезнях с онемением ног ; улучшает желчеотделение, повышает тонус желчного пузыря, усиливает секрецию желудочного сока, активизирует деятельность поджелудочной железы, увеличивает отделение мочи ; как спазмолитическое, антибактериальное, кровоостанавливающее, вяжущее и глистогонное средство ."
"p295","Травы","Паслена черного трава","50 г","1053",,,"Россия","24 месяца","4690324013709","","4","False","paslena-chernogo-trava","https://firebasestorage.googleapis.com/v0/b/travnik-5cc55.firebasestorage.app/o/products%2Fpaslena-chernogo-trava.jpg?alt=media&token=42dd1878-e763-48c8-afdd-26f09faab3af","https://www.flip.kz/catalog?prod=3024336",,,"Паслена черного трава  Применяется: при атеросклерозе; как болеутоляющее средство при спастических болях в животе, мочевом пузыре, колите, моче- и желчнокаменной болезни, гипертонической болезни, неврозах, головных болях, ревматических и подагрических болях в суставах ; обладает противовоспалительным, ранозаживляющим действием. Наружно используют для примочек при золотухе, фурункулах, лишаях . Способ приготовления и применения: • настой: 0,5-1 ст.л. травы залить 0,25 л кипятка, настоять 3-4 ч, процедить ⏳. Принимать по 1 ст. л. 3-4 раза в день; в виде примочек при золотухе, фурункулах, лишаях; • отвар: 0,5-1 ст.л. травы залить 0,2 л кипятка, кипятить 15 мин на слабом огне, настоять 2 ч, процедить. Пить по 1 ч. л. 2-3 раза в день в течение 10 дней при заболеваниях кожи, зудящих экземах, кашле, простуде, бронхиальной астме, ревматизме, невралгии, неврастении, колите, нерегулярных менструациях, гипертонической болезни, гастрите, цистите."
"p296","Травы","Чернобыльника корни (полынь Чернобыльник)","50 г","807",,,"Россия","24 месяца","4690324016762","","2","False","chernobylnika-korni-polyn-chernobylnik","https://firebasestorage.googleapis.com/v0/b/travnik-5cc55.firebasestorage.app/o/products%2Fchernobylnika-korni-polyn-chernobylnik.jpg?alt=media&token=b9c0057b-a822-47b6-8a84-d2db50056e60","https://www.flip.kz/catalog?prod=3024371",,"1 ст.л. залить 500 мл кипятка, настаивать 4 часа в закрытой посуде, процедить ⏳. Принимать по 1/2 стакана 2 раза в день до еды.","Чернобыльника корни  Чернобыльник применяют при эпилепсии, судорогах, желудочно-кишечных коликах и спазмах, плохом пищеварении, женских заболеваниях, при гипертонии, туберкулезе, ОРВИ . Для лечения алкоголизма применяют с чабрецом . Чернобыльник применяется как общеукрепляющее, противовоспалительное, антисептическое и жаропонижающее средство . Настои чернобыльника назначают при неврозах, эпилепсии, тиреотоксикозах, мигрени, менингитах и нейроинфекциях, а также при различных гинекологических заболеваниях . Наружно применяется при воспалении слизистых оболочек, для лечения долго незаживающих ран и ушибов ."
"p297","Травяные сборы 100 г","Сбор травяной «Противораковый»","100 г","2057",,,"Россия","24 месяца","4690324018339","","16","False","sbor-travyanoi-protivorakovyi","https://firebasestorage.googleapis.com/v0/b/travnik-5cc55.firebasestorage.app/o/products%2Fsbor-travyanoi-protivorakovyi.jpg?alt=media&token=c4f37f62-f2f8-4401-b48e-64a22e042b63","https://www.flip.kz/catalog?prod=3024382",,"1-3 ст. л. сырья залить 0,2-0,3 л кипятка, настоять 1 час при комнатной температуре ⏳. Принимать по 1/3 от полученного объема 3 раза в день за 10-15 мин до еды, каждую порцию процеживая через ситечко. Минимальный курс приема: от полугода до 1-2 лет. После каждого месяца фитотерапии желательно делать перерыв в 5-7 дней, во время которого пить чайный напиток «Селен натуральный».","Сбор травяной «Противораковый»  При доброкачественных и злокачественных новообразованиях. Растения, входящие в напиток чайный, активируют адаптационные механизмы, нормализуют иммунную защиту организма, являются реальным лечебным средством при любых новообразованиях . При систематическом употреблении доброкачественные опухоли или рассасываются или уменьшаются в размерах . Состояние онкологических больных, даже с IV стадией заболевания, улучшается ."
"p298","Травяные сборы 100 г","Сбор травяной «Желудок здоровый»","100 г","2057",,,"Россия","24 месяца","4690324018353","","52","False","sbor-travyanoi-zheludok-zdorovyi","https://firebasestorage.googleapis.com/v0/b/travnik-5cc55.firebasestorage.app/o/products%2Fsbor-travyanoi-zheludok-zdorovyi.jpg?alt=media&token=7173e532-83c7-4357-8ca4-de39e6775cc9","https://www.flip.kz/catalog?prod=3024392",,"1-2 ст. л. сбора залить 0,2-0,3 л кипятка, настоять 1 час при комнатной температуре, процедить ⏳. Принимать по 1/3 от полученного объема 3 раза в день за 10-15 мин до еды. Минимальный курс приема: от 2-3 месяцев до полугода. Повторные курсы (3-4 раза в год) с перерывами между ними в 1 месяц.","Сбор травяной «Желудок здоровый»  Травы, входящие в состав чайного напитка, рекомендованы при острых и хронических гастритах, сопровождающихся типичными жалобами: больных беспокоит тяжесть в эпигастральной области, голодные боли, усиленное газообразование, иногда потеря веса . Создается защитная пленка на слизистых желудка и кишечника, нормализуется кислотность, улучшается процесс пищеварения; является болеутоляющим, спазмолитическим, ранозаживляющим и противоопухолевым средством . Можно применять при онкологических заболеваниях органов пищеварения."
"p299","Травяные сборы 100 г","Сбор травяной «Бактериям-стоп»","100 г","2057",,,"Россия","24 месяца","4690324018377","","11","False","sbor-travyanoi-bakteriyam-stop","https://firebasestorage.googleapis.com/v0/b/travnik-5cc55.firebasestorage.app/o/products%2Fsbor-travyanoi-bakteriyam-stop.jpg?alt=media&token=c13377e4-1c6f-4de4-b169-349dbc5431f6","https://www.flip.kz/catalog?prod=3024395",,"1-2 ст. л. сырья залить 0,2-0,3 л кипятка, настоять 1 час при комнатной температуре ⏳. Принимать по 1/3 от полученного объема 3 раза в день за 10-15 мин до еды, каждую порцию процеживая через ситечко. Минимальный курс приема: зависит от тяжести заболевания и может продлиться от полугода до нескольких лет. Через каждый месяц фитотерапии рекомендуется делать перерыв в 7-10 дней.","Сбор травяной «Бактериям-стоп»  Травы, входящие в состав напитка чайного, рекомендованы при хронических заболеваниях органов дыхания различной этиологии: хроническом обструктивном бронхите, хронической пневмонии, бронхоэктатической болезни, туберкулезе, саркоидозе легких . Можно применять при раке легкого и при метастазах в легких как средство, улучшающее дыхание ."
"p300","Травяные сборы 100 г","Сбор травяной «Стрессу-нет»","100 г","2057",,,"Россия","24 месяца","4690324018391","","13","False","sbor-travyanoi-stressu-net","https://firebasestorage.googleapis.com/v0/b/travnik-5cc55.firebasestorage.app/o/products%2Fsbor-travyanoi-stressu-net.jpg?alt=media&token=2928af57-2b72-4199-9ec4-4a7c6a90ea83","https://www.flip.kz/catalog?prod=3024410",,"1-2 ст. л. сырья залить 0,2-0,3 л кипятка, настоять 1 час при комнатной температуре, процедить ⏳. Принимать по 1/3 от полученного объема 3 раза в день за 10-15 мин. до еды.","Сбор травяной «Стрессу-нет»  Травы, входящие в состав чайного напитка, рекомендованы при стрессах, неврозах, бессоннице, метеочувствительности, частых мигренеподобных головных болях, повышенной тревожности . Успокаивают, снимают депрессию, дают чувство комфорта и удовлетворения жизнью ."
"p301","Травяные сборы 100 г","Сбор травяной при вирусных гепатитах «Печень super»","100 г","2057",,,"Россия","24 месяца","4690324018469","","15","False","sbor-travyanoi-pri-virusnykh-gepatitakh-pechen-super","https://firebasestorage.googleapis.com/v0/b/travnik-5cc55.firebasestorage.app/o/products%2Fsbor-travyanoi-pri-virusnykh-gepatitakh-pechen-super.jpg?alt=media&token=0cb65a89-63ef-4e67-b72b-d811be5c2dd2","https://www.flip.kz/catalog?prod=3024418",,"1-2 ст.л. сырья залить 0,2-0,3 л воды, довести до кипения, потомить 3-4 мин, настоять до остывания, процедить, отжать. Принимать по 1/3-1/4 от полученного объема 3 раза в день до еды. Минимальный курс приема: 3-4 недели. При хроническом течении болезни целесообразны повторы.","Сбор травяной «Печень super»  Травы, входящие в состав напитка чайного, рекомендованы при заболеваниях печени и желчного пузыря различной этиологии (гепатиты — острые и хронические, холециститы, панкреатиты, холангиты, циррозы, рак печени). Хорошее защитное и реабилитационное средство для печени при массивном медикаментозном лечении и интоксикациях различной этиологии . Увеличивается желчевыделение, осуществляется спазмолитическое, антиаллергическое и противовоспалительное действие, стимулируется желудок и поджелудочная железа, повышается диурез, ускоряется выведение из организма различных токсинов и желчных пигментов ."
"p302","Травяные сборы 100 г","Сбор травяной «Глюкоза норма»","100 г","2057",,,"Россия","24 месяца","4690324018483","","18","False","sbor-travyanoi-glyukoza-norma","https://firebasestorage.googleapis.com/v0/b/travnik-5cc55.firebasestorage.app/o/products%2Fsbor-travyanoi-glyukoza-norma.jpg?alt=media&token=f850ba19-7354-4b27-aae0-b325bebddd94","https://www.flip.kz/catalog?prod=3024422",,"1-2 ст. л. сырья залить 0,2-0,3 л воды, довести до кипения потомить 3-4 мин, настоять до остывания, процедить, отжать. Принимать по 1/3-1/4 от полученного объема 3 раза в день до еды. Минимальный курс приема: принимать постоянно в течение всей жизни пациента.","Сбор травяной «Глюкоза норма»  Травы, входящие в состав чайного напитка, применяют при диабетах I и II типа. Обладают сахароснижающим действием: за счет стимуляции поджелудочной железы увеличивают выработку инсулина . Восстанавливаются обменные процессы, нарушенные избытком сахара в крови. Благотворно влияет на нервную систему, повышает жизненный тонус больных . Предохраняет больных от поражений сердечно-сосудистой системы, сетчатки глаз, почек и печени или отдаляет момент появления диабетических осложнений ."
"p303","Травяные сборы 100 г","Сбор травяной «Грибок-минус»","100 г","2057",,,"Россия","24 месяца","4690324018520","","15","False","sbor-travyanoi-gribok-minus","https://firebasestorage.googleapis.com/v0/b/travnik-5cc55.firebasestorage.app/o/products%2Fsbor-travyanoi-gribok-minus.jpg?alt=media&token=98ddd9f0-8f6f-4c36-8a87-9327dc957e52","https://www.flip.kz/catalog?prod=3024424",,"1-2 ст. л. сырья залить 0,2-0,3 л кипятка, настоять 1 час при комнатной температуре, процедить. Принимать по 1/3 от полученного объема 3 раза в день за 10-15 мин. до еды. Минимальный курс приема: в зависимости от тяжести поражения от 2-3 до 6-8 месяцев. После каждого месяца приема рекомендуется перерыв в 7-10 дней.","Сбор травяной «Грибок-минус»  Основные показания: различные микозы (в том числе кандидоз). Мягко корректирует иммунодефицитные состояния и является эффективным лечебным средством при различных грибковых поражениях кожи и слизистых оболочек ."
"p304","Травяные сборы 100 г","Сбор травяной «Голова без слез»","100 г","2057",,,"Россия","24 месяца","4690324018544","","5","False","sbor-travyanoi-golova-bez-slez","https://firebasestorage.googleapis.com/v0/b/travnik-5cc55.firebasestorage.app/o/products%2Fsbor-travyanoi-golova-bez-slez.jpg?alt=media&token=8a29c774-dd07-4b04-a203-4f135e577724","https://www.flip.kz/catalog?prod=3024425",,"1-2 ст.л. сырья залить 0,2-0,3 л кипятка, потомить 3-4 мин., настоять до остывания, процедить, отжать. Принимать по 1/3-1/4 от полученного объема 3-4 раза в день до еды. Минимальный курс приема: рекомендуется для регулярного приема по самочувствию. Чередовать с напитками чайными «Для Радости-Сон-2» и «Голова умная».","Сбор травяной «Голова без слез»  Травы, входящие в состав чайного напитка, рекомендованы для восстановления умственной и физической работоспособности. Эффективен для тех, кто плохо переносит жару, духоту, испытывает ощущения «варености», разбитости, вялости, слабости, при горести и обреченности; при непродуктивном сне, не приносящем бодрости и свежести, при повышенной потливости . Укрепляет нервную систему, добавляет физических сил, повышает умственную работоспособность, настроение, дарует жизнерадостность ."
"p305","Травяные сборы 100 г","Сбор травяной «Голова умная»","100 г","2057",,,"Россия","24 месяца","4690324018568","","21","False","sbor-travyanoi-golova-umnaya","https://firebasestorage.googleapis.com/v0/b/travnik-5cc55.firebasestorage.app/o/products%2Fsbor-travyanoi-golova-umnaya.jpg?alt=media&token=4565c064-5a01-438e-a6f5-a30360580002","https://www.flip.kz/catalog?prod=3024429",,"1-2 ст. л. сырья залить 0,2-0,3 л кипятка, настоять 1 час при комнатной температуре. Принимать по 1/3 от полученного объема 3 раза в день за 10-15 мин. до еды, каждую порцию процеживая через ситечко. Минимальный курс приема: от 2-3 недель до 5-6 месяцев. При необходимости после небольшого перерыва (1-2 недели) возможны...","Сбор травяной «Голова умная»  Травы, входящие в состав напитка чайного, создают условия для эффективной работы мозга за счёт усиления общегомозгового кровотока, снижения чувствительности клеток мозга к гипоксии и улучшения состояния капилляров мозга . При употреблении напитка улучшается общее самочувствие, память, настроение, усиливается внимание и интеллект. Сбор эффективен при умственных нагрузках, стрессовых ситуациях, эмоциональной нестабильности, повышенной утомляемости и рассеянности . Положительно влияет на состояние нервной системы, рекомендуется применять при любых формах энцефалопатии, нейроинфекции, неврозах, психастении."
"p306","Травяные сборы 100 г","Сбор травяной «Витамины для мозга»","100 г","2057",,,"Россия","24 месяца","4690324018599","","42","False","sbor-travyanoi-vitaminy-dlya-mozga","https://firebasestorage.googleapis.com/v0/b/travnik-5cc55.firebasestorage.app/o/products%2Fsbor-travyanoi-vitaminy-dlya-mozga.jpg?alt=media&token=38488cba-674f-4a74-afd3-f7dab3347763","https://www.flip.kz/catalog?prod=3024432",,"от 1 до 7 лет — 1 ч. л., от 7 до 12 лет — 1 дес. л., от 12 лет и выше 1 ст. л. сырья залить стаканом кипятка, настоять 45 мин., процедить. Принимать по 1/3 от полученного объема 3 раза в день за 15 мин. до еды. Минимальный курс приема: от 2-3 месяцев до полугода. При необходимости курсы можно повторять несколько раз в год с перерывами между ними в 1-2 месяца. Целесообразно чередовать напиток «Витамины для мозга» с чайными напитками «Сердцу Вал», «Голова умная», «Кровь без тромбов».","Сбор травяной «Витамины для мозга»  Травы, входящие в состав напитка чайного, рекомендованы при нарушениях мозгового и периферического кровообращения различной этиологии; недостаточности мозгового кровообращения, при инсультах и параличах, при варикозной болезни ."
"p307","Травяные сборы 100 г","Сбор травяной «Печень здоровая»","100 г","2057",,,"Россия","24 месяца","4690324018605","","16","False","sbor-travyanoi-pechen-zdorovaya","https://firebasestorage.googleapis.com/v0/b/travnik-5cc55.firebasestorage.app/o/products%2Fsbor-travyanoi-pechen-zdorovaya.jpg?alt=media&token=3d5770c6-8276-45f0-ac57-b1b2de2e827e","https://www.flip.kz/catalog?prod=3024436",,"1-2 ст. л. сырья залить 0,2-0,3 л кипятка, настоять 1 час при комнатной температуре. Принимать по 1/3 от полученного объема 3 раза в день за 10-15 мин. до еды, каждую порцию процеживая через ситечко. Минимальный курс приема: 3-4 недели. При хроническом течении болезни целесообразны повторные курсы. Вкус настоя очень горький.","Сбор травяной «Печень здоровая»  При заболеваниях печени и желчного пузыря различной этиологии (гепатиты — острые и хронические, холециститы, панкреатиты, холангиты, циррозы, рак печени). Хорошее защитное и реабилитационное средство для печени при массивном медикаментозном лечении и интоксикациях различной этиологии . Увеличивается желчевыделение, осуществляется спазмолитическое, антиаллергическое и противовоспалительное действие, стимулируется желудок и поджелудочная железа, повышается диурез, ускоряется выведение из организма различных токсинов и желчных пигментов ."
"p308","Травяные сборы 100 г","Сбор травяной «Матка здоровая»","100 г","2057",,,"Россия","24 месяца","4690324018711","","12","False","sbor-travyanoi-matka-zdorovaya","https://firebasestorage.googleapis.com/v0/b/travnik-5cc55.firebasestorage.app/o/products%2Fsbor-travyanoi-matka-zdorovaya.jpg?alt=media&token=176ea461-fcaf-4f8a-997f-8f2e9fc114e5","https://www.flip.kz/catalog?prod=3024439",,"1-2 ст.л. сырья залить 0,2-0,3 л воды, довести до кипения потомить 3-4 мин, настоять до остывания, процедить, отжать. Принимать по 1/3-1/4 от полученного объема 3-4 раза в день до еды. Принимается с середины менструального цикла и до его окончания несколько циклов подряд до явного улучшения состояния. Минимальный курс приема: повторный курс провести через 1-2 менструальных цикла, в течение которых принимать чайный напиток «Женщина-красавица» 5-9 «сухих» дней, в остальное время — «ПМС-стоп».","Сбор травяной «Матка здоровая»  Рекомендован при доброкачественных новообразованиях матки (субсерозных, интрамуральных, субмукозных миом и фибромиом матки), гиперплазии эндометрия, эндометриозах, варикозных расширениях сосудов тела матки, при обильных менструациях и маточных кровотечениях . Обладает маткосокращающим, сосудоукрепляющим, кровоостанавливающим, противовоспалительным действием."
"p309","Травяные сборы 100 г","Сбор травяной «Для стройности»","100 г","2057",,,"Россия","24 месяца","4690324018766","","5","False","sbor-travyanoi-dlya-stroinosti","https://firebasestorage.googleapis.com/v0/b/travnik-5cc55.firebasestorage.app/o/products%2Fsbor-travyanoi-dlya-stroinosti.jpg?alt=media&token=e2cf312b-2c28-4d49-9562-0a08aa8ff1bd","https://www.flip.kz/catalog?prod=3024442",,"1-2 ст. л. сырья залить 0,2-0,3 л кипятка, настоять 1 час при комнатной температуре. Принимать по 1/3 от полученного объема 3 раза в день, каждую порцию процеживая через ситечко. Минимальный курс приема: от 2-3 месяцев до полугода. Целесообразны повторные курсы с перерывами между ними в 1-2 месяца.","Сбор травяной «Для стройности»  Рекомендован при избыточном весе, повышенном аппетите, при избыточном весе эндокринного генеза. Растения, входящие в состав чайного напитка, уменьшают аппетит, ускоряют жировой обмен, оказывают мочегонное и слабительное действие, способствуют нормализации гормонального фона, как у мужчин, так и у женщин ."
"p310","Травяные сборы 100 г","Сбор травяной «Печень чистая»","100 г","2057",,,"Россия","24 месяца","4690324018773","","11","False","sbor-travyanoi-pechen-chistaya","https://firebasestorage.googleapis.com/v0/b/travnik-5cc55.firebasestorage.app/o/products%2Fsbor-travyanoi-pechen-chistaya.jpg?alt=media&token=7db900f5-70fd-4830-a8a3-f5654d8a0ea1","https://www.flip.kz/catalog?prod=3024443",,"1-2 ст. л. сырья залить 0,2-0,3 л кипятка, настоять 1 час при комнатной температуре. Принимать по 1/3 от полученного объема 3 раза в день, каждую порцию процеживая через ситечко. Минимальный курс приема: при хронических заболеваниях целесообразны повторные курсы (3-4 раза в год) с перерывами между ними в 1-2 месяца.","Сбор травяной «Печень чистая»  При заболеваниях печени и желчного пузыря различной этиологии (холециститы, гепатиты-острые и хронические, циррозы; рак печени). Увеличивает желчевыделение, нормализует тонус желчного пузыря . Ускоряет выведение из организма различных токсинов и желчных пигментов. Применяется при массивном медикаментозном лечении и интоксикациях различной этиологии ."
"p311","Травяные сборы 100 г","Сбор травяной «Лёгкие здоровые-1»","100 г","2057",,,"Россия","24 месяца","4690324018803","","5","False","sbor-travyanoi-legkie-zdorovye-1","https://firebasestorage.googleapis.com/v0/b/travnik-5cc55.firebasestorage.app/o/products%2Fsbor-travyanoi-legkie-zdorovye-1.jpg?alt=media&token=89c65643-279b-47a0-886d-15bf4baf7369","https://www.flip.kz/catalog?prod=3024446",,"1-2 ст.л. сырья залить 0,2-0,3 л кипятка, настоять 1 час при комнатной температуре. Принимать по 1/3 от полученного объема 3 раза в день, каждую порцию процеживая через ситечко. Минимальный курс приема: от 3 и более дней.","Сбор травяной «Лёгкие здоровые-1»  Применяется при острых заболеваниях верхних дыхательных путей у детей, сопровождающихся сухим мучительным кашлем. Переводит кашель в продуктивную фазу, размягчает мокроту и усиливает отхаркивающий рефлекс с интенсивным выводом мокроты из легких и верхних дыхательных путей. Эффективен и при влажном кашле ."
"p312","Бальзамы питьевые","Бальзам «Противопростудный»","200 мл","3866",,,"Россия","24 месяца","4603785226205","","19","False","balzam-protivoprostudnyi","https://firebasestorage.googleapis.com/v0/b/travnik-5cc55.firebasestorage.app/o/products%2Fbalzam-protivoprostudnyi.jpg?alt=media&token=e3ea7856-45e8-4e5d-a3b0-5a579988e62b","https://www.flip.kz/catalog?prod=3044539",,,"Бальзам «Противопростудный» — надежный защитник в период вирусных эпидемий. Обладая природным антибиотическим действием, в отличие от синтетических антибиотиков, действуя избирательно, не нарушает микрофлору кишечника, напротив, — способствует ее восстановлению . Выраженный лечебный эффект бальзама обеспечивают входящие в состав гликозиды, популин, смолистые вещества, дубильные вещества, галловая кислота, эфирные масла, воск, пигменты, яблочная кислота, флавоноиды, аскорбиновая кислота, салицин. Наиболее ценным является салицин, натуральный аналог аспирина . При приёме бальзама наблюдается скорейшее облегчение состояния при гриппе, кашле различной этиологии, ОРЗ, и иных вирусных болезнях. Данный натуральный препарат способен оказать полноценное и всестороннее оздоравливающее воздействие. Обладает противовоспалительным и жаропонижающим потенциалом, дает потогонный, желчегонный и вяжущий эффект. Набор натуральных полезных веществ, входящих в состав бальзама, эффективно..."
"p313","Травы","Ежевики листья","50 г","642",,,"Россия","24 месяца","4610002415045","","5","False","ezheviki-listya","https://firebasestorage.googleapis.com/v0/b/travnik-5cc55.firebasestorage.app/o/products%2Fezheviki-listya.jpg?alt=media&token=6a10d4da-9455-4ad7-9d86-4e47a8f05f3b","https://www.flip.kz/catalog?prod=3044544",,,"Ежевики листья  Применяется при артрозах, подагре, холецистите, желчекаменной болезни; при различных кровотечениях и патологическом климаксе (гипертония, диабет, неврозы и др.); как солевыводящее (оксалаты и ураты), улучшающее отток желчи, вяжущее, кровоостанавливающее, кровоочистительное, обезболивающее, ранозаживляющее, антисептическое, успокаивающее средство . Способ приготовления и применения: 1-2 ст. л. сырья залить 0,2-0,3 л воды, довести до кипения, потомить 3-4 мин, настоять до остывания, процедить. Принимать по 1/3 от полученного объема 3 раза в день до еды. Листья прикладывают к лишаям, хроническим язвам и гнойным ранам."
"p314","Травы","Клевера трава","50 г","510",,,"Россия","24 месяца","4610002415946","","17","False","klevera-trava","https://firebasestorage.googleapis.com/v0/b/travnik-5cc55.firebasestorage.app/o/products%2Fklevera-trava.jpg?alt=media&token=26250c01-7c8c-4203-a484-940efbb2e8f3","https://www.flip.kz/catalog?prod=3044571","Клевера трава","2 ст. л. травы залить 0,2-0,3 п кипятка,...","Клевера трава  В Древней Руси клевер считали символом любви и молодости. По английской легенде, мазь из раскрытых бутонов клевера разрушала силу злых чар. В современном мире на магию рассчитывать не стоит, но опираясь на многолетний опыт изучения особенностей растения с уверенностью можно утверждать, что трава клевера обладает множеством полезных свойств, благотворно влияет на организм . Употребление травы клевера оказывает отхаркивающее, потогонное, мочегонное, противовоспалительное и антисептическое действие. Из травы клевера готовят целебные настои, добавляют в чай. Трава клевера может стать натуральной заменой дорогой косметике . Польза отваров клевера заключается в освежающих и очищающих свойствах растения. Отваром клевера ополаскивают волосы для укрепления, придания здорового блеска, избавления от перхоти. Протрите кожу настоем травы клевера, и вы избавитесь от сухости, шелушения, раздражения и прыщей."
"p315","Травы","Крапивы листья","","510",,,"Россия","24 месяца","4610002416219","","21","False","krapivy-listya","https://firebasestorage.googleapis.com/v0/b/travnik-5cc55.firebasestorage.app/o/products%2Fkrapivy-listya.jpg?alt=media&token=453b4e90-5d5c-4498-a014-0460fe91c54f","https://www.flip.kz/catalog?prod=3044578",,,"Крапивы листья  Польза крапивы известна уже несколько тысяч лет: ещё в работах Гиппократа, Диоскорида и Галена упоминались целебные свойства и использование в медицинских, косметологических и питательных целях . Это универсальное растение для укрепления здоровья, поддержания тонуса и улучшения настроения . Поскольку эта трава является поливитаминным растением, то в её листьях в два раза больше аскорбиновой кислоты, нежели в чёрной смородине, лимоне или яблоке , а показатель каротина выше, чем в морковке . Растение содержит витамины А, С, группы В (В1, В2, В3), Е и К, макро- и микроэлементы. Крапива полезна для мужской потенции, укрепляет репродуктивную систему . Используется при различных кровотечениях, геморроях, анемиях, гиповитаминозах, весенней усталости, отеках, нарушениях пищеварения; как кровоостанавливающее, витаминное, общеукрепляющее, противовоспалительное, ранозаживляющее, мочегонное средство . Отваром из листьев крапивы ополаскивают голову для укрепления волос,..."
"p316","Травы","Ламинарии (морская капуста) слоевища","50 г","987",,,"Россия","24 месяца","4610002416547","","18","False","laminarii-morskaya-kapusta-sloevishcha","https://firebasestorage.googleapis.com/v0/b/travnik-5cc55.firebasestorage.app/o/products%2Flaminarii-morskaya-kapusta-sloevishcha.jpg?alt=media&token=e1c0a0a5-ce14-48d9-9901-4419b2c22d7c","https://www.flip.kz/catalog?prod=3044586",,,"Ламинарии (морская капуста) слоевища  Ламинария содержит не менее 70 витаминов, минералов, ферментов и белков . В ней присутствуют витамины группы В, магний, кальций, калий, железо и йод. По сравнению с другими морскими видами, ламинария обладает большей способностью извлекать минералы из морской воды и, следовательно, накапливать много элементов . Ламинарию полезно употреблять в пищу, так как она обладает множеством целебных свойств. Ламинария является видом бурых водорослей и известна многочисленными полезными свойствами для организма . Ламинария богата йодом, который необходим для нормального функционирования щитовидной железы . Йод является ключевым элементом в синтезе гормонов щитовидной железы, включая тироксин и трийодтиронин, которые регулируют метаболизм, энергию и другие физиологические процессы в организме . Ламинария содержит антиоксиданты, включая фукоидан, который помогает защищать клетки от повреждения свободными радикалами . Содержит специфические..."
"p317","Травы","Лещины (орешника) листья","50 г","642",,,"Россия","24 месяца","4610002416721","","19","False","leshchiny-oreshnika-listya","https://firebasestorage.googleapis.com/v0/b/travnik-5cc55.firebasestorage.app/o/products%2Fleshchiny-oreshnika-listya.jpg?alt=media&token=e3668984-2d7c-4d21-a1af-5794fbfefe34","https://www.flip.kz/catalog?prod=3044588",,,"Лещины (орешника) листья  По литературным данным применяются: при нарушении мозгового кровообращения в поздний восстановительный период (ишемический инсульт, инфаркт миокарда в период реабилитации) ; как сосудистое, противовоспалительное средство . Способ приготовления и применения: 1-2 ст. л. листьев залить 0,2-0,4 л воды, довести до кипения, варить на медленном огне 1-2 мин. Настоять 1 час, процедить ⏳. Принимать по 1/3 от полученного объема 3 раза в день до еды."
"p318","Травы","Льна семена","100 г","576",,,"Россия","24 месяца","4610002416851","","22","False","lna-semena","https://firebasestorage.googleapis.com/v0/b/travnik-5cc55.firebasestorage.app/o/products%2Flna-semena.jpg?alt=media&token=153441a0-8100-47ea-883b-c6782f8319f9","https://www.flip.kz/catalog?prod=3044594",,"2 ч.л. семян варить 10 минут в 100-150 г воды, настаивать 1 час ⏳. Пить кисель вместе с семенами 1 раз в день перед сном . Противопоказания: индивидуальная непереносимость.","Льна семена  Назначение: при циститах, гастритах, кашле, бронхитах ; для профилактики и лечения атеросклероза . Как противосклеротическое, противоглистное, при запорах в качестве обволакивающего, мягчительного средства. Наружно: для лечения ожогов, гинекологических заболеваний."
"p319","Травы","Подмаренника цепкого трава","50 г","642",,,"Россия","24 месяца","4610002417988","","0","False","podmarennika-tsepkogo-trava","https://firebasestorage.googleapis.com/v0/b/travnik-5cc55.firebasestorage.app/o/products%2Fpodmarennika-tsepkogo-trava.jpg?alt=media&token=09259c82-c756-4e91-a94a-e72d593dbd7e","https://www.flip.kz/catalog?prod=3044606",,"1-2 ст.л. залить 0,2-0,4 л кипятка, настоять 1 час при комнатной температуре ⏳. Принимать по 1/3 от полученного объема 3 раза в день, каждую порцию процеживая через ситечко.","Подмаренника цепкого трава  Применяется при болезнях почек и мочевыводящих путей, мочекаменной болезни, онкозаболеваниях, мастопатиях, отеках почечного происхождения ; как противовоспалительное, солевыводящее, почечное и мочегонное средство."
"p320","Травы","Ряски малой трава","50 г","1037",,,"Россия","24 месяца","4610002418343","","60","False","ryaski-maloi-trava","https://firebasestorage.googleapis.com/v0/b/travnik-5cc55.firebasestorage.app/o/products%2Fryaski-maloi-trava.jpg?alt=media&token=59ab173d-99e1-4cbe-b978-3ed1aca8d056","https://www.flip.kz/catalog?prod=3044611",,,"Ряски малой трава  Применяется при воспалении слизистой оболочки дыхательных путей, воспалении слизистой оболочки горла ; при крапивнице, подагре, ревматизме, глаукоме, в качестве противоаллергического средства, уменьшает чувствительность организма к воздействию различных непереносимых веществ ; как мочегонное, жаропонижающее, противовоспалительное, обезболивающее средство. Способ приготовления и применения: 1-2 ст.л. травы залить 0,2-0,3 л кипятка, настоять 1 час при комнатной температуре ⏳. Принимать по 1/3 от полученного объема 3 раза в день, каждую порцию процеживая через ситечко."
"p321","Травы","Чага (березовый гриб)","100 г","1168",,,"Россия","24 месяца","4610002419401","","79","False","chaga-berezovyi-grib","https://firebasestorage.googleapis.com/v0/b/travnik-5cc55.firebasestorage.app/o/products%2Fchaga-berezovyi-grib.jpg?alt=media&token=fbc41947-36d4-4a3f-aad2-f6e42061fa42","https://www.flip.kz/catalog?prod=3044629",,,"Чага (березовый гриб)  Химический состав: Химия чаги не полностью раскрыта. По мнению профессора П.А. Якимова активными веществами являются водорастворимые пигменты, образующие хромогенный полифенолкарбоновый комплекс. Имеются в чаге смолы, обнаружены агарициновая и щавелевая кислоты, полисахариды и другие вещества. В золе чаги содержится марганец. Основные свойства: применяют в качестве биогенных стимуляторов, повышает защитные силы организма . Нормализует работу центральной нервной системы. Обладает общеукрепляющим действием, улучшает обмен веществ и деятельность желудочно-кишечного тракта. Как противовоспалительное и спазмолитическое средство при хроническом гастрите, дискинезиях желчевыводящих путей, при язвенной болезни желудка, а также улучшает общее состояние онкологических больных . Фармакологические свойства: • тонизирующее; • желудочно-кишечное; • противовоспалительное; • противоопухолевое. Показания к применению: применяют в качестве биогенных..."
"p322","Травы","Вахты листья","50 г","1152",,,"Россия","24 месяца","4690324000259","","7","False","vakhty-listya","https://firebasestorage.googleapis.com/v0/b/travnik-5cc55.firebasestorage.app/o/products%2Fvakhty-listya.jpg?alt=media&token=77f23f64-af91-498e-bc0f-74254a2e7d79","https://www.flip.kz/catalog?prod=3044640",,,"Вахты листья  Рекомендуется в народной медицине: при отсутствии аппетита, ахилии желудка, диспепсии (в т. ч. при изжоге, тошноте, метеоризме и т.д.) ; при желудочных и кишечных заболеваниях с недостаточным желчевыделением, гельминтозе; стимулирует перистальтику желудка, кишечника и функцию пищеварительного тракта, расстройствах пищеварения и головной боли вызванной нарушением пищеварения, пониженной кислотности желудочного сока (усиливает желучную секрецию); при заболеваниях печени и желчного пузыря (в т. ч. при хронических холециститах, холангитах, желчнокаменной болезни) ; при различных лихорадочных, простудных и легочных заболеваниях, при общей слабости, малокровии, истощении после перенесенных тяжелых заболеваниях; при неврозах, неврастении, невралгии, раздражительности, плохом настроении , нервном возбуждении, различных болях на нервной почве, нарушениях ритма сердца на фоне атеросклероза, нейроциркуляторной дистонии, глаукоме, тиреотоксикозе и климактерических..."
"p323","Травы","Аралии маньчжурской корни","50 г","1053",,,"Россия","24 месяца","4690324004479","","28","False","aralii-manchzhurskoi-korni","https://firebasestorage.googleapis.com/v0/b/travnik-5cc55.firebasestorage.app/o/products%2Faralii-manchzhurskoi-korni.jpg?alt=media&token=69c7ee2d-3a00-4068-b070-a7afc2afc1d0","https://www.flip.kz/catalog?prod=3044654",,"1-2 ст. л. сырья залить 0,2-0,3 л воды, довести до кипения, потомить 3-4 мин, настоять до остывания, процедить. Принимать по 1/3 от полученного объема 3 раза в день до еды.","Аралии маньчжурской корни  Дизайн упаковки в ассортименте, без возможности выбора. По литературным данным применяются: при физическом и умственном переутомлении , пониженном артериальном давлении, общей слабости организма, после перенесенных травм и инфекций, при неврозе, неврастении, атеросклерозе, алкоголизме; для улучшения слуха  и зрения ; как адаптогенное, общеукрепляющее, тонизирующее средство ."
"p324","Травы","Вербены трава","50 г","922",,,"Россия","24 месяца","4690324005865","","33","False","verbeny-trava","https://firebasestorage.googleapis.com/v0/b/travnik-5cc55.firebasestorage.app/o/products%2Fverbeny-trava.jpg?alt=media&token=b9ae7081-ea75-49b4-8b42-ab2aae1c5cc2","https://www.flip.kz/catalog?prod=3044665",,"1 ст.л. сырья заливают 200 мл (1 стакан) воды, настаивают при комнатной температуре 1 час, процеживают, растительное сырье отжимают. Принимают по 1/3 стакана 3 раза в день. Наружно: 1,5 ст.л. залить 1 стаканом кипятка, настоять 1 час, процедить ⏳. Использовать в виде аппликаций. Противопоказания: индивидуальная непереносимость.","Вербены трава  Обладает тонизирующим, общеукрепляющим действием . Показания: при гипотонии, упадке сил, анемии, астении, заболеваниях ЖКТ; как вяжущее при диареях, для улучшения пищеварения . Наружно: при тромбофлебитах и хронических язвах голени, ранах и свищах, ангинах, стоматитах ( в виде полосканий)."
"p325","Травы","Якорцев стелющихся трава","50 г","1185",,,"Россия","24 месяца","4690324007098","","59","False","yakortsev-stelyushchikhsya-trava","https://firebasestorage.googleapis.com/v0/b/travnik-5cc55.firebasestorage.app/o/products%2Fyakortsev-stelyushchikhsya-trava.jpg?alt=media&token=be75f375-6222-450f-a550-50f923e5ce3b","https://www.flip.kz/catalog?prod=3044668",,,"Якорцев стелющихся трава  Якорцы стелющиеся — известное растение, которое активно использует нетрадиционная медицина на протяжении веков. В лечебных целях рекомендуется применять надземную часть. Традиционно якорцы считаются мужским растением , хотя и для женского организма оказывает неоценимую пользу. Применяется: при атеросклерозе, повышенном холестерине (особенно женщинам и мужчинам в зрелом возрасте), сопровождающимися сосудистыми и сердечными проявлениями, шумом в голове, при бляшках на сосудах, как снижающее уровень холестерина, улучшающее сосуды средце . Способ приготовления: 1-2 ст.л. травы залить 0,2-0,3 л кипятка, настоять 1 час при комнатной температуре ⏳. Принимать по 1/3 от полученного объема 3 раза в день."
"p326","Чайные напитки","Напиток чайный «Гельминтам (глистам) и паразитам — стоп»","20 саше","987",,"фильтр-пакеты","Россия","24 месяца","4690324010654","","51","False","napitok-chainyi-gelmintam-glistam-i-parazitam-stop","https://firebasestorage.googleapis.com/v0/b/travnik-5cc55.firebasestorage.app/o/products%2Fnapitok-chainyi-gelmintam-glistam-i-parazitam-stop.jpg?alt=media&token=55ef835c-1365-446d-a5aa-2652e64a65b3","https://www.flip.kz/catalog?prod=3044690",,"1-2 фильтр-пакета залить 0,2 л кипятка, настоять 1 час при комнатной температуре,...","Напиток чайный «Гельминтам (глистам) и паразитам — стоп»  Эффективен не только при заражении простейшими одно- и многоклеточными гельминтами (глистами), но и при заражении простейшими (паразитами), живущие и внутри клеток — хламидиями, лямблиями, трихомонадами, лейшманиями т.п. ; они надежно изгоняет паразитов и гельминтов из организма, способствует восстановлению пораженных слизистых оболочек желудочно-кишечного тракта, улучшает самочувствие пациентов . Минимальный курс приема: (в зависимости от тяжести поражения) от 1-2 до 6-8 мес. Обязательным условием оздоровления является наличие ежедневного мягкого обильного стула от 2-х до 4-х раз в день. При необходимости дополнить приемом напитка чайного «Кишечник без запоров-1» на ночь. После каждого месяца приема напитка рекомендуется перерыв в 7-10 дней, во время которого принимается напиток чайный «Печень здоровая» ⏳."
"p327","Травы","Гармалы трава","25 г","1366",,,"Россия","24 месяца","4690324011347","","2","False","garmaly-trava","https://firebasestorage.googleapis.com/v0/b/travnik-5cc55.firebasestorage.app/o/products%2Fgarmaly-trava.jpg?alt=media&token=38d4fc62-0c4c-48b7-bc1f-7960c9a2a2d8","https://www.flip.kz/catalog?prod=3044713",,"• заварить 1 стаканом кипятка 1 ч. л. сухой измельченной травы, настоять, укутав, 2 ч, процедить. Принимать по 1 ст. л. 3–4 раза в день, за 20 мин до еды при простудных заболеваниях и...","Гармалы трава  Применение гармалы в медицине, лечение гармалой: • при простудных заболеваниях, неврастении, нервных и эпилептических припадках помогает настой и отвар травы ; • в качестве настоев и отваров применяется внутрь при простуде, малярии, лихорадке, сифилисе, а ванны из травы — при ревматизме, а также при чесотке и кожных болезнях; • отвар травы пьют при неврастении, эпилепсии, а в виде полоскания употребляют при болезнях десен ; • в Афганистане дымом этого растения окуривают больных параличом, из листьев делают припарки к опухолям. Отваром семян лечат астму и пьют как мочегонное и потогонное средство ; • в Индии гармала издавна известна как противоглистное и инсектицидное средство, ее используют также как имеющую стимулирующее и абортивное свойство."
"p328","Чайные напитки","Напиток чайный «Дыхание гор»","60 г","1152",,,"Россия","24 месяца","4690324012467","","0","False","napitok-chainyi-dykhanie-gor","https://firebasestorage.googleapis.com/v0/b/travnik-5cc55.firebasestorage.app/o/products%2Fnapitok-chainyi-dykhanie-gor.jpg?alt=media&token=39d0b9f8-ef26-4dd1-96e0-ce227f3d4792","https://www.flip.kz/catalog?prod=3044762",,,"Напиток чайный «Дыхание гор»  Насыщенный аромат чайного напитка «Дыхание гор» вознесёт Вас на вершины Уральских гор, в мир лесов и первозданной природы . Чабрец придает чаю необыкновенный, незабываемый вкус и аромат. В переводе чабрец означает «сила духа» . Этот напиток помогает эффективно переносить эмоциональные и информационные перегрузки, укрепляет нервную систему, повышает жизненный тонус. Каждый, кто хоть раз попробовал чай с чабрецом, навсегда остается его поклонником и не может забыть тонкий аромат и необыкновенный вкус, усиленный добавлением пряностей, чаги, шиповника . Непременно попробуйте этот уникальный природный напиток, который принесет вам здоровье и радость свершений. Способ приготовления: сполоснуть заварочный чайник горячей водой, насыпать чай из расчета 1 чайная ложка на чашку воды плюс 1 чайная ложка на чайник. Чайник тотчас же залить кипятком и настоять 5 минут ⏳."
"p329","Чайные напитки","Напиток чайный «Башкирский традиционный чай»","60 г","1152",,,"Россия","24 месяца","4690324012474","","0","False","napitok-chainyi-bashkirskii-traditsionnyi-chai","https://firebasestorage.googleapis.com/v0/b/travnik-5cc55.firebasestorage.app/o/products%2Fnapitok-chainyi-bashkirskii-traditsionnyi-chai.jpg?alt=media&token=8419dd62-b1eb-4117-859a-657e7148c8a5","https://www.flip.kz/catalog?prod=3044774",,,"Напиток чайный «Башкирский традиционный чай»  У башкир издревле чай подают дважды: перед едой и после. Перед плотным обедом всегда подавали травяной чай с медом или пастилой . Печенье или сдоба не предлагались. После еды через 20-30 минут чай подавали второй раз. Для заварки сушеные травы руками растирали в порошок и заливали кипятком. Непосредственно перед угощением вначале немного заварки наливали в чашу, затем выливали ее обратно в чайник; это действо означало и проверку, и желание подчеркнуть гостю особое уважение хозяев дома . Главный рецепт — нужно готовить чай в хорошем расположении духа. Ибо каждая травинка вбирает то, как её и с какими помыслами к ней прикасаются. Способ приготовления: сполоснуть заварочный чайник горячей водой, насыпать чай из расчета 1 чайная ложка на чашку воды плюс 1 чайная ложка на чайник. Чайник тотчас же залить кипятком и настоять 5 минут ⏳."
"p330","Чайные напитки","Татарский традиционный чай","60 г","1152",,,"Россия","24 месяца","4690324012498","","0","False","tatarskii-traditsionnyi-chai","https://firebasestorage.googleapis.com/v0/b/travnik-5cc55.firebasestorage.app/o/products%2Ftatarskii-traditsionnyi-chai.jpg?alt=media&token=ddda899a-7e38-425b-a692-8d82ad9d122f","https://www.flip.kz/catalog?prod=3044780",,,"Татарский традиционный чай  «Чайный стол — душа семьи», — говорят татары, подчеркивая тем самым не только свою любовь к чаю как напитку, но и его значимость в застольном ритуале . Ритуал чаепития настолько вошел в татарский быт, что без него невозможно представить ни одного праздника: свадьбу, рождение ребенка, сабантуй . Чай принято пить из маленьких чашек, чтобы не остывал. И беседа сидящих за столом не прерывается, пока хозяйка подает все новые и новые чашки со свежезаваренным чаем. Татары также издревле любят пить чай с травами, ягодами и фруктами . Недаром бытует среди них поговорка: «Сары мәтрүшкә алтмыш төрле авырудан, көрән мәтрүшкә җитмеш төрле авырудан» («Зверобой от шестидесяти болезней, душица от семидесяти болезней»). Способ приготовления: сполоснуть заварочный чайник горячей водой, насыпать чай из расчета 1 чайная ложка на чашку воды плюс 1 чайная ложка на чайник. Чайник тотчас же залить кипятком и настоять 5 минут ⏳."
"p331","Чайные напитки","Напиток чайный «Копорский изысканный чай»","60 г","1876",,,"Россия","24 месяца","4690324012504","","11","False","napitok-chainyi-koporskii-izyskannyi-chai","https://firebasestorage.googleapis.com/v0/b/travnik-5cc55.firebasestorage.app/o/products%2Fnapitok-chainyi-koporskii-izyskannyi-chai.jpg?alt=media&token=d92299b0-1533-4e28-9c28-ed4d6b407f33","https://www.flip.kz/catalog?prod=3044783",,,"Напиток чайный «Копорский изысканный чай»  Копорский чай — традиционный русский чай, упоминаемый в старорусских летописях с XII века . Он поставлялся Россией во все страны Европы и был существенной статьей дохода государственного бюджета. Обладает приятным, чуть терпким вкусом с душистым цветочно-фруктовым ароматом, проясняет ум и укрепляет дух человека . Является источником витаминов В и С, макро- и микроэлементов (железа, меди, калия, марганца и др.). Рекомендован для повышения иммунитета и сопротивляемости различным инфекциям , улучшения обмена веществ, укрепления кровеносных сосудов, обладает антиоксидантной активностью, очищает организм при различных интоксикациях, повышает работоспособность . Почки и листья смородины добавляют в чай свежесть и изысканный аромат и закрепляют поливитаминные и общеукрепляющие свойства. Способ приготовления: сполоснуть заварочный чайник горячей водой, насыпать чай из расчета 1 чайная ложка на чашку воды плюс 1 чайная ложка на..."
"p332","Чайные напитки","Чай копорский ферментированный","50 г","2221",,,"Россия","24 месяца","4690324016120","","0","False","chai-koporskii-fermentirovannyi","https://firebasestorage.googleapis.com/v0/b/travnik-5cc55.firebasestorage.app/o/products%2Fchai-koporskii-fermentirovannyi.jpg?alt=media&token=ca749368-17fa-45c3-8deb-5131653abdfd","https://www.flip.kz/catalog?prod=3044787",,"засыпать чай в заварочный чайник из расчета чайная ложка на чашку плюс ложка на чайник. Залить кипятком и настоять 5-7 минут ⏳.","Чай копорский ферментированный  Копорский чай — традиционный русский чай, упоминаемый в старорусских летописях с XII века . Он поставлялся Россией во все страны Европы и был существенной статьей дохода государственного бюджета. Обладает приятным, чуть терпким вкусом с душистым цветочно-фруктовым ароматом, проясняет ум и укрепляет дух человека . Является источником витаминов В и С, макро- и микроэлементов (железа, меди, калия, марганца и др.). Рекомендован для повышения иммунитета и сопротивляемости различным инфекциям , улучшения обмена веществ, укрепления кровеносных сосудов, обладает антиоксидантной активностью, очищает организм при различных интоксикациях, повышает работоспособность ."
"p333","Чайные напитки","Копорский чай ферментированный с почками смородины","50 г","1942",,,"Россия","24 месяца","4690324016106","","8","False","koporskii-chai-fermentirovannyi-s-pochkami-smorodiny","https://firebasestorage.googleapis.com/v0/b/travnik-5cc55.firebasestorage.app/o/products%2Fkoporskii-chai-fermentirovannyi-s-pochkami-smorodiny.jpg?alt=media&token=b780eefe-c959-4199-a9cf-70de2d89d74c","https://www.flip.kz/catalog?prod=3044809",,,"Напиток чайный «Копорский чай ферментированный с почками смородины»  Копорский чай — традиционный русский чай, упоминаемый в старорусских летописях с XII века . Он поставлялся Россией во все страны Европы и был существенной статьей дохода государственного бюджета. Обладает приятным, чуть терпким вкусом с душистым цветочно-фруктовым ароматом, проясняет ум и укрепляет дух человека . Является источником витаминов В и С, макро- и микроэлементов (железа, меди, калия, марганца и др.). Рекомендован для повышения иммунитета и сопротивляемости различным инфекциям , улучшения обмена веществ, укрепления кровеносных сосудов, обладает антиоксидантной активностью, очищает организм при различных интоксикациях, повышает работоспособность . Чай с почками и листьями смородины является поливитаминным и общеукрепляющим средством. Способ приготовления: засыпать чай в заварочный чайник из расчета чайная ложка на чашку плюс ложка на чайник. Залить кипятком и настоять 5-7 минут ⏳."
"p334","Монастырские сборы","Сбор монастырский Мочегонный № 6","104 г","1909",,,"Россия","24 месяца","4690324019930","","16","False","sbor-monastyrskii-mochegonnyi-6","https://firebasestorage.googleapis.com/v0/b/travnik-5cc55.firebasestorage.app/o/products%2Fsbor-monastyrskii-mochegonnyi-6.jpg?alt=media&token=fdffdc05-9a24-4c8f-8dcb-ebbcd1959285","https://www.flip.kz/catalog?prod=3044812",,"1-3 ст. л. сбора залить 0,25-0,4 л кипятка, настоять 1 час, процедить ⏳. Принимать по 1/3 от полученного объема 3 раза в день за 10-15 минут до еды.","Сбор монастырский мочегонный № 6  Рекомендуется при острых и хронических заболеваниях почек и мочевого пузыря, а также отёках сердечного происхождения . Обладает выраженным противовоспалительным и обезболивающим действием."
"p335","Травы","Золотой корень (родиолы розовой) корневища","30 г","1761",,,"Россия","24 месяца","4690324020424","","38","False","zolotoi-koren-rodioly-rozovoi-kornevishcha","https://firebasestorage.googleapis.com/v0/b/travnik-5cc55.firebasestorage.app/o/products%2Fzolotoi-koren-rodioly-rozovoi-kornevishcha.jpg?alt=media&token=965a2f83-c47c-44be-997e-79e8aa22b1c9","https://www.flip.kz/catalog?prod=3044845",,"0,5-1 ч. л. травы залить 0,1-0,2 л кипятка, настоять 1 час при комнатной температуре ⏳. Принимать по 1/3 от полученного объема 3 раза в день, каждую порцию процеживая через ситечко.","Золотой корень (родиолы розовой) корневища  Применяются как сильное тонизирующее и бактерицидное средство (при стафилококковой и стрептококковой инфекциях) ; для стимуляции сердечной деятельности и нервной системы; реабилитации при слабости, в том числе после стрессов и тяжелых болезней; при снижении половой функции у мужчин, одышке; рекомендуется в качестве повышающего работоспособность средства."
"p336","Мази и кремы","Крем «Апис» для суставов и вен обезболивающий","60 г","2517",,,"Россия","24 месяца","4690324019480","","11","False","krem-apis-dlya-sustavov-i-ven-obezbolivayushchii","https://firebasestorage.googleapis.com/v0/b/travnik-5cc55.firebasestorage.app/o/products%2Fkrem-apis-dlya-sustavov-i-ven-obezbolivayushchii.jpg?alt=media&token=ab8b7bf2-13cd-4124-ae4c-3ab11a36777e","https://www.flip.kz/catalog?prod=3044870",,"втереть крем на больное место и укутать мягкой тканью . Применение крема восстанавливает эластичность сосудов, нормализует циркуляцию крови, купирует воспаления в хрящевой ткани.","Крем «Апис» для суставов и вен обезболивающий ‍ Показания к использованию: • суставных и мышечных болях (артритах, артрозах); • заболеваниях сосудов нижних конечностей (варикозном расширении вен). Крем изготовлен на основе комплекса растительных экстрактов, эффективных при профилактике и комплексной терапии сосудистых заболеваний . Экстракт подмора пчел в составе крема содержит необходимые для опорно-двигательной системы вещества, обладает: • обезболивающими • сосудоукрепляющими • антисклеротическими свойствами."
"p337","Мази и кремы","Крем «Грудь здоровая-1» при мастопатия и боли","60 г","2517",,,"Россия","24 месяца","4690324019497","","24","False","krem-grud-zdorovaya-1-pri-mastopatiya-i-boli","https://firebasestorage.googleapis.com/v0/b/travnik-5cc55.firebasestorage.app/o/products%2Fkrem-grud-zdorovaya-1-pri-mastopatiya-i-boli.jpg?alt=media&token=20738124-8f43-442d-a349-2f1880b19a67","https://www.flip.kz/catalog?prod=3044910",,"наносить на грудь легкими массирующими движениями 2-3 раза в день.","Крем «Грудь здоровая-1» при мастопатии  Крем используется для профилактики, при кистах, кистозно-фиброзной мастопатии, лактореи. Активные компоненты крема улучшают микроциркуляцию в тканях молочной железы, нормализуют обмен веществ, восстанавливают антиоксидантный потенциал организма, укрепляют иммунитет . Крем грудь здоровая 1 оказывает профилактическое действие в случае риска возникновения узлов, перерождения их в фиброаденомы, а также способствует уменьшению болевых ощущений в молочных железах в том числе при ПМС . Благодаря действию крема снимается боль и уменьшается дискомфорт в области груди. Проникая в глубокие слои дермы крем обеспечивает лечебное воздействие на очаги болезни. Активные компоненты трав в составе мази — обладают: • противовоспалительным; • лимфодренажным; • улучшающим микроциркуляцию свойством."
"p338","Мази и кремы","Мазь против воспалений и зуда «Спокойная кожа»","60 г","2517",,,"Россия","24 месяца","4690324019640","","12","False","maz-protiv-vospalenii-i-zuda-spokoinaya-kozha","https://firebasestorage.googleapis.com/v0/b/travnik-5cc55.firebasestorage.app/o/products%2Fmaz-protiv-vospalenii-i-zuda-spokoinaya-kozha.jpg?alt=media&token=3a99fe1f-ab9f-4139-af24-d0afe4c0290f","https://www.flip.kz/catalog?prod=3044976",,,"Мазь «Спокойная кожа» против воспалений и зуда  Мазь «Спокойная кожа» не содержит искусственных добавок или химических веществ . Ее формула разработана так, чтобы обеспечить максимальную эффективность с использованием природных ингредиентов. Сбор трав в составе работают синергически, чтобы уменьшить воспаления и облегчить дискомфорт на коже . Мазь увлажняет и успокаивает кожу, делая ее более мягкой и комфортной. Эта мазь подходит для ухода за кожей на всем теле и может использоваться при различных кожных проблемах, включая раздражения, сыпь, сухость и зуд."
"p339","Мази и кремы","Крем «Чистотел» для жирной кожи от прыщей и угревой сыпи","60 г","2517",,,"Россия","24 месяца","4690324019664","","23","False","krem-chistotel-dlya-zhirnoi-kozhi-ot-pryshchei-i-ugrevoi-sypi","https://firebasestorage.googleapis.com/v0/b/travnik-5cc55.firebasestorage.app/o/products%2Fkrem-chistotel-dlya-zhirnoi-kozhi-ot-pryshchei-i-ugrevoi-sypi.jpg?alt=media&token=60457961-8e3e-4b76-a15d-23910dc75b37","https://www.flip.kz/catalog?prod=3045002",,"вечером наносить крем на очищенную кожу лица и шеи разглаживающими движениями. Минимальный курс приема: от 2-3 месяцев до полугода. Обычно положительный результат заметен уже после первого курса . При необходимости курсы можно повторять 2-3 раза в год, делая между курсами перерывы в 1-2 месяца.","Крем «Чистотел» для жирной кожи от прыщей и угревой сыпи  Крем хорошо очищает кожу, предупреждает формирование абсцессионных головок, ведущих к образованию угрей. Обладает легким отбеливающим эффектом ."
"p340","Травяные сборы 100 г","Сбор травяной «Простата-норма»","100 г","2057",,,"Россия","24 месяца","4690324018414","","9","False","sbor-travyanoi-prostata-norma","https://firebasestorage.googleapis.com/v0/b/travnik-5cc55.firebasestorage.app/o/products%2Fsbor-travyanoi-prostata-norma.jpg?alt=media&token=893fa274-114a-4285-a885-c1690344b28e","https://www.flip.kz/catalog?prod=3045494",,"1-2 ст. л. сырья залить 0,2-0,3 л кипятка, настоять 1 час при комнатной температуре ⏳. Принимать по 1/3 от полученного объема 3 раза в день за 10-15 мин до еды, каждую порцию процеживая через ситечко....","Сбор травяной «Простата-норма»  Травяной сбор «Простата норма» — натуральный растительный сбор для мужчин, улучшающий функциональное состояние мочеполовой системы мужского организма . Травяной сбор для простаты рекомендован при доброкачественной гиперплазии, застойных процессах, аденоме, раке простаты. Урологический сбор полезен, если беспокоит частое мочеиспускание и чувство неудовлетворенности после, неприятные ощущения в промежности . Урологический сбор для простаты обладает мочегонным, противовоспалительным, обезболивающим, противоопухолевым действием. Травяной сбор снимает воспаления, предупреждает онкологические заболевания, стимулирует обмен веществ. При регулярном употреблении сбора для мужчин нормализуется ПСА и объем предстательной железы."
"p341","Травяные сборы 100 г","Сбор травяной «Простата-подъем»","100 г","2057",,,"Россия","24 месяца","4690324018681","","6","False","sbor-travyanoi-prostata-podem","https://firebasestorage.googleapis.com/v0/b/travnik-5cc55.firebasestorage.app/o/products%2Fsbor-travyanoi-prostata-podem.jpg?alt=media&token=515802df-42b7-4b9f-873d-0e55ad07fcb1","https://www.flip.kz/catalog?prod=3045531",,"1 ст .л. на 200 мл кипятка, настоять ночь при комнатной температуре . Процедить. Принимать по 1/2 стакана 2 раза в день за 10 мин до еды, утром и в первой половине дня. Минимальный курс приема: 2-3 месяца. Целесообразны повторные курсы (2-3 раза в год), с перерывами между ними в 1-2 недели. Показания: профилактика простаты. Противопоказания: индивидуальная непереносимость.","Сбор травяной «Простата-подъем»  Травяной сбор «Простата, подъем» применяется при пониженной сексуальной активности (как потенции, так и эрекции, раннем семяизвержении), общей слабости, неуверенности . «Простата, подъем» рекомендуют в качестве усиливающего половую функцию и общеукрепляющего средства. Формирует характер по мужскому типу (настойчивость, целеустремленность, «как за каменной стеной») ."
"p342","Травяные сборы 100 г","Сбор травяной «Сон-2»","100 г","2057",,,"Россия","24 месяца","4690324018919","","5","False","sbor-travyanoi-son-2","https://firebasestorage.googleapis.com/v0/b/travnik-5cc55.firebasestorage.app/o/products%2Fsbor-travyanoi-son-2.jpg?alt=media&token=72e3e835-bc75-4b23-9c81-fd26a7e50906","https://www.flip.kz/catalog?prod=3045570",,"1-2 ст .л. сырья залить 0,2-0,3 л кипятка, настоять 1 час при комнатной температуре ⏳. Принимать по 1/3 от полученного объема 3 раза в день, каждую порцию процеживая через ситечко. Минимальный курс приема: все время, пока сон не нормализуется. Важно выполнение рекомендаций по организации сна. Употребление днем придает бодрость и...","Сбор травяной «Сон-2»  Сбор травяной Сон-2 Радостные полёты во сне — это натуральное снотворное средство от бессонницы . Травяной сбор от бессонницы предназначен для тревожных, малорадостных, худых людей с бледным цветом лица, для тех, кто хочет, но не может уснуть ночью, вынужден спать на низкой подушке или без нее, когда утром голова неясная, пустовато-мутная, а тело скованно. Травяной сбор как натуральное снотворное способствует легкому и быстрому засыпанию . Растительный сбор благотворно влияет на нервную систему, успокаивает, снимает напряжение и тревожность. Травяной сбор обладает успокаивающим, снотворным эффектами."
"p343","Травяные сборы 100 г","Сбор травяной «Сон-4»","100 г","2057",,,"Россия","24 месяца","4690324019107","","21","False","sbor-travyanoi-son-4","https://firebasestorage.googleapis.com/v0/b/travnik-5cc55.firebasestorage.app/o/products%2Fsbor-travyanoi-son-4.jpg?alt=media&token=a67f2a52-9ddd-4a68-89ad-77f4afb461e7","https://www.flip.kz/catalog?prod=3045592",,"1-2 ст. л. сбора залить 0,2-0,3 л кипятка, настоять 1 час при комнатной температуре, процедить ⏳. Принимать по 1/3 от полученного объема 3 раза в день за 15 минут до еды, последнюю порцию обязательно перед сном. Минимальный курс приема: принимать по необходимости. Важно выполнение рекомендаций по организации сна. Показания: бессонница, проблемы с засыпанием. Противопоказания: индивидуальная непереносимость ингредиентов.","Сбор травяной «Сон-4»  Сон 4 сбор трав от Бренда Гордеев. Напиток рекомендован для быстрого засыпания, даже когда нет желания уснуть . Травяной чай от бессонницы помогает уснуть в правильном положении тела — на спине для тех, кому засыпать удобно на животе. Сбор Сон 4 особенно рекомендуется людям с умовой нагрузкой во второй половине дня, при появлении в голове тяжести, замедлении умственной деятельности . Растительный сбор Сон 4 уложит Вас в постель, окутает сном, Вы быстро ощутите, что все суетные мысли отпустят разум ."
"p344","Травяные сборы 100 г","Сбор травяной «Почки здоровые»","100 г","2057",,,"Россия","24 месяца","4690324018445","","8","False","sbor-travyanoi-pochki-zdorovye","https://firebasestorage.googleapis.com/v0/b/travnik-5cc55.firebasestorage.app/o/products%2Fsbor-travyanoi-pochki-zdorovye.jpg?alt=media&token=0cb675dc-bb44-4a45-b804-b041efb3fa69","https://www.flip.kz/catalog?prod=3045625",,,"Сбор травяной «Почки здоровые»  Основные показания: острые и хронические заболевания почек и мочевого пузыря, а также отеки почечного и сердечного происхождения . Обладают выраженным противовоспалительным, уросептическим, мочегонным и обезболивающим действием. Способ приготовления и применения: 1-2 ст.л. залить 0,2-0,3 л кипятка, настоять 1 час при комнатной температуре ⏳. Принимать по 1/3 от полученного объема 3 раза в день за 10-15 минут до еды. Особенности применения: больным гломерулонефритом применять под контролем анализов мочи. Минимальный курс приема: от 2-3 месяцев до полугода. При повторных курсах делать перерыв в 1 месяц."
"p345","Травяные сборы 100 г","Сбор травяной «Лёгкие здоровые-2»","100 г","2057",,,"Россия","24 месяца","4690324018506","","12","False","sbor-travyanoi-legkie-zdorovye-2","https://firebasestorage.googleapis.com/v0/b/travnik-5cc55.firebasestorage.app/o/products%2Fsbor-travyanoi-legkie-zdorovye-2.jpg?alt=media&token=f4c3cc63-caa7-4052-b162-af11be4fa4f1","https://www.flip.kz/catalog?prod=3045650",,"1-2 ст.л. сырья залить 0,2-0,3 л кипятка, настоять 1 час при комнатной температуре ⏳. Принимать по 1/3 от полученного объема 3 раза в день за 10-15 мин до еды. Минимальный курс приема: зависит от тяжести заболевания и может продлиться от 3 и более дней.","Сбор травяной «Лёгкие здоровые-2»  Применяется при острых и хронических заболеваниях органов дыхания различной этиологии, сопровождающихся сухим надоедливым кашлем . Напиток обладает противовоспалительным и антимикробным действием, размягчает мокроту и усиливает отхаркивающий рефлекс ."
"p346","Травяные сборы 100 г","Сбор травяной «Противоязвенный»","100 г","2057",,,"Россия","24 месяца","4690324018537","","15","False","sbor-travyanoi-protivoyazvennyi","https://firebasestorage.googleapis.com/v0/b/travnik-5cc55.firebasestorage.app/o/products%2Fsbor-travyanoi-protivoyazvennyi.jpg?alt=media&token=7ff9f4b7-5216-4c15-a271-f325cabad96f","https://www.flip.kz/catalog?prod=3045664",,,"Сбор травяной «Противоязвенный»  Напиток для лечения желудочно-кишечных заболеваний. Назначение: при язвенной болезни желудка и двенадцатиперстной кишки, гиперацидных гастритах, опухолевых заболеваниях желудочно-кишечного тракта, как противоязвенное средство, снимающее воспаление, боль, спазмы, изжогу, понижающее кислотность, нормализующее деятельность пищеварительных желез . Способ приготовления и применения: 1 ст.л. на 200 мл кипятка настоять 1 час при комнатной температуре ⏳. Процедить. Принимать по 1/3 стакана 3 раза в день за 10-15 мин до еды. Минимальный курс лечения: от 2-3 месяцев и более. После каждого месяца приема желателен небольшой перерыв в 7-10 дней. Особенности приготовления и применения: соблюдение диеты обязательно. Курение и алкоголь существенно уменьшают лечебный эффект ."
"p347","Травяные сборы 100 г","Сбор травяной «Гельминтам (глистам) и паразитам — стоп»","100 г","2057",,,"Россия","24 месяца","4690324018728","","71","False","sbor-travyanoi-gelmintam-glistam-i-parazitam-stop","https://firebasestorage.googleapis.com/v0/b/travnik-5cc55.firebasestorage.app/o/products%2Fsbor-travyanoi-gelmintam-glistam-i-parazitam-stop.jpg?alt=media&token=d261d5b7-138d-4d1d-acc5-cf66388d73fc","https://www.flip.kz/catalog?prod=3045679",,,"Сбор травяной «Гельминтам (глистам) и паразитам — стоп»  Эффективны при глистных инвазиях, заражениях простейшими хламидиями, лямблиями и т.п. . Надежно изгоняют паразитов из организма, способствуют восстановлению пораженных слизистых оболочек желудочно-кишечного тракта. Эффективен не только при глистных инвазиях и при заражении простейшими — хламидиями, лямблиями и т.п.; они надежно изгоняет паразитов из организма, способствует восстановлению пораженных слизистых оболочек желудочно-кишечного тракта, улучшает самочувствие пациентов . Минимальный курс приема: 1,5-2 месяца. Обязательным условием оздоровления является наличие ежедневного мягкого стула от 1-2 раза в день. При необходимости дополнить приемом напитка чайного «Кинечник без запоров-1» на ночь."
"p348","Травяные сборы 100 г","Сбор травяной «Мочеиспускание (диурез) без боли»","100 г","2057",,,"Россия","24 месяца","4690324018742","","15","False","sbor-travyanoi-mocheispuskanie-diurez-bez-boli","https://firebasestorage.googleapis.com/v0/b/travnik-5cc55.firebasestorage.app/o/products%2Fsbor-travyanoi-mocheispuskanie-diurez-bez-boli.jpg?alt=media&token=40ec79ae-4ed4-448b-a131-23f68366c054","https://www.flip.kz/catalog?prod=3045710",,,"Сбор травяной «Мочеиспускание (диурез) без боли»  Основные показания: острые и хронические циститы, уретриты, мочекаменная болезнь, отеки почечного происхождения . Обладает общим противовоспалительным, уросептическим, мочегонным и обезболивающим действием. Способ приготовления и применения: 1-2 ст.л. сбора залить 0,2-0,3 л кипятка, настоять 1 час при комнатной температуре ⏳. Принимать по 1/3 от полученного объема 3 раза в день, процеживая. Особенности применения: при беременности и хроническом гломерулонефрите необходим контроль мочи. Напиток наиболее эффективен при циститах и уретритах, сопровождающихся щелочной реакцией мочи. Минимальный курс приема: от 2-3 недель до нескольких месяцев."
"p349","Травяные сборы 100 г","Сбор травяной «Онкостоп (гинекологический)»","100 г","1909",,,"Россия","24 месяца","4690324018834","","0","False","sbor-travyanoi-onkostop-ginekologicheskii","https://firebasestorage.googleapis.com/v0/b/travnik-5cc55.firebasestorage.app/o/products%2Fsbor-travyanoi-onkostop-ginekologicheskii.jpg?alt=media&token=c6213625-8588-4a1e-a3a8-a6e4cbeb5def","https://www.flip.kz/catalog?prod=3045715",,,"Сбор травяной «Онкостоп (гинекологический)»  Рекомендован при гиперпластических процессах в органах малого таза у женщин (гиперплазии эндометрия, эндометриозах и т.д.), при доброкачественных новообразованиях матки (субсерозных, интрамуральных, субмукозных миомах и фибромиомах матки), варикозных расширениях сосудов тела матки, а также при злокачественных новообразованиях матки, маточных труб, яичников . Эффективно останавливает образование ФСГ (фолликулостимулирующего гормона), прекращает функционирование яичников и, как следствие, производство ими эстрогена, и рост эндометрия прекращается. Резко уменьшается кровоснабжение всех органов малого таза и поэтому при систематическом употреблении чайного напитка опухоли останавливаются в росте, уменьшаются в размерах и рассасываются . Способ приготовления и применения: 1-2 ст.л. сбора залить 0.2-0,3 л кипятка, настоять 1-2 часа ⏳. Принимать по 1/3 от полученного объема 3 раза в день за 10-15 минут до еды, каждую порцию процеживая..."
"p350","Травяные сборы 100 г","Сбор травяной «Климаксу-стоп»","100 г","2057",,,"Россия","24 месяца","4690324018872","","3","False","sbor-travyanoi-klimaksu-stop","https://firebasestorage.googleapis.com/v0/b/travnik-5cc55.firebasestorage.app/o/products%2Fsbor-travyanoi-klimaksu-stop.jpg?alt=media&token=842a5735-2177-430b-80a2-e1effe8d1382","https://www.flip.kz/catalog?prod=3045725",,"1-2 ст.л. сырья залить 0,2-0,3 л кипятка, настоять 1 час при комнатной температуре ⏳. Принимать по 1/3 от полученного объема 3 раза в день, каждую порцию процеживая через ситечко.","Сбор травяной «Климаксу-стоп»  Используют при проявлениях, характерных для изменений в гормональной системе женщин в период климакса: вегетососудистая дистония, «приливы», нервозность, потливость, бессонница, головные боли и т. п. ‍ Напиток является источником природных эстрогеноподобных веществ, устраняет функциональные расстройства, улучшает внешний вид и внутреннее состояние ."
"p351","Травяные сборы 100 г","Сбор травяной «Сосуды эластичные»","100 г","2057",,,"Россия","24 месяца","4690324018933","","26","False","sbor-travyanoi-sosudy-elastichnye","https://firebasestorage.googleapis.com/v0/b/travnik-5cc55.firebasestorage.app/o/products%2Fsbor-travyanoi-sosudy-elastichnye.jpg?alt=media&token=6bdca332-6d21-410c-9fd6-31e1d93eacc8","https://www.flip.kz/catalog?prod=3045740",,"1-2 ст. л. сырья залить 0,2-0,3 л кипятка, настоять 1 час при комнатной температуре ⏳. Принимать по 1/3 от полученного объема 3 раза в день, каждую порцию процеживая через ситечко. Минимальный курс приема: от 1-2 недель до нескольких месяцев. При необходимости курс можно повторить (2-3 раза в год).","Сбор травяной «Сосуды эластичные»  Применяют при геморроях и трещинах прямой кишки. Возникновению геморроя и трещин прямой кишки способствуют различные кишечные заболевания в сочетании с малоподвижным образом жизни, запорами, острой, раздражающей кишечник пищей, а также алкоголь и курение . Напиток рекомендуется в качестве противовоспалительного, кровоостанавливающего, универсального, сосудоукрепляющего и слабительного средства ."
"p352","Травяные сборы 100 г","Сбор травяной «Поджелудочная здоровая»","100 г","2057",,,"Россия","24 месяца","4690324018995","","33","False","sbor-travyanoi-podzheludochnaya-zdorovaya","https://firebasestorage.googleapis.com/v0/b/travnik-5cc55.firebasestorage.app/o/products%2Fsbor-travyanoi-podzheludochnaya-zdorovaya.jpg?alt=media&token=281604c3-bfa8-4a3a-80f2-15e059239e7a","https://www.flip.kz/catalog?prod=3045753",,,"Сбор травяной «Поджелудочная здоровая»  Рекомендуется при острых и хронических панкреатитах, хронических холецисто-панкреатитах; сахарном диабете, развившемся в результате воспалительного (некротического) поражения поджелудочной железы . Обладает противовоспалительным, иммуномодулирующим, желчегонным действием; нормализует уровень сахара в крови и секреторную функцию поджелудочной железы в целом . Способ приготовления: 1-2 ст. л. сырья залить 0,2-0,3 л воды довести до кипения, потомить 3-4 минуты, настоять до остывания, процедить, отжать. Принимать по 1/3 от полученного объема 3 раза в день до еды."
"p353","Травяные сборы 100 г","Сбор травяной «Кишечник без запоров-1» (при слабой перистальтике, геморрое и трещинах)","100 г","1909",,,"Россия","24 месяца","4690324019053","","34","False","sbor-travyanoi-kishechnik-bez-zaporov-1-pri-slaboi-peristaltike-gemorroe-i-tresh","https://firebasestorage.googleapis.com/v0/b/travnik-5cc55.firebasestorage.app/o/products%2Fsbor-travyanoi-kishechnik-bez-zaporov-1-pri-slaboi-peristaltike-gemorroe-i-tresh.jpg?alt=media&token=05354617-e258-436a-b550-25a576744eb4","https://www.flip.kz/catalog?prod=3045810",,"1 ст.л. сбора залить 0,2 л кипятка, настоять 1 час при комнатной температуре ⏳. Принимать одной порцией перед сном .","Сбор травяной «Кишечник без запоров-1»  Применяется при острых и хронических запорах, хронических энтероколитах, долихосигмах, геморроях и трещинах ануса. Способствует стойкому восстановлению перистальтики кишечника, обладает спазмолитическим, кровоостанавливающим, противовоспалительным, обезболивающим действием; рекомендуется при геморрое и трещинах прямой кишки . Минимальный курс приема: от 2-3 месяцев до полугода. При хроническом течении болезни целесообразны повторные курсы (3-4 раза в год) с перерывами между ними в 1 месяц."
"p354","Травы","Сосны почки","50 г","1777",,,"Россия","24 месяца","4610002418671","","23","False","sosny-pochki","https://firebasestorage.googleapis.com/v0/b/travnik-5cc55.firebasestorage.app/o/products%2Fsosny-pochki.jpg?alt=media&token=b7e82fcf-4c56-469b-ad81-a303fd162273","https://www.flip.kz/catalog?prod=3049485",,,"Сосны почки  Почки сосны используются в медицине как отхаркивающее и дезинфицирующее средство при лечении болезней верхних путей дыхания. Как правило, такие лекарства имеют вид отваров для проведения ингаляций и настоев, которые рекомендуется употреблять внутрь при бронхите, пневмонии, язве двенадцатиперстной кишки и желудка . Отвары из почек сосны обладают слабым желчегонным и мочегонным действием. Следует отметить, что сосновые почки нередко входят в составы грудных сборов, а экстракт и настой из них применяется для проведения хвойных ванн, оказывающих успокаивающее действие на нервную систему человека . Целебные свойства почечного отвара широко используются для проведения ингаляций при заболеваниях носа и горла, а также способствуют улучшению состава крови . Препараты, в состав которых входят сосновые почки, оказывают бактерицидное действие на микрофлору носоглотки и полости рта . Способ приготовления и применения: 1 ст. ложку заливают стаканом горячей кипяченой..."
"p355","Травы","Лимонника семена","20 г","2501",,,"Россия","24 месяца","4690324000839","","7","False","limonnika-semena","https://firebasestorage.googleapis.com/v0/b/travnik-5cc55.firebasestorage.app/o/products%2Flimonnika-semena.jpg?alt=media&token=7689c5ec-9658-4b62-b6bc-5a6c48260ed6","https://www.flip.kz/catalog?prod=3058155",,,"Лимонника семена  Назначение: как сильное тонизирующее средство при переутомлении, пониженной физической и умственной работоспособности, истощении нервной системы, половой слабости, для повышения остроты зрения , при дизентерии, для лечения нервных и психических заболеваний, сопровождающихся астенодепрессивными состояниями, и для заживления ран и трофических язв . Способ приготовления и применения: семена принимают по 0,5 г. (25 штук) 2 раза в день, утром и в обед за 10 мин. до еды."
"p356","Травы","Тыквы семена","50 г","708",,,"Россия","24 месяца","4690324008675","","23","False","tykvy-semena","https://firebasestorage.googleapis.com/v0/b/travnik-5cc55.firebasestorage.app/o/products%2Ftykvy-semena.jpg?alt=media&token=65a7142d-e12c-4e34-9ea5-6d14976b0163","https://www.flip.kz/catalog?prod=3058170",,,"Тыквы семена  Семена тыквы эффективны в отношении различных ленточных глистов (бычьего, свиного и карликового цепней, широкого лентеца и др.). По активности препарат уступает современным синтетическим средствам, но не оказывает токсического действия и не вызывает побочных эффектов . Показания к применению: в качестве антигельминтного средства против различных ленточных глистов при плохой переносимости других противоглистных препаратов. Дозировка: за 2 дня до начала применения семян тыквы больному ежедневно назначают утром клизму и накануне вечером — солевое слабительное. В день лечения натощак ставят клизму, независимо от наличия стула. Из семян тыквы готовят эмульсию или отвар следующими способами: • способ 1. Тыквенные семена очищают от твердой кожуры, оставляя внутреннюю зеленую оболочку; 300 г очищенных семян (для взрослых) растирают небольшими порциями в ступке, после последней порции ступку промывают 50-60 мл воды, сливают в тарелку с растертыми семенами и..."
"p357","Фитосвечи","Свечи от геморроя «Жабрейные»","10 шт.","5080",,,"Россия","12 месяцев","4690324016618","",,"False","svechi-ot-gemorroya-zhabreinye","https://firebasestorage.googleapis.com/v0/b/travnik-5cc55.firebasestorage.app/o/products%2Fsvechi-ot-gemorroya-zhabreinye.jpg?alt=media&token=2e497d27-5d0b-4a06-af09-0e6af971cb46","https://www.flip.kz/catalog?prod=3058182",,"ввести ректально 1 раз в сутки перед сном . Минимальный курс приема: от 10-14 дней. Противопоказания: индивидуальная непереносимость к компонентам препарата.","Свечи «Жабрейные» противогеморроидальные  Применяются при геморрое (наружном и внутреннем, особенно с выраженным воспалением), зуде аноректальной области, анальных трещинах, а также как противовоспалительное, ранозаживляющее, противозудное, сосудоукрепляющее, гемостатическое средство. Действуют быстро и эффективно, снимая зуд, боль и жжение ."
"p358","Фитосвечи","Свечи при новообразованиях «Полип-минус»","10 шт.","5080",,,"Россия","12 месяцев","4690324016700","",,"False","svechi-pri-novoobrazovaniyakh-polip-minus","https://firebasestorage.googleapis.com/v0/b/travnik-5cc55.firebasestorage.app/o/products%2Fsvechi-pri-novoobrazovaniyakh-polip-minus.jpg?alt=media&token=860ca771-f7cd-4caa-97b4-05fca50e585f","https://www.flip.kz/catalog?prod=3058186",,"ввести вагинально (желательно после спринцевания гинекологическими ваннами «При новообразованиях») или ректально на ночь в положении лежа . Минимальный курс приема: 10-30 дней 1-2 раза в день. Противопоказания: индивидуальная непереносимость к компонентам препарата.","Свечи «Полип-минус» при новообразованиях  Применяются при кондиломах, папилломах наружных половых органов, влагалища, шейки матки, аноректальной зоны; в комплексной терапии доброкачественных и злокачественных опухолей половых органов (миома матки, полипы влагалища, шейки матки, полипоз и гиперплазия эндометрия, гиперплазия предстательной железы и др.), опухолях и полипах прямой кишки, толстого кишечника."
"p359","Травяные сборы 100 г","Сбор травяной «Астмафит»","100 г","2057",,,"Россия","24 месяца","4690324019060","","3","False","sbor-travyanoi-astmafit","https://firebasestorage.googleapis.com/v0/b/travnik-5cc55.firebasestorage.app/o/products%2Fsbor-travyanoi-astmafit.jpg?alt=media&token=4c480f40-800f-49e5-8fc8-415882fa8368","https://www.flip.kz/catalog?prod=3058189",,,"Сбор травяной «Астмафит»  Напиток чайный при хроническом астматическом бронхите и бронхиальной астме. Основные показания: хронический бронхит и бронхиальная астма у детей и взрослых . Общее самочувствие больные заметно улучшается, в сырую и холодную погоду обострения наступают реже и быстрее проходят, при этом больные лучше переносят медикаментозное лечение . Особенности применения: длительный и регулярный прием напитка. Минимальный курс приема зависит от тяжести заболевания и может продлиться от 2-3 месяцев до года. Желательно после каждого месяца делать перерыв в 7-10 дней ⏳."
"p360","Травы","Софоры цветки","50 г","2600",,,"Россия","24 месяца","4690324021605","","0","False","sofory-tsvetki","https://firebasestorage.googleapis.com/v0/b/travnik-5cc55.firebasestorage.app/o/products%2Fsofory-tsvetki.jpg?alt=media&token=7bd2f7ec-24d3-40a8-8a07-82b26f648296","https://www.flip.kz/catalog?prod=3058201",,,"Софоры цветки  Цветы софоры в большом количестве содержат калий, магний, кальций, железо, йод, бор, цинк, жирные масла и органические кислоты. Благодаря своим антиоксидантным и противовоспалительным свойствам уменьшает последствия инфаркта мозга . В Китае это растение считается одним из лучших природных тоников, улучшающих кровообращение и продлевающих жизнь . Высушенные цветы и бутоны софоры обладают вяжущим и кровоостанавливающим свойствами . В качестве лекарственного растения издавна используются в Китае, Японии и Корее для устранения геморроидальных и носовых кровотечений, кровавой рвоты, а также для лечения гипертензии. Препараты на основе софоры японской повышают сопротивляемость организма при проведении лучевой терапии; уменьшают отечность суставов при ревматизме; помогают справиться с инфекционными и аллергическими заболеваниями почек; снижают отек тканей толстого кишечника при колите . Также дают хорошие результаты при лечении сахарного диабета и облегчают..."
"p361","Травы","Лопуха большого листья","50 г","576",,,"Россия","24 месяца","4690324005650","","12","False","lopukha-bolshogo-listya","https://firebasestorage.googleapis.com/v0/b/travnik-5cc55.firebasestorage.app/o/products%2Flopukha-bolshogo-listya.jpg?alt=media&token=fd985aa3-9e85-46d5-b6bf-4348dc1afef3","https://www.flip.kz/catalog?prod=3058214",,"настой листьев лопуха. Заливают 3 стаканами кипятка 60 грамм листьев, настаивают 4 часа, процеживают ⏳. Употребляют по одному стакану 3 раза в день при язвенной болезни желудка и двенадцатиперстной кишки, камнях в почках и печени.","Лопуха большого листья  Настой лопуха помогает избавиться от аденомы предстательной железы. Также при камнях в почках и мочевом пузыре, при гастрите и язве желудка . При дерматитах сопровождающихся кожным зудом корень лопуха используют наружно в виде компресса."
"p362","Чайные напитки","Напиток чайный «Праздничный» для настроения","20 шт.","987",,"пакетированный","Россия","24 месяца","4690324013532","","27","False","napitok-chainyi-prazdnichnyi-dlya-nastroeniya","https://firebasestorage.googleapis.com/v0/b/travnik-5cc55.firebasestorage.app/o/products%2Fnapitok-chainyi-prazdnichnyi-dlya-nastroeniya.jpg?alt=media&token=bd212619-9221-4489-a6a6-55c8eced2e72","https://www.flip.kz/catalog?prod=3072273",,,"Напиток чайный «Праздничный»  Вкусный чай для всей семьи снимет усталость, придаст бодрость, улучшит настроение, повысит жизненный тонус и превратит семейное чаепитие в настоящий праздник . Каждый компонент в составе чая обладает неповторимым вкусом и ароматом, а в напитке они сливаются в единую гармоничную композицию, играющую множеством воздушных оттенков. Это настоящая кладезь витаминов, микроэлементов и биологически активных веществ, подаренных самой природой  Состав: Донника, ежевики, земляники, иссопа, клевера, мелиссы, мяты, змееголовника трава; смородины почки; шиповника плоды; липы цвет Как приготовить: 1-2 фильтр-пакета залить 0,15-0,3 л воды, нагретой до 80 градусов. Настоять и пить, как чай"
"p363","Чайные напитки","Напиток чайный традиционный «Башкирский»","20 шт.","987",,"пакетированный","Россия","24 месяца","4690324013587","","51","False","napitok-chainyi-traditsionnyi-bashkirskii","https://firebasestorage.googleapis.com/v0/b/travnik-5cc55.firebasestorage.app/o/products%2Fnapitok-chainyi-traditsionnyi-bashkirskii.jpg?alt=media&token=4e998cb5-4910-4d60-920a-af8811160b1f","https://www.flip.kz/catalog?prod=3073473",,"1-2 фильтр-пакета залить 0,15-0,3 л водой, нагретой до 80 градусов, настоять 1 час и пить как чай.","Напиток чайный «Башкирский»  У башкир издревле чай подают дважды: перед едой и после. Перед плотным обедом всегда подавали травяной чай с медом или пастилой. Печенье или сдоба не предлагались . После еды через 20-30 минут чай подавали второй раз. Для заварки сушеные травы руками растирали в порошок и заливали кипятком. Непосредственно перед угощением вначале немного заварки наливали в чашу, затем выливали ее обратно в чайник; это действо означало и проверку, и желание подчеркнуть гостю особое уважение хозяев дома . Главный рецепт — нужно готовить чай в хорошем расположении духа. Ибо каждая травинка вбирает то, как её и с какими помыслами к ней прикасаются ."
"p364","Чайные напитки","Напиток чайный источник природных витаминов «Витаминов баланс»","20 шт.","987",,"пакетированный","Россия","24 месяца","4690324012320","","51","False","napitok-chainyi-istochnik-prirodnykh-vitaminov-vitaminov-balans","https://firebasestorage.googleapis.com/v0/b/travnik-5cc55.firebasestorage.app/o/products%2Fnapitok-chainyi-istochnik-prirodnykh-vitaminov-vitaminov-balans.jpg?alt=media&token=da00c81b-aebd-4832-8c1a-47f4c3511f7e","https://www.flip.kz/catalog?prod=3073513",,"1-2 фильтр-пакета залить 0,2 л кипятка, настоять 1 час при комнатной температуре, отжать. Принимать по 1/3 от полученного объема 3 раза в день за 10-15 минут до еды. Минимальный курс приема: 1-2 месяца.","Напиток чайный «Витаминов баланс»  Обладает общеукрепляющим, иммуномодулирующим, антиоксидантным действием, обеспечивает эффективную противоопухолевую защиту, особенно у пациентов «групп риска», помогает успешно бороться с любыми патогенными факторами, опасными для здоровья . В осенне-весенний период регулярный прием напитка является эффективной профилактикой вирусных инфекций . Рекомендуется взрослым и детям любого возраста в качестве достоверного источника витаминов, макро- и микроэлементов ."
"p365","Чайные напитки","Напиток чайный для восстановления работоспособности, повышения оптимизма «Голова без слёз»","20 шт.","987",,"пакетированный","Россия","24 месяца","4690324010203","","27","False","napitok-chainyi-dlya-vosstanovleniya-rabotosposobnosti-povysheniya-optimizma-gol","https://firebasestorage.googleapis.com/v0/b/travnik-5cc55.firebasestorage.app/o/products%2Fnapitok-chainyi-dlya-vosstanovleniya-rabotosposobnosti-povysheniya-optimizma-gol.jpg?alt=media&token=7117fc98-a68d-40d4-b9a9-a7d94c587c36","https://www.flip.kz/catalog?prod=3073711",,"1-2 пакета залить 0,2 л воды, нагретой до 80 градусов, настоять 15 мин. при комнатной температуре, отжать. Принимать 3-5 раз в день и обязательно перед сном 1/4 стакана. Минимальный курс приема: Рекомендован для регулярного приема по самочувствию. Чередовать с напитком чайным «Для радости Сон-2» и «Голова умная».","Напиток чайный «Голова без слёз»  Рекомендован для восстановления умственной и физической работоспособности. Эффективен для тех, кто плохо переносит жару, духоту, испытывает ощущения «варености», разбитоности, вялости, слабости; при горести и обреченности, непродуктивном сне, не приносящем бодрости и свежести, мутной голове, повышенной потливости . Укрепляет нервную систему, добавляет физических сил, повышает умственную работоспособность, настроение, дарует оптимизм ."
"p366","Чайные напитки","Напиток чайный при умственных нагрузках и рассеянности «Голова умная»","20 шт.","987",,"пакетированный","Россия","24 месяца","4690324010746","","22","False","napitok-chainyi-pri-umstvennykh-nagruzkakh-i-rasseyannosti-golova-umnaya","https://firebasestorage.googleapis.com/v0/b/travnik-5cc55.firebasestorage.app/o/products%2Fnapitok-chainyi-pri-umstvennykh-nagruzkakh-i-rasseyannosti-golova-umnaya.jpg?alt=media&token=484b7ba3-c73e-4590-b972-2181c57bea75","https://www.flip.kz/catalog?prod=3073856",,"2-3 фильтр-пакета залить 0,2-0,3 л кипятка, настоять 1 час при комнатной температуре. Выпить в течение дня произвольно. В первые дни возможен дискомфорт — это реакция на восстановление кровообращения. Минимальный курс приема: от 2-3 недель до 5-6 месяцев. При необходимости после небольшого перерыва (1-2 недели) возможны повторные курсы.","Напиток чайный «Голова умная»  Эффективен при умственных нагрузках, стрессовых ситуациях, эмоциональной нестабильности, повышенной утомляемости и рассеянности. Положительно влияет на состояние нервной системы ‍."
"p367","Чайные напитки","Напиток чайный при ОРВИ «Гриппу-стоп»","20 шт.","987",,"пакетированный","Россия","24 месяца","4690324014331","","24","False","napitok-chainyi-pri-orvi-grippu-stop","https://firebasestorage.googleapis.com/v0/b/travnik-5cc55.firebasestorage.app/o/products%2Fnapitok-chainyi-pri-orvi-grippu-stop.jpg?alt=media&token=1d08bcf7-9d8b-45d4-bb81-a6b88c00742a","https://www.flip.kz/catalog?prod=3073861",,"2-3 фильтр-пакета залить 0,2 л кипятка, настоять 1 час при комнатной температуре, отжать. Принимать по 1/3 от полученного объема 3 раза в день за 10-15 минут до еды. Минимальный курс приема: зависит от тяжести заболевания и может продлиться от 2-3 дней и более. Затем заменяется или совмещается с напитком чайным «Иммунитет сильный».","Напиток чайный «Гриппу-стоп»  Рекомендован для профилактики и оздоровления при острых вирусных и простудных заболеваниях у детей и взрослых; обладает антимикробным, противовирусным, потогонным, отхаркивающим и жаропонижающим действием . Напиток чайный хорошо переносится больными, позволяет быстро купировать заболевание, а главное — гарантирует, что грипп или ОРВИ закончатся без осложнений ."
"p368","Чайные напитки","Напиток чайный гармонизирующий с мятой и мелиссой «Для всей семьи»","20 шт.","987",,"пакетированный","Россия","24 месяца","4690324012313","","7","False","napitok-chainyi-garmoniziruyushchii-s-myatoi-i-melissoi-dlya-vsei-semi","https://firebasestorage.googleapis.com/v0/b/travnik-5cc55.firebasestorage.app/o/products%2Fnapitok-chainyi-garmoniziruyushchii-s-myatoi-i-melissoi-dlya-vsei-semi.jpg?alt=media&token=7b1a894c-b08b-47c9-8145-b75836d974eb","https://www.flip.kz/catalog?prod=3073864",,,"Натуральный чайный напиток для ежедневного употребления, направленный на поддержку общего самочувствия и гармонизацию внутренних процессов организма. Обладает противоопухолевым, рассасывающим, спазмолитическим и обезболивающим действием. Способствует нормализации гормонального баланса . Помогает устранять условия, при которых развиваются мастопатии, маститы, снижает болезненность, набухание и нагрубание молочных желез.  Способ приготовления: 1–2 фильтр-пакета залить 0,2 л кипятка, настоять 15 минут и пить как чай. Подходит для регулярного употребления всей семьёй, в качестве мягкой поддержки организма"
"p369","Чайные напитки","Напиток чайный «Мяты длиннолистной лист» желчегонное, для пищеварения, от судорог","20 шт.","905",,"пакетированный","Россия","24 месяца","4690324023524","","19","False","napitok-chainyi-myaty-dlinnolistnoi-list-zhelchegonnoe-dlya-pishchevareniya-ot-s","https://firebasestorage.googleapis.com/v0/b/travnik-5cc55.firebasestorage.app/o/products%2Fnapitok-chainyi-myaty-dlinnolistnoi-list-zhelchegonnoe-dlya-pishchevareniya-ot-s.jpg?alt=media&token=8afbbb19-5f58-455c-b486-be48f1cdc517","https://www.flip.kz/catalog?prod=3073876","Листья мяты длиннолистной","1-2 фильтр-пакета залить 0,2 л кипятка, настоять 30 минут при комнатной температуре, отжать. Принимать по 1/3 от полученного объема 3 раза в день до еды.","Напиток чайный «Мяты длиннолистной лист»  Применяются как желчегонное, мочегонное, кровоостанавливающее, противосудорожное и потогонное средство, а так же улучшают пищеварение ."
"p370","Чайные напитки","Напиток чайный «Ромашки лекарственной цветки»","20 шт.","1020",,"пакетированный","Россия","24 месяца","4690324012115","","9","False","napitok-chainyi-romashki-lekarstvennoi-tsvetki","https://firebasestorage.googleapis.com/v0/b/travnik-5cc55.firebasestorage.app/o/products%2Fnapitok-chainyi-romashki-lekarstvennoi-tsvetki.jpg?alt=media&token=e1fb9cb4-212d-4bb9-945c-e960633cd453","https://www.flip.kz/catalog?prod=3073879",,"2-3 фильтр-пакета залить 200 мл кипятка, настоять 30 мин. при комнатной температуре, отжать. Принимать по 1/3 стакана 3 раза в день за 10-15 мин. до еды.","Напиток чайный «Ромашки лекарственной цветки»  По литературным данным применяется при заболеваниях пищеварительной, сердечно-сосудистой, мочеполовой систем; как противовоспалительное, спазмолитическое, антисептическое, болеутоляющее, потогонное, желчегонное, успокаивающее средство ."
"p371","Чайные напитки","Напиток чайный «Русский традиционный»","20 шт.","987",,"пакетированный","Россия","24 месяца","4690324013525","","10","False","napitok-chainyi-russkii-traditsionnyi","https://firebasestorage.googleapis.com/v0/b/travnik-5cc55.firebasestorage.app/o/products%2Fnapitok-chainyi-russkii-traditsionnyi.jpg?alt=media&token=2aad5b69-ea0b-49c6-abde-ddfc7a266243","https://www.flip.kz/catalog?prod=3073884",,"1-2 фильтр-пакета залить 0,15-0,3 л водой, нагретой до 80 градусов, настоять 1 час и пить как чай.","Напиток чайный «Русский традиционный»  Главное в русском чаепитии — это атмосфера душевности, покоя и радости, возможность испить чаю в приятной компании . За чаем проходят семейные и дружеские посиделки, люди общаются, делятся сокровенным, радуются и просто отдыхают . Об особой роли чая в жизни русского человека говорят такие пословицы: «Где есть чай — там под елью рай», «Чай пьешь — 100 лет переживешь» . Русская традиция — это чай с лесными, горно-луговыми травами, ягодами и плодами . Чайный стол всегда был богат яствами: медом, пастилой, вареньем из ягод дикой клубники, земляники и малины."
"p372","Чайные напитки","Напиток чайный «Стрессу-нет» при неврозах, бессоннице, головных болях","20 шт.","987",,"пакетированный","Россия","24 месяца","4690324010296","","22","False","napitok-chainyi-stressu-net-pri-nevrozakh-bessonnitse-golovnykh-bolyakh","https://firebasestorage.googleapis.com/v0/b/travnik-5cc55.firebasestorage.app/o/products%2Fnapitok-chainyi-stressu-net-pri-nevrozakh-bessonnitse-golovnykh-bolyakh.jpg?alt=media&token=321d3870-d023-425d-84b6-be2197f638e0","https://www.flip.kz/catalog?prod=3073887",,"1-2 фильтр-пакета залить 0,2 л кипятка, настоять 15 мин при комнатной температуре, отжать. Принимать по 1/3 от полученного объема 3 раза в день за 15 минут до еды .","Рекомендован при стрессах, неврозах, бессоннице, метеочувствительности, частых мигренеподобных головных болях, состоянии повышенной тревожности . Успокаивает, выводит из депрессии, дает чувство комфорта и удовлетворения жизнью ."
"p373","Чайные напитки","Напиток чайный «Татарский традиционный»","20 шт.","987",,"пакетированный","Россия","24 месяца","4690324013570","","48","False","napitok-chainyi-tatarskii-traditsionnyi","https://firebasestorage.googleapis.com/v0/b/travnik-5cc55.firebasestorage.app/o/products%2Fnapitok-chainyi-tatarskii-traditsionnyi.jpg?alt=media&token=9a61e62e-1966-4b16-9467-4c1c80668c93","https://www.flip.kz/catalog?prod=3073892",,"1–2 фильтр-пакета залить 0,15–0,3 л водой, нагретой до 80 градусов, настоять 1 час и пить как чай","«Чайный стол — душа семьи», — говорят татары, подчеркивая тем самым не только свою любовь к чаю как напитку, но и его значимость в застольном ритуале   Ритуал чаепития настолько вошел в татарский быт, что без него невозможно представить ни одного праздника: свадьбу, рождение ребенка, сабантуй.  Чай принято пить из маленьких чашек, чтобы не остывал. И беседа сидящих за столом не прерывается, пока хозяйка подает все новые и новые чашки со свежезаваренным чаем.  Татары также издревле любят пить чай с травами, ягодами и фруктами.  Недаром бытует среди них поговорка: «Сары мәтрүшкә алтмыш төрле авырудан, көрән мәтрүшкә җитмеш төрле авырудан» (""Зверобой от шестидесяти болезней, душица от семидесяти болезней"")."
"p374","Чайные напитки","Напиток чайный «Фенхелевый» от метеоризма, для перистальтика","20 шт.","1300",,"пакетированный","Россия","24 месяца","4690324020639","","4","False","napitok-chainyi-fenkhelevyi-ot-meteorizma-dlya-peristaltika","https://firebasestorage.googleapis.com/v0/b/travnik-5cc55.firebasestorage.app/o/products%2Fnapitok-chainyi-fenkhelevyi-ot-meteorizma-dlya-peristaltika.jpg?alt=media&token=c425c822-547e-4a85-b2b0-f4d1d572446b","https://www.flip.kz/catalog?prod=3073905",,"залить 1 фильтр-пакет 0,1 л кипятка, настоять 20 мин, остудить до 37 градусов. Принимать от 1 ч.л. три раза в день перед кормлением, увеличивая дозировку в соответствии с возрастом и потребностями малыша. Использовать только свежеприготовленным.","Напиток чайный «Фенхелевый»  Снимает воспаления стенок кишечника, диспепсические состояния, улучшает перистальтику, благодаря чему нормализуется продвижение пищи по кишечнику, стул становится регулярным, как и отход газов . Происходит стабилизация пищеварительных процессов, правильное формирование микрофлоры кишечника, укрепляется иммунитет . Если вместе с малышом чай употребляет и мама, его эффект будет ещё быстрее. Напиток чайный обладает приятным вкусом, поэтому большинство малышей пьют его с удовольствием ."
"p375","Чайные напитки","Напиток чайный «Чабрец» отхаркивающий, обезболивающий","20 шт.","807",,"пакетированный","Россия","24 месяца","4690324016311","","24","False","napitok-chainyi-chabrets-otkharkivayushchii-obezbolivayushchii","https://firebasestorage.googleapis.com/v0/b/travnik-5cc55.firebasestorage.app/o/products%2Fnapitok-chainyi-chabrets-otkharkivayushchii-obezbolivayushchii.jpg?alt=media&token=bb2a78b0-5a11-4f3d-abaa-765dcda5809e","https://www.flip.kz/catalog?prod=3073930",,"1-2 фильтр-пакета залить 0,2 л кипятка, настоять 45 минут при комнатной температуре. Принимать по 1/3 от полученного объема 3 раза в день за 10-15 минут до еды.","Напиток чайный «Чабрец» трава  Применяется в качестве противомикробного, отхаркивающего, успокаивающего, анальгетического средства; при заболеваниях верхних дыхательных путей и легких; неврозах ."
"p376","Чайные напитки","Напиток чайный «Чага» противоопухолевый, тонизирующий","20 шт.","1119",,"пакетированный","Россия","24 месяца","4690324012672","","47","False","napitok-chainyi-chaga-protivoopukholevyi-toniziruyushchii","https://firebasestorage.googleapis.com/v0/b/travnik-5cc55.firebasestorage.app/o/products%2Fnapitok-chainyi-chaga-protivoopukholevyi-toniziruyushchii.jpg?alt=media&token=bc5817f5-56cf-435e-a57a-ddfb33246d5f","https://www.flip.kz/catalog?prod=3073940",,"взрослым не менее 3 стаканов в течение суток дробными порциями.","Напиток чайный «Чага»  Применяют в качестве биогенных стимуляторов, повышает защитные силы организма. Нормализует работу центральной нервной системы. Обладает общеукрепляющим действием, улучшает обмен веществ и деятельность желудочно-кишечного тракта . Как противовоспалительное и спазмолитическое средство при хроническом гастрите, дискинезиях желчевыводящих путей, при язвенной болезни желудка, а также улучшает общее состояние онкологических больных . Фармакологические свойства: • тонизирующее; • желудочно-кишечное; • противовоспалительное; • противоопухолевое. Противопоказания: при длительном применении препаратов чаги у некоторых больных наблюдается повышенная возбудимость вегетативной системы нервной системы. Эти явления постепенно исчезают, если уменьшать дозу или отменять препарат. Индивидуальная непереносимость."
"p377","Чайные напитки","Напиток чайный «Щитовидная железа здоровая»","20 шт.","987",,"пакетированный","Россия","24 месяца","4690324010609","","64","False","napitok-chainyi-shchitovidnaya-zheleza-zdorovaya","https://firebasestorage.googleapis.com/v0/b/travnik-5cc55.firebasestorage.app/o/products%2Fnapitok-chainyi-shchitovidnaya-zheleza-zdorovaya.jpg?alt=media&token=0d3af98f-7caa-4c6d-951d-541065c889e6","https://www.flip.kz/catalog?prod=3073945",,"1-2 фильтр-пакета залить 0,2 л кипятка, настоять 15 мин при комнатной температуре, отжать. Принимать по 1/3 от полученного объема 3 раза в день за 15 минут до еды. Минимальный курс приема: от полугода до 1,5-2 лет. Желательно после каждого месяца приема делать небольшие перерывы в 7-10 дней. Целесообразно чередовать с напитками аналогичного действия.","Напиток чайный «Щитовидная железа здоровая»  Рекомендован при пониженной функции щитовидной железы (гипотиреозе) и связанные с этим клинические проявления (слабость, депрессия, ожирение, гипертония, миокардиодистрофия, брадикардия и др.). «Растительный», органически связанный, йод нормализует функцию железы, смягчает побочное действие лечебной и заместительной гормонотерапии, устраняет клинические проявления гипотиреоза ."
"p378","Травы","Бархатцев (шафран) цветки","50 г","2501",,"листовой","Россия","24 месяца","4690324021551","","11","False","barkhattsev-shafran-tsvetki","https://firebasestorage.googleapis.com/v0/b/travnik-5cc55.firebasestorage.app/o/products%2Fbarkhattsev-shafran-tsvetki.jpg?alt=media&token=78752a6f-b44c-4bd8-aa50-7d1ba17cd356","https://www.flip.kz/catalog?prod=3115946",,,"Бархатцев (шафран) цветки  Специя способна улучшать состав крови, повышать кровяное давление, полезна для гипотоников; Шафран оказывает общеукрепляющее действие на организм, придает сил, поднимает настроение . Целебная приправа тонизирует нервную систему, улучшает мозговую деятельность, помогает преодолеть депрессивные состояния, стрессы, неврозы, полезна также при бессоннице ; Эффективно также действие отвара специи для глаз: улучшается кровообращение, снимаются спазмы, омолаживаются клетки, что приводит к общему улучшению зрения и профилактике серьезных офтальмологических заболеваний ; Воздействуя напрямую на ЖКТ, пряность оказывает благотворное влияние на активность процессов переваривания пищи, повышает аппетит, избавляет от тяжести в желудке; Рыльца крокуса вылечат в комплексной терапии от многих болезней мочеполовой системы (польза мочегонного свойства). Известна действенность специи для лечения простатита, она выступает как афродизиак ; Ценная приправа..."
"p379","Травы","Черники плоды","25 г","2303",,"рассыпной","Россия","24 месяца","4690324010944","","16","False","cherniki-plody","https://firebasestorage.googleapis.com/v0/b/travnik-5cc55.firebasestorage.app/o/products%2Fcherniki-plody.jpg?alt=media&token=99ff1f77-b265-49be-bcfa-c012ef15691b","https://www.flip.kz/catalog?prod=3115986","Плоды черники","1-2 ст л. плодов залить 0,2-0,3 л воды, довести до кипения, потомить 3-4 мин, настоять до остывания, процедить. Ягоды съесть, настой разделить на 3 приема. Принимать за 30 мин до еды. Курс приема 1-3 месяца.","Черники плоды. Применяются при всех видах заболеваний органов зрения (близо- и дальнозоркости, катаракте и глаукоме и др.); улучшают «сумеречное» зрение; уменьшают усталость глаз при продолжительной работе с искусственным светом за счет стимулирующего и укрепляющего эффекта на зрительную систему ; как общеукрепляющее средство, обладающее гипогликемическим, кардиотоническим, эстрогенным, андрогенным, инсулиноподобным, легким транквилизирующим действием."
"p380","Полезное питание","Начинка для выпечки «Калина»","300 г","3373",,,"Россия","24 месяца","4690324021155","","0","False","nachinka-dlya-vypechki-kalina","https://firebasestorage.googleapis.com/v0/b/travnik-5cc55.firebasestorage.app/o/products%2Fnachinka-dlya-vypechki-kalina.jpg?alt=media&token=6722e0a0-dc7c-4963-9b2a-790582cc8112","https://www.flip.kz/catalog?prod=3116198",,,"Начинка для выпечки «Калина»  В ягодах присутствуют витамины А,С и Е, более 10 органических кислот, дубильные вещества, сахара, пектины, эфирные масла, танин, вибурнин, железо, фосфор, хром, йод, цинк, медь, марганец. Ягоды калины очищают организм от вредных веществ, предотвращают развитие авитаминоза, омолаживают организм и способствуют укреплению иммунитета . Согласно рекомендациям диетологов, калину следует употреблять для снижения веса, а также включать в диетическое питание . Способ приготовления: начинка для пирогов: 100 г порошка калины залить кипятком, помешивая, довести до консистенции густой сметаны, плотно закрыть, оставить на 40-60 мин для набухания. Добавить 1,5 стакана сахара, добавить 80 г яблочного повидла (для мягкости) и 50 г сахара, перемешать. Начинка готова. Кисель: 2 ст.л. порошка залить 300 мл воды, добавить 20 г сахара (или другого подсластителя), варить 20 мин. В конце варки добавить 5 г разведенного крахмала."
"p381","Полезное питание","Компот «Витаминный» для бодрости и радости","350 г","4771",,"пакеты","Россия","24 месяца","4690324020400","","3","False","kompot-vitaminnyi-dlya-bodrosti-i-radosti","https://firebasestorage.googleapis.com/v0/b/travnik-5cc55.firebasestorage.app/o/products%2Fkompot-vitaminnyi-dlya-bodrosti-i-radosti.jpg?alt=media&token=e49639cd-fcb7-4677-b2c8-b8acd2503850","https://www.flip.kz/catalog?prod=3118133",,,"Компот «Витаминный» для бодрости и радости  Компот — это настоящий кладезь витаминов и микроэлементов! Богатый состав трав и ягод, натуральные ингредиенты, приятный вкус и аромат. Укрепляет иммунитет, наполняет энергией, повышает тонус и работоспособность, омолаживает организм . Всё разнообразие даров природы в одной упаковке! Способ приготовления на 1 человека: 1 стакан смеси положить в термос и заварить 1 л подогретой до 80 градусов сырой воды. Настоять ночь в закрытом термосе. Пить в течении дня произвольно без дополнительного подогрева."
"p382","Полезное питание","Компот детский «Противопростудный»","350 г","4771",,"пакеты","Россия","24 месяца","4690324020394","","5","False","kompot-detskii-protivoprostudnyi","https://firebasestorage.googleapis.com/v0/b/travnik-5cc55.firebasestorage.app/o/products%2Fkompot-detskii-protivoprostudnyi.jpg?alt=media&token=c8ecb6e3-4635-4e88-a118-5008b2c42f37","https://www.flip.kz/catalog?prod=3118144",,,"Компот детский «Противопростудный»  Компот противопростудный хорошо пить в межсезонье. Первые холода и начало таянья снега — период частых простудных заболеваний . Плоды, ягоды и травы, входящие в состав компота, обладают противовирусным, противовоспалительным, лёгким потогонным, иммуномодулирующим свойством. Придаёт энергии и силы не только ребёнку, но и взрослому . Вкусный и полезный напиток незаменим для профилактики и во время простуды! Способ приготовления на 1 человека: 1 стакан смеси положить в термос и заварить 1 л подогретой до 80 градусов сырой воды. Настоять ночь в закрытом термосе. Пить в течении дня произвольно без дополнительного подогрева."
"p383","Травы","Красная щётка корневища","30 г","2386",,"пакеты","Россия","24 месяца","4690324020417","","35","False","krasnaya-shchetka-kornevishcha","https://firebasestorage.googleapis.com/v0/b/travnik-5cc55.firebasestorage.app/o/products%2Fkrasnaya-shchetka-kornevishcha.jpg?alt=media&token=aa866a5a-b00b-482f-9aca-a9e0e0f4443d","https://www.flip.kz/catalog?prod=3118226",,"1-2 ст. л. сырья залить 0,2-0,3 л воды, довести до кипения, потомить 3-4 мин, настоять до остывания, процедить. Принимать по 1/3-1/4 от полученного объема 3-4 раза в день до еды.","Красная щётка корневища  Красная щетка — лекарственное растение семейства толстянковых. Является сильным иммуномодулятором. Применяется при гинекологических заболеваниях, смягчает менструальные недомогания. При регулярном приеме устраняет эндокринные нарушения, эрозии, миомы, эндометриоз, кистоз, мастопатию, гормональные нарушения . По литературным данным применяются при гинекологических заболеваниях (эрозии, эндометриоз, миомы, дисфункциональные кровотечения), эндокринные нарушения и заболевания щитовидной железы; как противовоспалительное, адаптогенное, регулирующее обмен веществ средство ."
"p384","Чайные напитки","Тибетский рецепт молодости","200 г","5758",,,"Россия","24 месяца","4610002412891","","4","False","tibetskii-retsept-molodosti","https://firebasestorage.googleapis.com/v0/b/travnik-5cc55.firebasestorage.app/o/products%2Ftibetskii-retsept-molodosti.jpg?alt=media&token=c120fb55-344e-4eee-98ac-d10df2e759d3","https://www.flip.kz/catalog?prod=3118238",,"содержимое перемешать в однородное состояние: 1 ст. л. сбора залить 0,3-0,4 л кипятка, настоять 1 час при комнатной температуре. Принимать по ½ от полученного объема 2 раза в первой половине дня, каждую порцию процеживая через ситечко. При приеме добавлять по 1 ч. л. меда . Минимальный курс приема: от 1-2 месяцев до полугода. Прием целесообразно повторять несколько раз в год, особенно в осенне-весенний период.","Тибетский рецепт молодости  Рекомендован при астении, депрессии, пониженной сопротивляемости организма к простудным заболеваниям, слабости работы внутренних органов, прежде всего печени, почек и желудка; как эффективное антистрессовое, иммуностимулирующее, желчегонное, гепатопротекторное, мочегонное, улучшающее пищеварение средство ."
"p385","Травы","Фиточай Цистанхе (женьшень пустыни, корень сунгыла)","100 г","3700",,"молотый","Казахстан","36 месяцев","4870201430014","","0","False","fitochai-tsistankhe-zhenshen-pustyni-koren-sungyla","https://firebasestorage.googleapis.com/v0/b/travnik-5cc55.firebasestorage.app/o/products%2Ffitochai-tsistankhe-zhenshen-pustyni-koren-sungyla.jpg?alt=media&token=e3a7af49-a22e-4e9c-a619-bab84b6ada17","https://www.flip.kz/catalog?prod=3118419",".",,"Фиточай Цистанхе (женьшень пустыни, корень сунгыла)  Цистанхе — корень женьшень пустыни. Растение обладает большой иммуномодулирующей активностью. Это поистине «женьшень пустыни». Лечебные свойства Цистанхе уже более 2000 лет известны в народной медицине многих восточных стран . В китайской и арабской народной медицине отвар из травы Цистанхе применяют как мощный афродизиак при половом бессилии мужчин, фригидности, бесплодии, истощении, общей слабости, при склонности к запорам . Цистанхе окажет пользу при воспалениях органов мочеполовой системы, при нефритах, пиелонефритах, циститах, мочекаменной болезни . Отвар Цистанхе снимает отечность, избавляет от боли, помогает при нарушениях в системе кровообращения. Цистанхе очень эффективна при нефрогенной артериальной гипертензии, улучшает когнитивные функции (концентрацию внимания и умственную активность), обладает общим тонизирующим действием, активирует иммунную систему и повышает тонус сосудов . Цистанхе обладает..."
"p386","Травы","Паслён сладко-горький, трава","50 г","971",,,"Россия","24 месяца","4690324007777","","4","False","paslen-sladko-gorkii-trava","https://firebasestorage.googleapis.com/v0/b/travnik-5cc55.firebasestorage.app/o/products%2Fpaslen-sladko-gorkii-trava.jpg?alt=media&token=18eb532b-56e1-4cb0-8b13-5ea64febba1a","https://www.flip.kz/catalog?prod=3118474",,"1-2 ч. л. травы залить 0,2 — 0,3 л кипятка, настоять 1 час при комнатной температуре. Принимать по 1/3 от полученного объема 3 раза в день, каждую порцию процеживая через ситечко.","Паслён сладко-горький, трава  Применяется при пневмонии, бронхиальной астме, туберкулезе легких, грибковых поражениях кожи, псориазе, дерматите, эпилепсии, гельминтозе, злокачественные заболевания крови, лейкозе; как кровоочищающее средство ."
"p387","Травы","Подушка успокаивающая","","3981",,,"Россия",,"4690324002857","","23","False","podushka-uspokaivayushchaya","https://firebasestorage.googleapis.com/v0/b/travnik-5cc55.firebasestorage.app/o/products%2Fpodushka-uspokaivayushchaya.jpg?alt=media&token=6d919841-d36a-43ff-a767-935cf2d8b3eb","https://www.flip.kz/catalog?prod=3118557",,,"Подушка успокаивающая  Цвет товара в ассортименте, без возможности выбора. Успокаивает, стабилизирует давление, нормализует сон, снимает усталость и раздражение ‍. Подушку положить рядом с собой во время сна. Если травяной запах по какой-либо причине Вам дискомфортен, накройте травяную подушку обычной или разместите её на некотором расстоянии от себя. Размер подушки — 25×25 см."
"p388","Полезное питание","Протеин-фито","120 г","3439",,"порошкообразный","Россия","24 месяца","4690324019848","","10","False","protein-fito","https://firebasestorage.googleapis.com/v0/b/travnik-5cc55.firebasestorage.app/o/products%2Fprotein-fito.jpg?alt=media&token=5fdbe267-c3a3-49d8-b483-505a303553fe","https://www.flip.kz/catalog?prod=3118577",,"по 1 ч. л. — 1 ст. л. 3-5 раз в день непосредственно перед едой, запивая теплой сырой водой. Не смешивать с углеводами и белками животного происхождения!","Протеин-фито  Растительный белок 100%. Рекомендован при пониженном содержании общего белка в крови (менее 65-70 г/л) по различным причинам (при состояниях после удаления желудка, заболеваниях желудка, потери крови, в том числе при обильных месячных, при ферментативной недостаточности поджелудочной железы и кишечника), вегетарианцам и веганам . Всем желающим нормализовать или повысить свою физическую работоспособность и достигнуть гормонального баланса . Минимальный курс приема: рекомендуется принимать длительно."
"p389","Полезное питание","Сбитень «Прохлада»","80 г","3077",,"порошкообразный","Россия","24 месяца","4690324007555","","10","False","sbiten-prokhlada","https://firebasestorage.googleapis.com/v0/b/travnik-5cc55.firebasestorage.app/o/products%2Fsbiten-prokhlada.jpg?alt=media&token=03f2990b-75e0-49f6-9843-4a9acf352f1d","https://www.flip.kz/catalog?prod=3118585",,"1 ст. л. залить 0,5 л кипятка, настоять 1 час. Процедить. Добавить мёд по вкусу. Принимать в течение дня произвольными порциями. Минимальный курс приема: в жаркую погоду вместо чая.","Сбитень «Прохлада»  Эффективен для тех, кто сильно потеет (гипергидроз), испытывает ощущения «варености», разбитости, вялости, слабости; при непродуктивном сне, не приносящем бодрости и свежести . Укрепляет нервную систему, добавляет физических сил и улучшает настроение ."
"p390","Полезное питание","Сбитень «Согревающий»","90 г","3619",,"порошкообразный","Россия","24 месяца","4690324006992","","1","False","sbiten-sogrevayushchii","https://firebasestorage.googleapis.com/v0/b/travnik-5cc55.firebasestorage.app/o/products%2Fsbiten-sogrevayushchii.jpg?alt=media&token=1be78757-861d-48f2-b282-fb26767a6e88","https://www.flip.kz/catalog?prod=3118593",,"1 ст. л. залить 0,5 л кипятка, настоять 1 час. Процедить. Добавить мёд по вкусу. Принимать в теплом виде в течение дня произвольными порциями. Минимальный курс приема: 1-5 дней и более.","Сбитень «Согревающий»  Рекомендован при предпростудных состояниях (зябкости, ознобе, ломоте тела, слабости) в качестве антимикробного, общеукрепляющего, противовоспалительного, тонизирующего, профилактического средства со свойствами «внутреннего обогревателя органов» . Во время простуды рекомендуется дополнительно принимать напитки чайные «Гриппу-стоп», «Зимний жаропонижающий», «Голова без слез»."
"p391","Фитосвечи","Свечи при сухости влагалища «Женский комфорт» № 2 Крауроз","10 шт.","5248",,,"Россия","24 месяца","4690324016717","","2","False","svechi-pri-sukhosti-vlagalishcha-zhenskii-komfort-2-krauroz","https://firebasestorage.googleapis.com/v0/b/travnik-5cc55.firebasestorage.app/o/products%2Fsvechi-pri-sukhosti-vlagalishcha-zhenskii-komfort-2-krauroz.jpg?alt=media&token=fb7e2fa8-4cd4-472c-9ffe-17ebfced946a","https://www.flip.kz/catalog?prod=3118597",,"отрезать кончик шприца и при помощи шприца ввести вагинально внутреннее содержимое на ночь в положении лежа . Особенности применения: непосредственно перед применением подержать 1 час при комнатной температуре. Противопоказания: индивидуальная непереносимость.","Свечи Женский комфорт № 2 Крауроз, при сухости влагалища  При возрастном атрофии, дискомфорте (краурозах), зуде, сухости кожи, потери эластичности и легкой травматизации кожных покровов наружных половых органов."
"p392","Фитосвечи","Свечи гинекологические «Женский комфорт» №1","10 шт.","5080",,,"Россия","24 месяца","4690324016632","",,"False","svechi-ginekologicheskie-zhenskii-komfort-1","https://firebasestorage.googleapis.com/v0/b/travnik-5cc55.firebasestorage.app/o/products%2Fsvechi-ginekologicheskie-zhenskii-komfort-1.jpg?alt=media&token=67c8c6a6-d35e-4866-988a-b87c76c38e4e","https://www.flip.kz/catalog?prod=3118617",,"Ввести вагинально внутреннее содержимое на ночь . Рекомендуется применять в сочетании с напитком чайным ""Женщина здоровая"". Минимальный курс приема: 14-20 дней. Противопоказания: индивидуальная непереносимость.","Свечи Женский комфорт № 1, гинекологические  Применяются при воспалительных заболеваниях женской половой сферы (аднекситы, эндометриты, лейкоплакия и др.), возрастных изменениях (краурозы)."
"p393","Фитосвечи","Свечи «Женский комфорт» №4, при вагинозе","10 шт.","5248",,,"Россия","24 месяца","4690324016731","","6","False","svechi-zhenskii-komfort-4-pri-vaginoze","https://firebasestorage.googleapis.com/v0/b/travnik-5cc55.firebasestorage.app/o/products%2Fsvechi-zhenskii-komfort-4-pri-vaginoze.jpg?alt=media&token=0a8f24a3-e426-4ea2-adee-b15033da1dbe","https://www.flip.kz/catalog?prod=3118638",,"ввести вагинально внутреннее содержимое на ночь в положении лежа . Минимальный курс приема: 10 дней.","Свечи Женский комфорт № 4, при вагинозе  Входящие в состав свечей экстракты трав применяются при бактериальном вагинозе; так же рекомендуется применение свечей для нормализации микрофлоры влагалища после лечения антибиотиков."
"p394","Травяные сборы 100 г","Сбор травяной «Красивая фигура»","100 г","2057",,,"Россия","24 месяца","4690324018797","","21","False","sbor-travyanoi-krasivaya-figura","https://firebasestorage.googleapis.com/v0/b/travnik-5cc55.firebasestorage.app/o/products%2Fsbor-travyanoi-krasivaya-figura.jpg?alt=media&token=206f6483-0786-4c35-a010-fce16f50c7d1","https://www.flip.kz/catalog?prod=3136245",,,"Сбор травяной «Красивая фигура»  Основные показания: склонность к избыточному весу, ожирение эндокринного генеза, повышенный аппетит(булимия). Ускоряет углеводно-жировой обмен, оказывает мягкое желчегонное действие, повышает общий тонус, способствует нормализации гормонального фона, как у мужчин, так и женщин . Растворяет имеющиеся излишние жировые отложения и предупреждает формирование новых . Способ приготовления: 1-2 ст.л. сырья залить 0,2-0,3 л кипятка, настоять 1 час при комнатной температуре. Принимать по 1/3 от полученного объема 3 раза в день, каждую порцию процеживая через ситечко."
"p395","Травяные сборы 100 г","Сбор травяной «Суставы здоровые», Антиартроз","100 г","2057",,"листовой","Россия","24 месяца","4690324018704","","8","False","sbor-travyanoi-sustavy-zdorovye-antiartroz","https://firebasestorage.googleapis.com/v0/b/travnik-5cc55.firebasestorage.app/o/products%2Fsbor-travyanoi-sustavy-zdorovye-antiartroz.jpg?alt=media&token=13b0545a-2e2a-4344-a2f5-31b873d52a4f","https://www.flip.kz/catalog?prod=3136265",,"1-2 ст. л. сырья залить 0,2-0,3 л воды, довести до кипения потомить 3-4 мин, настоять до остывания, процедить, отжать. Принимать по 1/3-1/4 от полученного объема 3-4 раза в день до еды. Минимальный курс приема: 1-3 месяца (после каждого месяца приема перерыв в 7-10 дней). Во время перерыва применяются чаи, способствующие нормализации минерального обмена веществ. Рекомендуется локально наносить «Мазь с сабельником».","Сбор травяной «Суставы здоровые», Антиартроз  Рекомендован при: тугоподвижности суставов, ограниченности движений в них, хрусте, боли при движении, шипах, шпорах; в качестве солерастворяющего и выводящего, противовоспалительного, обезболивающего, способствующего нормализации минерального обмена веществ средства ."
"p396","Полезное питание","Льняная мука (размолотое семя льна)","100 г","1991",,,"Россия","12 месяцев","4690324020837","","12","False","lnyanaya-muka-razmolotoe-semya-lna","https://firebasestorage.googleapis.com/v0/b/travnik-5cc55.firebasestorage.app/o/products%2Flnyanaya-muka-razmolotoe-semya-lna.jpg?alt=media&token=7a884eb5-8d10-4f1e-9f02-fca65acb1bb1","https://www.flip.kz/catalog?prod=3171499",,"1-2 ст. ложки добавлять в каши. Противопоказания: индивидуальная непереносимость.","Льняная мука(размолотое семя льна)  Назначение: при атеросклерозе, источник полинасыщенных кислот, для ЖКТ, профилактика сердечно-сосудистых заболеваний, слабительный, улучшает микрофлору ЖКТ, для нормализации веса ."
"p397","Травяные сборы 100 г","Сбор травяной «Кровь без тромбов»","100 г","2057",,"листовой","Россия","24 месяца","4690324018735","","8","False","sbor-travyanoi-krov-bez-trombov","https://firebasestorage.googleapis.com/v0/b/travnik-5cc55.firebasestorage.app/o/products%2Fsbor-travyanoi-krov-bez-trombov.jpg?alt=media&token=ffa0b15b-c99b-4388-a5f5-b129b2008120","https://www.flip.kz/catalog?prod=3171895",,"1-2 ст. л. сырья залить 0,2-0,3 л кипятка, настоять 1 час при комнатной температуре. Принимать по 1/3 от полученного объема 3 раза в день, каждую порцию процеживая через ситечко. Минимальный курс приема: 1-2 месяца. Повторять курс 3-4 раза в год, делая между ними перерывы в 10-12 дней.","Сбор травяной «Кровь без тромбов»  При повышенной свертываемости крови; в качестве эффективного «кроворазжижающего» средства. Совершенно безопасны для слизистой оболочки желудка и кишечника (т.к. действующие вещества — кумарины и природные салицилаты) ."
"p398","Травяные сборы 100 г","Сбор травяной «При глаукоме»","50 г","1152",,"листовой","Россия","24 месяца","4690324009801","","9","False","sbor-travyanoi-pri-glaukome","https://firebasestorage.googleapis.com/v0/b/travnik-5cc55.firebasestorage.app/o/products%2Fsbor-travyanoi-pri-glaukome.jpg?alt=media&token=15e953ab-fb2b-441f-a16f-6146c35e84cd","https://www.flip.kz/catalog?prod=3172115",,"1 ст.л на 200 мл кипятка, настоять 1 час при комнатной температуре. Процедить. Принимать по 1/3 стакана 3 раза в день за 10-15 минут до еды. Минимальный курс приема: от 1-2 месяцев. Рекомендуется чередовать с чайными напитками «Прохлада» летом и «Благодать» в иные сезоны.","Сбор травяной «При глаукоме»  Назначение: при повышенном внутриглазном давлении, тяжести в лобной части головы, давлении на глаза изнутри; в качестве средства, регулирующего ликвор (общую и местную гидроцефалию) ."
"p399","Травяные сборы 100 г","Сбор травяной «Нервы в норме»","100 г","2057",,"листовой","Россия","24 месяца","4690324018513","","9","False","sbor-travyanoi-nervy-v-norme","https://firebasestorage.googleapis.com/v0/b/travnik-5cc55.firebasestorage.app/o/products%2Fsbor-travyanoi-nervy-v-norme.jpg?alt=media&token=f45e62b2-4316-46b6-8b30-d9ffd49fca71","https://www.flip.kz/catalog?prod=3172140","Березы, ландыша листья; валерианы корни; володушки, горца почечуйного, гречихи, иссопа, дербенника, душицы, ежевики, золотарника, зюзника, иван-чая, клевера, мяты, первоцвета, пустырника, синеголовника, таволги, татарника, чернобыльника трава; ели хвоя.",,"Применяется: при стрессах ‍, неврозах , неврогенных головных болях  и бессоннице . Обладает выраженным успокаивающим действием , способствует восстановлению сна и снижению нервного напряжения  Способ приготовления и применения: 1–2 ст.л. сбора залить 0,2–0,3 л кипятка , настоять 1 час при комнатной температуре, процедить. Принимать по 1/3 от полученного объема 3 раза в день за 10–15 минут до еды. Особенности применения: беременным применять в малых дозировках . При появлении дневной сонливости  принимать только перед сном или уменьшить дозировку. Минимальный курс приема: от нескольких дней до 1–2 месяцев."
"p400","Травяные сборы 100 г","Сбор травяной «В бане и в сауне»","100 г","1152",,"листовой","Россия","24 месяца","4690324009511","","6","False","sbor-travyanoi-v-bane-i-v-saune","https://firebasestorage.googleapis.com/v0/b/travnik-5cc55.firebasestorage.app/o/products%2Fsbor-travyanoi-v-bane-i-v-saune.jpg?alt=media&token=0368d3e0-ddd7-441f-9683-a2291b001735","https://www.flip.kz/catalog?prod=3172168",,,"Назначение: при плохой переносимости жары и пара — сердцебиении и головной боли ‍ Способствует стабилизации работы сердца и улучшению потоотделения  Помогает очищению кожи и делает банные процедуры более комфортными  Способ приготовления и применения: 1–5 ст.л. заварить на 200–700 мл кипятка, настоять 30–45 мин, пить в течение отдыха до и между прогреваниями. Минимальный курс лечения: можно применять регулярно при каждом посещении бани"
"p401","Разное","Глина коричневая для ухода за кожей лица","200 г","1415",,,"Россия","не ограничен","4690324022800","","5","False","glina-korichnevaya-dlya-ukhoda-za-kozhei-litsa","https://firebasestorage.googleapis.com/v0/b/travnik-5cc55.firebasestorage.app/o/products%2Fglina-korichnevaya-dlya-ukhoda-za-kozhei-litsa.jpg?alt=media&token=d7156663-e8dd-42d6-8cfa-08cae8e8e657","https://www.flip.kz/catalog?prod=3172421",,,"Глина коричневая косметическая «Травник Гордеев» 200г — омоложение, детокс и лимфодренаж Коричневая глина от Фитоцентра Гордеева — это 100% натуральное средство для глубокого очищения, тонизирования и видимого омоложения кожи. Уникальный минеральный состав глины разработан природой для бережного ухода за уставшей, сухой и теряющей тонус кожей лица и тела. Эффект и польза для вашей кожи: Лимфодренаж и борьба с отеками: Эффективно стимулирует лимфоотток, быстро уменьшает утреннюю отечность и пастозность лица, возвращая четкие контуры. Глубокое очищение и сужение пор: Как природный магнит вытягивает токсины и загрязнения, ликвидирует черные точки и заметно стягивает поры. Интенсивное увлажнение и тонус: В отличие от других видов глины, коричневая идеально подходит для сухой кожи, насыщая ее влагой, устраняя шелушения и придавая здоровый блеск. Лифтинг и омоложение: Активизирует микроциркуляцию, разглаживает..."
"p402","Бальзамы питьевые","Экстракт восковой моли «Золотая бабочка» (огневка)","100 мл","7403",,"сироп","Россия","12 месяцев","4603785226441","","58","False","ekstrakt-voskovoi-moli-zolotaya-babochka-ognevka","https://firebasestorage.googleapis.com/v0/b/travnik-5cc55.firebasestorage.app/o/products%2Fekstrakt-voskovoi-moli-zolotaya-babochka-ognevka.jpg?alt=media&token=d479c8a3-664b-40e9-964b-54f821be8ebe","https://www.flip.kz/catalog?prod=3175137","Экстракт огневки пчелиной 30%, экстракт прополиса, глицерин пищевой, вода питьевая очищенная.","•...","Экстракт восковой моли «Золотая бабочка» (огневка) Женское здоровье: улучшает циркуляцию крови, балансирует обмен веществ, повышает уровень гемоглобина, активизирует выработку эстрогена . Применяется при бесплодии и токсикозах. Мужское здоровье: снижает риск развития бесплодия, увеличивает подвижность сперматозоидов , способствует эффективному лечению аденомы простаты. Органы дыхания: улучшает дренажную функцию бронхов, эффективен при грибковых заболеваниях легких и при лечении туберкулезной патологии . Применяется при бронхите, бронхиальной астме, аллергии, пневмонии. Заболевания желудочно кишечного тракта: при гастрите, язвенной болезни, дискинезии желчно выводящих путей, дисбактериозе, заболеваниях печени, изжоги, вздутии живота . Предотвращает образование рубцов на месте язвы. Сердечно-сосудистые заболевания: при стенокардии, хронической коронарной недостаточности, уменьшает одышку . Помогает при лечении тромбофлебита и закупорки вен."
"p403","Мази и кремы","Мазь от гайморита, отита, ангины «Рождественская»","0.40 г","2715",,,"Россия","12 месяцев","4603785226281","","13","False","maz-ot-gaimorita-otita-anginy-rozhdestvenskaya","https://firebasestorage.googleapis.com/v0/b/travnik-5cc55.firebasestorage.app/o/products%2Fmaz-ot-gaimorita-otita-anginy-rozhdestvenskaya.jpg?alt=media&token=547337e7-f520-47e8-80ae-18bd0f7579ce","https://www.flip.kz/catalog?prod=3175202","Масло растительное, дейтоплазма (желток), воск.",,"Мазь противовоспалительная «Рождественская» Гайморит. Растопленной в столовой ложке и тут же набранной в пипетку мазью закапывают нос при самых страшных гайморитах. Чтобы она не застыла, все делайте быстро. Достаточно закапать мазью нос раза два с интервалом между закапываниями в один час, и можно избавиться даже от месячного гайморита . Можно сделать турундочки вместо капель. Мазь пробивает гайморовы пазухи и тянет на себя гной с громадной силой! Гнойные отиты. Скрутить жгутик из ватки и вставить в ухо. По мере надобности менять жгутик, одновременно смазывать мазью за ухом. Мазь тянет на себя гной с громадной силой . Так можно лечить все отиты, не только гнойные. Нарывы в горле, абсцессы в горле, гнойная ангина. При первых симптомах воспаления горла, нужно проглотить кусочек мази с горошину величиной. Если уже при болезни, то смазывать мазью горло, прикладывать компресс на область шеи. Если проделать все это с вечера, каждый час повторяя процедуру, то к утру нарыв прорвет...."
"p404","Разное","Капли для носа «Капля»","15 мл","2961",,,"Россия","18 месяцев","4603785226076","","0","False","kapli-dlya-nosa-kaplya","https://firebasestorage.googleapis.com/v0/b/travnik-5cc55.firebasestorage.app/o/products%2Fkapli-dlya-nosa-kaplya.jpg?alt=media&token=c6a4a64d-f335-4e8f-bd3c-0d7c3e3dd4b3","https://www.flip.kz/catalog?prod=3175247",,,"Капли для носа «Капля» Простудный насморк: Весьма неприятным симптомом сезонной простуды является насморк. Вы наверняка встречали в своей жизни людей, которые постоянно «сидят» на аптечных каплях, например, «Нафтизине». По их утверждениям, нормально дышать без аптечного препарата они уже не могут. Это и не удивительно, самые распространенные аптечные капли вызывают привыкание. Чтобы этого не произошло, насморк нужно вовремя лечить, особенно это касается детей. Капли прополиса – идеальное средство от насморка любой сложности, в том числе и у детей . Закапывать в нос 3-4 раза в день по 1-2 капли детям до 10 лет и 4-5 раза в день по 3-4 капли взрослым, в каждую ноздрю. Гайморит: А это опасное заболевание, как раз следствие не вылеченного насморка. Прополисные капли дают отличный результат при гайморите, когда не помогают антибиотики и сульфаниламидные препараты . Закапывать прополис в нос 4-5 раз в день по 2-3 капли детям до 10 лет и 5-6 раз в день по 4-5 капель..."
"p405","Мази и кремы","Мазь от псориаза «Сила Кедра»","100 мл","7498",,,"Россия","12 месяцев",,"",,"False","maz-ot-psoriaza-sila-kedra","https://firebasestorage.googleapis.com/v0/b/travnik-5cc55.firebasestorage.app/o/products%2Fmaz-ot-psoriaza-sila-kedra.jpg?alt=media&token=b11cd998-0753-42e8-87c0-f75b62cd7b9a","https://www.flip.kz/catalog?prod=3175262",,,"Крем-бальзам «Сила кедра» для проблемной кожи — регенерация, детокс и помощь при псориазе, экземе и дерматитах Натуральный крем-бальзам «Сила кедра» от Фитоцентра Гордеева — это мощное регенерирующее и защитное средство для сухой, поврежденной и проблемной кожи. Уникальная формула на основе кедровой живицы, пчелиного воска и комплекса целебных трав создана для глубокого питания, интенсивного увлажнения и быстрого заживления тканей даже при тяжелых и хронических кожных патологиях. Инновационный механизм действия и польза: Эффективная борьба с псориазом: Крем-бальзам активно размягчает и устраняет шелушение, помогая избавиться от ороговевших бляшек независимо от степени выраженности процесса. Глубокое пролонгированное увлажнение: За счет плотной текстуры компоненты удерживаются на коже длительное время, насыщая клетки влагой и создавая защитный гидрофобный барьер против инфекций. Антибактериальный и противовирусный..."
"p406","Мази и кремы","Мазь от полипов в носу и пяточной шпоры «Акация»","100 мл","6462",,,"Россия","12 месяцев","4603785226458","",,"False","maz-ot-polipov-v-nosu-i-pyatochnoi-shpory-akatsiya","https://firebasestorage.googleapis.com/v0/b/travnik-5cc55.firebasestorage.app/o/products%2Fmaz-ot-polipov-v-nosu-i-pyatochnoi-shpory-akatsiya.jpg?alt=media&token=23951905-f2da-44eb-8e03-6e8602d7e98e","https://www.flip.kz/catalog?prod=3175279",,,"Крем-бальзам «Чистотел и Акация» — эффективное средство от полипов, варикоза и тромбофлебита Натуральный крем-бальзам от Фитоцентра Гордеева — это узкоспециализированный регенерирующий комплекс, разработанный для безоперационного рассасывания полипов на слизистых оболочках, а также для восстановления тонуса вен при варикозном расширении. Благодаря уникальной эмульсионной основе, крем длительное время удерживается на влажной слизистой носа и глубоко проникает в ткани, обеспечивая максимальный локальный эффект. Инновационный механизм действия и польза: Безоперационное удаление полипов: Мощный тандем белой акации и чистотела содержит природные алкалоиды и флавоноиды, которые точечно воздействуют на патологические клетки, способствуя рассасыванию доброкачественных новообразований в носу и гайморовых пазухах. Онкопротекторная защита и антиоксидантный барьер: Органические кислоты и сапонины предотвращают перерождение клеток,..."
"p407","Чайные напитки","Напиток чайный «Шиповника плоды» витаминный","20 шт.","1465",,"пакетированный","Россия","24 месяца","4690324012269","","36","False","napitok-chainyi-shipovnika-plody-vitaminnyi","https://firebasestorage.googleapis.com/v0/b/travnik-5cc55.firebasestorage.app/o/products%2Fnapitok-chainyi-shipovnika-plody-vitaminnyi.jpg?alt=media&token=f2329157-7985-4657-b7ee-007bc10431f0","https://www.flip.kz/catalog?prod=3188544",,,"Напиток чайный «Шиповника плоды»  Применяется при: гипо-, авитаминозе, снижении иммунитета , инфекционных заболеваниях, малокровии, болезнях печени, почек; как поливитаминное, общеукрепляющее, желчегонное, мочегонное, сосудо-укрепляющее средство, повышает сопротивляемость организма . Способ приготовления и применения: 1-2 фильтр-пакета залить 0,2 л кипятка, настоять 1 час при комнатной температуре, отжать . Принимать по 1/3 от полученного объема 3 раза в день. Приготовленный настой хранить в прохладном месте, не более 2-х суток. Противопоказания: Индивидуальная непереносимость компонентов. При наличии камней в желчном пузыре или почках применять с осторожностью после консультации с врачом."
"p408","Бальзамы питьевые","Бальзам «Противоопухолевый»","200 мл","4837",,,"Россия","24 месяца","4603785226236","","98","False","balzam-protivoopukholevyi","https://firebasestorage.googleapis.com/v0/b/travnik-5cc55.firebasestorage.app/o/products%2Fbalzam-protivoopukholevyi.jpg?alt=media&token=7fbfa896-85ff-4735-af7c-986adadc9b11","https://www.flip.kz/catalog?prod=3210835",,,"Бальзам «Противоопухолевый»  При онкологических заболеваниях комплексная терапия — не просто оптимальный подход, это обязательное требование. Химиотерапия призвана разбить опухоль и уничтожить раковые клетки, операция — удалить повреждённый орган, чтобы метастазы не пошли дальше. А травяные сборы должны помочь измученному организму восстановиться, и самому бороться со злокачественными клетками . Показания к применению: • для профилактики и задержки роста раковых опухолей и метастазов ; • выводит токсины, обладает гепатопротекторным, очищающим и общеукрепляющим действием, • повышает иммунитет ; • так же идёт активное насыщение витаминами и микроэлементами. Тем самым облегчает состояние больного при химио — лучевой терапии, обладает противовоспалительным действием; • способствует рассасыванию и препятствует возникновению полипов; • улучшает состояние пациента при любом расположении опухолей в теле; • оказывает рассасывающее действие общей направленности, препятствует..."
"p409","Бальзамы питьевые","Бальзам «Иммунитетный»","200 мл","5347",,,"Россия","24 месяца","4603785226250","","29","False","balzam-immunitetnyi","https://firebasestorage.googleapis.com/v0/b/travnik-5cc55.firebasestorage.app/o/products%2Fbalzam-immunitetnyi.jpg?alt=media&token=247ef825-6eaa-4c1f-9aee-ca77a369946a","https://www.flip.kz/catalog?prod=3210910",,,"Бальзам «Иммунитетный»  Это способ защиты организма от действия различных веществ и организмов, вызывающих деструкцию его клеток и тканей, характеризующийся изменением функциональной активности преимущественно иммуноцитов с целью поддержания гомеостаза внутренней среды. Бальзам является мощным иммуностимулятором и противовирусным препаратом . Повышает защитные силы и сопротивляемость организма к различным заболеваниям. Бальзам обладает выраженным восстанавливающим эффектом на организм в целом, усиливает регенерационные процессы мягких и костных тканей. Способствует восстановлению и укреплению иммунитета, повышает сопротивляемость к инфекционным и простудным заболеваниям , улучшает умственную и физическую работоспособность организма. Рекомендуется применять в качестве общеукрепляющего и иммуномодулирующего средства. Способствует быстрому восстановлению ослабленного иммунитета, повышает устойчивость к простудным и инфекционным заболеваниям . Бальзам помогает нормализовать..."
"p410","Бальзамы питьевые","Бальзам «Преображение»","550 мл","3554",,,"Россия","24 месяца","4690324021032","","8","False","balzam-preobrazhenie","https://firebasestorage.googleapis.com/v0/b/travnik-5cc55.firebasestorage.app/o/products%2Fbalzam-preobrazhenie.jpg?alt=media&token=3831507a-2f24-4969-98e3-adb6b7bb495f","https://www.flip.kz/catalog?prod=3211185",,,"Бальзам «Преображение»  Бальзам травника Гордеева. Эксклюзивное комплексное средство для восстановления организма после тяжёлых заболеваний, стрессов и для профилактики. Для бодрости на каждый день!  Помогает организму восстановить работу всех органов, в первую очередь надпочечников, нормализовать работу канала жизненной энергии , а также укрепить органы нейроэндокринной системы (гипоталамо-гипофизарной системы, щитовидной, поджелудочной желез и других). Способствует преодолению апатии и вялости, помогает стать энергичным и бодрым, устраняет вегетососудистую дистонию всех типов, восстанавливает кровообращение во внутренних органах и работу биологических часов ; стабилизирует психоэмоциональный статус . Укрепляет сосуды, очищает кровь от слизи, продуктов неполного пищеварения, жидкости, способствует восстановлению естественной бактериальной флоры организма. Иммунокорректирующее и геронтологическое средство . Как принимать: взрослым 2-3 ст. л. бальзама развести в..."
"p411","Чайные напитки","Напиток чайный листовой «Иван чай» с душицей","100 г","3022",,"листовой","Россия","24 месяца","7930072080958","","0","False","napitok-chainyi-listovoi-ivan-chai-s-dushitsei","https://firebasestorage.googleapis.com/v0/b/travnik-5cc55.firebasestorage.app/o/products%2Fnapitok-chainyi-listovoi-ivan-chai-s-dushitsei.jpg?alt=media&token=c7319a5d-5497-4d5e-8440-ea2583d47595","https://www.flip.kz/catalog?prod=3211439",,,"Напиток чайный листовой «Иван чай» с душицей  Иван чай — лекарственное растение, издавна использующееся в народной медицине. Копорский чай — традиционный русский чай, упоминаемый в старорусских летописях с XII века 🇷🇺. Он поставлялся Россией во все страны Европы и был существенной статьей дохода государственного бюджета. Обладает приятным, чуть терпким вкусом с душистым цветочно-фруктовым ароматом, проясняет ум и укрепляет дух человека . Является источником витаминов В и С, макро- и микроэлементов (железа, меди, калия, марганца и др.). Рекомендован для повышения иммунитета и сопротивляемости различным инфекциям , улучшения обмена веществ, укрепления кровеносных сосудов, обладает антиоксидантной активностью, очищает организм при различных интоксикациях, повышает работоспособность. Чай с цветками душицы благотворно действует на организм, обладает успокаивающим, противовоспалительным действием . Действие: • противоопухолевое ; • противоотечное; • антисептическое ; •..."
"p412","Травы","Рябины красной плоды","100 г","1349",,,"Россия","24 месяца","4610002418329","","23","False","ryabiny-krasnoi-plody","https://firebasestorage.googleapis.com/v0/b/travnik-5cc55.firebasestorage.app/o/products%2Fryabiny-krasnoi-plody.jpg?alt=media&token=e5cabaa4-fd5d-4545-9f80-7edcb1be9322","https://www.flip.kz/catalog?prod=3211503",,,"Рябины красной плоды  Применяются при гипо- и авитаминозах, малокровии (анемии), атеросклерозе, нарушении мозгового кровообращения , гипоацидных гастритах, как поливитаминное, капилляроукрепляющее, антисклеротическое средство, нормализует обмен веществ . Способ приготовления и применения: 1-2 ст.л сырья залить 0,2-0,3 л воды, довести до кипения, потомить 3-4 мин, настоять до остывания, процедить."
"p413","Разное","Глина белая","200 г","1974",,,"Россия","не ограничен","4690324009030","","13","False","glina-belaya","https://firebasestorage.googleapis.com/v0/b/travnik-5cc55.firebasestorage.app/o/products%2Fglina-belaya.jpg?alt=media&token=40d763fe-be17-4f1b-9af9-53e913e34320","https://www.flip.kz/catalog?prod=3216197",,,"Глина белая  При дефиците костной массы, остеопорозе, кариесе и др. зубных заболеваниях , тонкости волос, слабости ногтей, слабых сосудах, низком иммунитете , аллергии, пониженной свертываемости крови, в качестве природного сорбента при отравлениях, вирусных инфекциях . Способ применения и приготовления: 1 ч.л. — 1 ст.л белой глины развести в 100 — 200 г воды, выпить глиняное молоко в 1-3 приема, один раз на ночь ."
"p414","Разное","Глина розовая","200 г","1728",,,"Россия","не ограничен","4690324021216","","6","False","glina-rozovaya","https://firebasestorage.googleapis.com/v0/b/travnik-5cc55.firebasestorage.app/o/products%2Fglina-rozovaya.jpg?alt=media&token=7e735997-d864-4ced-9e8d-aeef612755f8","https://www.flip.kz/catalog?prod=3216242","Глина розовая",,"Глина розовая  Наружно в виде аппликаций — при заболеваниях кожи (закупорка пор, прыщи, жирность лица) . Внутрь — при нарушении обмена веществ (остеопороз, остеопения, нарушение сердечного ритма, судороги), анемии, пониженном уровне ферритина . Обладает общеукрепляющим действием, снимает раздражение, улучшает кровообращение, бережно очищает чувствительную кожу, активизирует метаболические и регенерационные процессы . Содержит органические соединения железа, кремния, магния, кальция, цинка, аллюминия и другие. Развести тёплой водой до консистенции сметаны, нанести на чистую кожу. Дождаться высыхания аппликации, смыть. Внутрь — по 1-2 чайной ложки перед сном ."
"p415","Мази и кремы","Крем для рук и ногтей «Травушка-муравушка»","60 г","2402",,,"Россия","24 месяца","4690324020363","","9","False","krem-dlya-ruk-i-nogtei-travushka-muravushka","https://firebasestorage.googleapis.com/v0/b/travnik-5cc55.firebasestorage.app/o/products%2Fkrem-dlya-ruk-i-nogtei-travushka-muravushka.jpg?alt=media&token=7814cd05-f066-4431-8671-e216891fe3b6","https://www.flip.kz/catalog?prod=3216356",,"нанести крем на очищенную кожу рук легкими разглаживающими движениями.","Крем для рук и ногтей «Травушка-муравушка»  Активно увлажняет, смягчает и успокаивает кожу, восстанавливает эластичность, предотвращает образование сухости и трещин, придавая коже мягкость и здоровый вид . Эффективен при кожных раздражениях различного происхождения: шелушении, покраснении, трещинах, сухости . Ускоряет заживление, обладает бактерицидным и противовоспалительным действием ."
"p416","Уксусы","Уксус березовый","1.55 л","3258",,,"Россия","24 месяца","4690324018636","","1","False","uksus-berezovyi","https://firebasestorage.googleapis.com/v0/b/travnik-5cc55.firebasestorage.app/o/products%2Fuksus-berezovyi.jpg?alt=media&token=eb897425-76f5-4b88-839a-a73f1fedd1eb","https://www.flip.kz/catalog?prod=3216413",,,"Уксус березовый  Уксус берёзовый содержит комплекс биологически активных и минеральных веществ (соли калия, кремния, магния, серы, железа, меди, соединения кальция, фосфора, натрия), органические кислоты (уксусная, яблочная, лимонная, щавелево-уксусная), витамины А, С, Е, В . Уксус активизирует обмен веществ , снижает аппетит, ускоряет переваривание белков, жиров и углеводов, выводит шлаки, способствует нормализации веса . Уксус применяется для профилактики и оздоровления остеопороза, артритов, регуляции работы почек, пищеварительной системы, артериального давления и сердечного ритма  при всех возрастных изменениях организма. Ополаскивание волос с добавлением березового уксуса придает волосам силу, блеск , помогает избавиться от ломкости и перхоти. Об использовании уксуса в кулинарии знает каждый . Березовый уксус широко применяется в приготовлении маринадов, острых соусов и салатных заправок. Уксус также используется для маринования овощей и продуктов животного..."
"p417","Мази и кремы","Крем регенерирующий «Прополис»","60 г","2517",,,"Россия","36 месяцев","4690324020035","","18","False","krem-regeneriruyushchii-propolis","https://firebasestorage.googleapis.com/v0/b/travnik-5cc55.firebasestorage.app/o/products%2Fkrem-regeneriruyushchii-propolis.jpg?alt=media&token=08ac9817-c1af-4b27-9005-78c203572629","https://www.flip.kz/catalog?prod=3250650",,"Вечером наносить крем на очищенную кожу лица и шеи легкими разглаживающими движениями . Продолжительность применения от 2-3 месяцев до полугода. Положительный результат заметен уже через 2-3 недели оздоровления . При желании курс можно повторять несколько раз в год, делая между курсами перерывы в 1-2 месяца. Крем «Прополис» целесообразно чередовать с вечерними фитокремами аналогичного действия.","Крем «Прополис»  Приготовлен из натурального экологически чистого растительного сырья без консервантов, ароматизаторов и других синтетических добавок . Важной особенностью фитокрема является комплексное оздоровительное воздействие не только на кожу лица, но и опосредованно на весь организм в целом . Крем стимулирует процессы естественной регенерации кожи, которые замедляются с возрастом, с дополнительным тонизирующим и очищающим эффектом. Прополис является сильнейшим природным антисептиком ."
"p418","Чайные напитки","Чай «Русский традиционный» с иван-чаем, смородиной, мелиссой","100 г","3077",,,"Россия","24 месяца","4690324019251","","0","False","chai-russkii-traditsionnyi-s-ivan-chaem-smorodinoi-melissoi-2","https://firebasestorage.googleapis.com/v0/b/travnik-5cc55.firebasestorage.app/o/products%2Fchai-russkii-traditsionnyi-s-ivan-chaem-smorodinoi-melissoi-2.jpg?alt=media&token=53edcd6a-ec7f-4cf4-8917-8cd86c1d867d","https://www.flip.kz/catalog?prod=3255178",,"сполоснуть заварочный чайник горячей водой, насыпать чай из расчета 1 чайная ложка на чашку воды плюс 1 чайная ложка на чайник. Чайник тотчас же залить кипятком и настоять 5 минут.","Чай «Русский традиционный» с иван-чаем, смородиной, мелиссой  Главное в русском чаепитии — это атмосфера душевности, покоя и радости, возможность испить чаю в приятной компании . За чаем проходят семейные и дружеские посиделки, люди общаются, делятся сокровенным, радуются и просто отдыхают . Об особой роли чая в жизни русского человека говорят такие пословицы: «Где есть чай — там под елью рай», «Чай пьешь — 100 лет переживешь» . Русская традиция — это чай с лесными, горно-луговыми травами, ягодами и плодами . Чайный стол всегда был богат яствами: медом, пастилой, вареньем из ягод дикой клубники, земляники и малины."
"p419","Травы","Амаранта трава","50 г","576",,,"Россия","24 месяца","4610002413423","","0","False","amaranta-trava","https://firebasestorage.googleapis.com/v0/b/travnik-5cc55.firebasestorage.app/o/products%2Famaranta-trava.jpg?alt=media&token=a52f7a99-0699-4387-a0b5-8d278fcfa8ec","https://www.flip.kz/catalog?prod=3255220",,,"Амаранта трава  Обладает противовоспалительным, дезинфицирующим, мочегонным действием; при заболеваниях почек и мочевыводящих путей, колитах и энурезе (укрепляет стенки мочевого пузыря). Рекомендуется в народной медицине: при доброкачественных и злокачественных опухолях различной локализации  (как средство, сдерживающее рост, распространение злокачественных опухолей и способствующее их рассасыванию, для восстановления организма после химиотерапии); для снижения риска инфаркта миокарда и ишемической болезни сердца ; как средство, способствующее омоложению клеток, замедляющее процессы старения, защищающее организм от последствий радиоактивного излучения ; при различных желудочно-кишечных заболеваниях, инфекциях и расстройствах, панкреатите, заболеваниях почек, печени и сердца; при воспалительных процессах мочеполовой системы, гриппе, простуде, анемии, авитаминозах, упадке сил, головной боли, диабете, зобе, атеросклерозе, ожирении, неврозах, лучевой болезни, псориазе, различных..."
"p420","Чайные напитки","Копорский изысканный чай","50 г","3077",,,"Россия","24 месяца","4690324019367","","0","False","koporskii-izyskannyi-chai","https://firebasestorage.googleapis.com/v0/b/travnik-5cc55.firebasestorage.app/o/products%2Fkoporskii-izyskannyi-chai.jpg?alt=media&token=61a76939-7332-45de-8b8a-2cd4aa0f5a6f","https://www.flip.kz/catalog?prod=3255919",,,"Копорский изысканный чай  Копорский чай — традиционный русский чай, упоминаемый в старорусских летописях с XII века 🇷🇺. Он поставлялся Россией во все страны Европы и был существенной статьей дохода государственного бюджета. Обладает приятным, чуть терпким вкусом с душистым цветочно-фруктовым ароматом, проясняет ум и укрепляет дух человека . Является источником витаминов В и С, макро- и микроэлементов (железа, меди, калия, марганца и др.). Рекомендован для повышения иммунитета и сопротивляемости различным инфекциям , улучшения обмена веществ, укрепления кровеносных сосудов, обладает антиоксидантной активностью, очищает организм при различных интоксикациях, повышает работоспособность . Почки и листья смородины добавляют в чай свежесть и изысканный аромат и закрепляют поливитаминные и общеукрепляющие свойства. Способ приготовления: сполоснуть заварочный чайник горячей водой, насыпать чай из расчета 1 чайная ложка на чашку воды плюс 1 чайная ложка на чайник. Чайник тотчас же..."
"p421","Уксусы","Уксус березовый","500 мл","1761",,,"Россия","24 месяца","4690324018629","","22","False","uksus-berezovyi-2","https://firebasestorage.googleapis.com/v0/b/travnik-5cc55.firebasestorage.app/o/products%2Fuksus-berezovyi-2.jpg?alt=media&token=8f62c5d4-aa49-41d0-9386-3f8156811761","https://www.flip.kz/catalog?prod=3257221",,,"Уксус березовый  Уксус берёзовый содержит комплекс биологически активных и минеральных веществ (соли калия, кремния, магния, серы, железа, меди, соединения кальция, фосфора, натрия), органические кислоты (уксусная, яблочная, лимонная, щавелево-уксусная), витамины А, С, Е, В . Уксус активизирует обмен веществ , снижает аппетит, ускоряет переваривание белков, жиров и углеводов, выводит шлаки, способствует нормализации веса . Уксус применяется для профилактики и оздоровления остеопороза, артритов, регуляции работы почек, пищеварительной системы, артериального давления и сердечного ритма  при всех возрастных изменениях организма. Ополаскивание волос с добавлением березового уксуса придает волосам силу, блеск , помогает избавиться от ломкости и перхоти. Об использовании уксуса в кулинарии знает каждый . Березовый уксус широко применяется в приготовлении маринадов, острых соусов и салатных заправок. Уксус также используется для маринования овощей и продуктов животного..."
"p422","Уксусы","Уксус фруктово-ягодный из яблок, калины и аронии","550 мл","2715",,"жидкость","Россия","12 месяцев","4690324022923","","4","False","uksus-fruktovo-yagodnyi-iz-yablok-kaliny-i-aronii","https://firebasestorage.googleapis.com/v0/b/travnik-5cc55.firebasestorage.app/o/products%2Fuksus-fruktovo-yagodnyi-iz-yablok-kaliny-i-aronii.jpg?alt=media&token=66a3a128-4e32-4ac7-a002-1dbec472ef15","https://www.flip.kz/catalog?prod=3257475",,,"Уксус фруктово-ягодный из яблок, калины и аронии  Уникальный пищевой продукт используется для приготовления напитков, соусов и майонезов, для улучшения вкусов блюд, для заправки салатов и винегретов, для ферментирования белковых продуктов животного происхождения, для консервации . Полезное витаминное средство для улучшения пищеварения и при простудных заболеваниях . Рекомендуется для нормо- и гипертоников. Целебное наружное средство для протираний и компрессов при усталости в ногах, варикозном расширении вен, болезнях суставов, при повышенной температуре тела и др.  Уксус получен путем натуральной ферментации. После вскрытия хранить в темном месте не более 6 месяцев. Допускается выпадение незначительного осадка. Способ применения внутрь: развести от 1 ч.л. до 1-2 ст.л. уксуса в 50-200 мл теплой воды (по вкусу), принимать после приема белковой пищи. Противопоказания: индивидуальная непереносимость."
"p423","Таблетки и капсулы","Кордицепс военный «Premium Mix»","36 г","39000",,"капсулы","Казахстан","24 месяца","4871422000129","","0","False","korditseps-voennyi-premium-mix","https://firebasestorage.googleapis.com/v0/b/travnik-5cc55.firebasestorage.app/o/products%2Fkorditseps-voennyi-premium-mix.jpg?alt=media&token=7972f9c6-fff7-4573-ae34-b8d7672af6bc","https://www.flip.kz/catalog?prod=3305680",,,"Кордицепс военный «Premium Mix»  «Premium Mix» Экстракты плодовых тел и мицелия Cordycers Millitaris (Кордицепс военный) 85-99%. Ощутимое отличие от классических продуктов. В составе нашего микса концентратов: • из 42гр. молотого мицелия Кордицепс, после месячной экстракции получаем — 1гр. ценного экстракта Кордицепина; • из 35гр. измельченного плодового тела Кордицепс, после месячной экстракции собираем — Аргенин, полисахариды, бетта-д-глюканы и получаем 1гр. ценного экстракта ; • поливитамины А,В,С,D, и Е (100мг. в каждой капсуле); В упаковке содержится 60 капсул по 600мг: • 21гр. экстракта Кордицепин или 0,88кг молотого мицелия. • 9гр. экстракта или 0,31кг перемолотого гриба содержит от 85-99% чистейшего экстракта + поливитамины. Комплексные эффекты и действия на здоровье мозга и тела: увеличивает энергию, силу и выносливость ; поддерживает естественные метаболические системы организма; поддерживает здоровье мозга при старении ; способствует здоровой..."
"p424","Травы","Агарик. Лиственничная губка","100 г","2468",,,"Россия","24 месяца","4690324005001","","0","False","agarik-listvennichnaya-gubka","https://firebasestorage.googleapis.com/v0/b/travnik-5cc55.firebasestorage.app/o/products%2Fagarik-listvennichnaya-gubka.jpg?alt=media&token=d0f44ca4-edce-46d3-8a17-f6918f795d83","https://www.flip.kz/catalog?prod=3316961",,,"Агарик. Лиственничная губка  Применяются при эндокринных заболеваниях щитовидной железы (при ее избыточной функции – аутоиммунном тиреоидите, тиреотоксикозе), сахарном диабете в качестве нормализующего работу щитовидной железы и сахаропонижающего средства . Способ приготовления и применения: 1-2 столовые ложки сырья залить 0,2-0,3 литрами воды, довести до кипения, потомить 3-4 минуты, настоять до остывания, процедить. Принимать по 1/3 от полученного объема 3 раза в день до еды. Противопоказания: индивидуальная непереносимость."
"p425","Травы","Адамова корня. Тамуса обыкновенного корневища","50 г","2998",,,"Россия","12 месяцев","4690324004912","","0","False","adamova-kornya-tamusa-obyknovennogo-kornevishcha","https://firebasestorage.googleapis.com/v0/b/travnik-5cc55.firebasestorage.app/o/products%2Fadamova-kornya-tamusa-obyknovennogo-kornevishcha.jpg?alt=media&token=eeb54d75-8780-4cec-be05-20848cdbd6c7","https://www.flip.kz/catalog?prod=3316983",,,"Адамова корня. Тамуса обыкновенного корневища  Применяются при ревматизме, радикулите, остеохондрозе, полиартрите, других суставных болезнях. Способ приготовления и применения: внутрь 1 ч.л.-1/2 ст.л. корней залить 0,2-0,3 г кипятка, настоять 30 минут, процедить ⏳. Принимать по 1 ст. л. 3 раза. Растирать настойкой больные места на ночь и утеплить шерстяной одеждой . Противопоказания: индивидуальная непереносимость."
"p426","Травы","Адонис. Горицвет трава","50 г","839",,,"Россия","24 месяца","4610002413249","","18","False","adonis-goritsvet-trava","https://firebasestorage.googleapis.com/v0/b/travnik-5cc55.firebasestorage.app/o/products%2Fadonis-goritsvet-trava.jpg?alt=media&token=b1a87cc6-6354-47c6-84da-c37a99aa09c8","https://www.flip.kz/catalog?prod=3317021",,,"Адонис. Горицвет трава  Адонис (горицвет) – это многолетнее травянистое растение, относится к семейству лютиковых. В нем содержится более двух десятков видов гликозидов, поэтому растение считается ядовитым . Кроме того, в состав входят сапонины, спирты, кумарины, строфантин. Трава адонис не вызывает привыкания и не накапливается в организме . Горицвет улучшает работу сердца , расширяет сосуды, оказывает тонизирующе действует на нервную систему, устраняет судороги и бессонницу . Лечебная трава обладает мочегонным и седативным действием, повышает жизненные силы организма . Горицвет показан при вегетососудистой дистонии, проблемах с сердцем, неврологических заболеваниях, судорогах и эпилепсии, ревматизме, нервном истощении. Можно купить траву адонис при цистите, отеках. Способ приготовления и применения: траву адониса используют в сборах и как самостоятельное средство. В основном это растение используют в виде настоя. 1 ст. ложку измельченной травы залить стаканом кипятка..."
"p427","Чайные напитки","Напиток чайный «Для самой очаровательной и обаятельной!»","50 г","1580",,,"Россия","24 месяца","4690324023272","","0","False","napitok-chainyi-dlya-samoi-ocharovatelnoi-i-obayatelnoi","https://firebasestorage.googleapis.com/v0/b/travnik-5cc55.firebasestorage.app/o/products%2Fnapitok-chainyi-dlya-samoi-ocharovatelnoi-i-obayatelnoi.jpg?alt=media&token=623d1b82-993b-45a1-aa46-f3bcf839a12e","https://www.flip.kz/catalog?prod=3317581",,"сполоснуть заварочный чайник горячей водой, насыпать чай из расчета 1 чайная ложка на чашку воды плюс 1 чайная ложка на чайник. Чайник тотчас же залить кипятком и настоять 5 минут. Противопоказания: индивидуальная непереносимость.","Напиток чайный «Для самой очаровательной и обаятельной!»  Главное в русском чаепитии — это атмосфера душевности, покоя и радости, возможность испить чаю в приятной компании . За чаем проходят семейные и дружеские посиделки, люди общаются, делятся сокровенным, радуются и просто отдыхают . Об особой роли чая в жизни русского человека говорят такие пословицы: «Где есть чай — там под елью рай», «Чай пьешь — 100 лет переживешь» . Русская традиция — это чай с лесными, горно-луговыми травами, ягодами и плодами . Чайный стол всегда был богат яствами: медом, пастилой, вареньем из ягод дикой клубники, земляники и малины."
"p428","Травяные сборы 50 г","Бальзам-ополаскиватель «Для усиления роста волос»","50 г","1152",,,"Россия","24 месяца","4690324009696","","12","False","balzam-opolaskivatel-dlya-usileniya-rosta-volos","https://firebasestorage.googleapis.com/v0/b/travnik-5cc55.firebasestorage.app/o/products%2Fbalzam-opolaskivatel-dlya-usileniya-rosta-volos.jpg?alt=media&token=c63d0499-2f56-4125-ad46-8e63aee546dd","https://www.flip.kz/catalog?prod=3317611",,,"Бальзам-ополаскиватель «Для усиления роста волос»  Основные показания: в качестве средства ухода за волосами при усиленном их выпадении, плохом росте, перхоти, зуде; для профилактики себореи, предупреждении облысения , при регулярном использовании улучшает питание и рост волос ‍. Способ приготовления и применения: 3 ст. л. сбора залить 1 литром воды, довести до кипения, нагревать на медленном огне 2-3 мин, настоять в теплом виде 1-1,5 часа ⏳. Отваром мыть голову 2-3 раза в неделю. Курс применения 12-15 процедур. Через 2-3 недели курс желательно повторить. Противопоказания: индивидуальная непереносимость."
"p429","Травы","Донника белого трава","50 г","647",,,"Россия","24 месяца","4690324005520","","0","False","donnika-belogo-trava","https://firebasestorage.googleapis.com/v0/b/travnik-5cc55.firebasestorage.app/o/products%2Fdonnika-belogo-trava.jpg?alt=media&token=c36ec5d4-2208-4277-8df5-50a125fbf791","https://www.flip.kz/catalog?prod=3317675",,,"Донника белого трава  Применяется: при тромбофлебитах, варикозном расширении вен, повышенном внутричерепном давлении, гипертонии; наружно в виде компрессов при фурункулезе, маститах, ревматизме; как антиагрегатное (замедляющее свертывание крови, «кроворазжижающее») , отхаркивающее, мягчительное, болеутоляющее, успокаивающее средство. Способ приготовления и применения: 1-2 ст. л. травы залить 0,2-0,3 л кипятка, настоять 1 час при комнатной температуре ⏳. Принимать по 1/3 от полученного объема 3 раза в день, каждую порцию процеживая через ситечко. Противопоказания: индивидуальная непереносимость. После вскрытия упаковки хранить не более 3 месяцев."
"p430","Травы","Дрока красильного трава","50 г","889",,,"Россия","24 месяца","4610002414864","","0","False","droka-krasilnogo-trava","https://firebasestorage.googleapis.com/v0/b/travnik-5cc55.firebasestorage.app/o/products%2Fdroka-krasilnogo-trava.jpg?alt=media&token=dae1757b-3081-47f8-9780-31c8aaf7adc1","https://www.flip.kz/catalog?prod=3317696",,,"Дрока красильного трава  Применяется: как мочегонное, желчегонное, слабительное, кровоочистительное и обезболивающее средство . Показано при заболеваниях щитовидной железы, печени, рахите. Способ приготовления и применения: 1/2-1 ст.л. травы залить 0,2-0,3 л кипятка, настоять 1 час при комнатной температуре ⏳. Принимать по 1/3 от полученного объема 3 раза в день, каждую порцию процеживая через ситечко. Противопоказания: индивидуальная непереносимость. После вскрытия упаковки хранить не более 3 месяцев."
"p431","Травы","Дуба желуди","100 г","899",,,"Россия","24 месяца","4690324004820","","0","False","duba-zheludi","https://firebasestorage.googleapis.com/v0/b/travnik-5cc55.firebasestorage.app/o/products%2Fduba-zheludi.jpg?alt=media&token=5e5c2635-4230-4f2d-b3ca-b448025b8578","https://www.flip.kz/catalog?prod=3317723",,"при сосудистых нарушениях (васкулиты, варикозы и др.), заболеваниях почек (пиело- и гломерулонефриты) и кишечника (НЯК, дизентерии и др.); для улучшения зрения , обменных процессов, ускорения роста ногтей и волос, снижения уровня липидов (холестерина), поддержания иммунитета , выведения токсинов; как сосудоукрепляющее (содержит флавоноид кверцетин), противоаллергическое, противовоспалительное и бактерицидное средство. Используются в качестве заменителя кофе , муки, для приготовления каши. Способ приготовления и применения: • по 1 ч. л.- 2 ст. л. измельчённых плодов 3 раза в день перед приёмом пищи. Для кофе: жёлуди обжарить на сковороде до золотистого цвета, измолоть в кофемолке, на кофейную чашечку использовать 1-2 ч. л. порошка. Готовить в турке; • для каши: 1 часть измельчённых плодов залить 3 частями тёплой воды. После набухания добавить 1 ст. л сливочного масла и запечь в духовке ‍. Время приготовления около 40 минут....","Дуба желуди"
"p432","Травы","Душицы обыкновенной трава","50 г","774",,,"Россия","24 месяца","4610002414956","","43","False","dushitsy-obyknovennoi-trava","https://firebasestorage.googleapis.com/v0/b/travnik-5cc55.firebasestorage.app/o/products%2Fdushitsy-obyknovennoi-trava.jpg?alt=media&token=30de63db-0ee5-4558-8809-57912210f5b3","https://www.flip.kz/catalog?prod=3317732",,,"Душицы обыкновенной трава  Применяется: при бронхитах, кашле, ОРВИ, головной боли, при нарушении менструального цикла (принимать в первой фазе цикла) , климаксе (приливы, потливость, смена настроения, повышение давления); как спазмолитическое, сосудорасширяющее, фитоэстрогенное, успокаивающее , потогонное, противовоспалительное, улучшающее пищеварение средство. Способ приготовления и применения: 1-2 ст.л. травы залить 0,2-0,3 л кипятка, настоять 45 минут, процедить ⏳. Принимать по 1/3-1/4 от полученного объема 3-4 раза в день до еды. Противопоказания: индивидуальная непереносимость. После вскрытия упаковки хранить не более 3 месяцев."
"p433","Травы","Дымянки трава","50 г","1267",,,"Россия","24 месяца","4610002414987","","14","False","dymyanki-trava","https://firebasestorage.googleapis.com/v0/b/travnik-5cc55.firebasestorage.app/o/products%2Fdymyanki-trava.jpg?alt=media&token=816c779f-e841-4721-9735-a724058fa2b2","https://www.flip.kz/catalog?prod=3317737",,,"Дымянки трава  Применяется: улучшает деятельность печени, желудка, кишечника, повышает аппетит, укрепляет общий тонус организма после тяжелых инфекционных заболеваний, благоприятно влияет на работу сердца . Способ приготовления и применения: 1/2-1 ст.л. травы залить 0,2-0,3 л кипятка, настоять 1 час при комнатной температуре ⏳. Принимать по 1/3 от полученного объема 3 раза в день, каждую порцию процеживая через ситечко. Противопоказания: индивидуальная непереносимость. После вскрытия упаковки хранить не более 3 месяцев."
"p434","Чайные напитки","Фиточай для бодрости «Адреналин»","50 г","1152",,,"Россия","24 месяца","4610002412945","","6","False","fitochai-dlya-bodrosti-adrenalin","https://firebasestorage.googleapis.com/v0/b/travnik-5cc55.firebasestorage.app/o/products%2Ffitochai-dlya-bodrosti-adrenalin.jpg?alt=media&token=5a1cf620-b2d2-4d6b-9b27-4b2ddf2fb627","https://www.flip.kz/catalog?prod=3317751",,,"Напиток чайный для придания бодрости «Адреналин»  Придает чувство бодрости, энергии, улучшает активность головного мозга , способность к принятию и правильному решению важных вопросов . Способ приготовления и применения: 1-2 ст. л сбора залить 0,2-0,3 л кипятка, настоять 1 час при комнатной температуре ⏳. Принимать по 1/2 от полученного объема 2 раза в день за 10 минут до еды, утром и в первой половине дня, каждую порцию процеживая через ситечко."
"p435","Травы","Дягиля листья","50 г","642",,,"Россия","24 месяца","4690324005926","","3","False","dyagilya-listya","https://firebasestorage.googleapis.com/v0/b/travnik-5cc55.firebasestorage.app/o/products%2Fdyagilya-listya.jpg?alt=media&token=fdc076ac-5ee9-4e14-9208-d7de39508e29","https://www.flip.kz/catalog?prod=3317752",,,"Применяются: при гастритах, диспепсии кишечника, дискинезиях желчевыводящих путей, метеоризме, хронических колитах, энтероколитах; как противовоспалительное, спазмолитическое, желчегонное, мочегонное, потогонное, отхаркивающее, антимикробное средство; усиливают секрецию пищеварительных желез. Способ приготовления и применения: 1 ст.л. листьев залить стаканом воды, варить 3 минуты, настоять 10 минут, процедить. Принимать по 1/3 от полученного объема 3 раза в день за 30 минут до еды. Первые 3 дня возможны тошнота, рвота желчью и одновременно боли в левом подреберье это нормальное физиологическое явление. Противопоказания: индивидуальная непереносимость. После вскрытия упаковки хранить не более 3 месяцев."
"p436","Травы","Ели кора","100 г","576",,,"Россия","24 месяца","4690324005087","","6","False","eli-kora","https://firebasestorage.googleapis.com/v0/b/travnik-5cc55.firebasestorage.app/o/products%2Feli-kora.jpg?alt=media&token=0cf1b85f-978c-4d03-a6af-231b451fddea","https://www.flip.kz/catalog?prod=3317768",,,"Ели кора  Применяется: при заболеваниях печени; обладает спазмолитическим и противовоспалительным действием . Способ приготовления и применения: 1-2 ст.л. коры залить 0,4 л воды, довести до кипения, настоять до остывания, процедить ⏳. Выпить в течение дня равными порциями в теплом виде в 3-5 приемов. Противопоказания: индивидуальная непереносимость."
"p437","Травы","Аистника трава","50 г","889",,,"Россия","24 месяца","4610002413300","","0","False","aistnika-trava","https://firebasestorage.googleapis.com/v0/b/travnik-5cc55.firebasestorage.app/o/products%2Faistnika-trava.jpg?alt=media&token=86b956b1-b53b-4179-bdc3-15b589bc6d7d","https://www.flip.kz/catalog?prod=3317782",,,"Аистника трава  Применяется при воспалении легких, плеврите, метеоризме, гинекологических заболеваниях, различных внутренних кровотечениях, судорогах, как вяжущее, кровоостанавливающее  и противосудорожное средство. Способ приготовления и применения: 1-2 ст.л. травы залить 0,2-0,3 л кипятка, настоять 1 час при комнатной температуре, процедить ⏳. Принимать по 1/3 от полученного объема 3 раза в день, каждую порцию процеживая через ситечко. Противопоказания: индивидуальная непереносимость."
"p438","Чайные напитки","Фиточай «Женщина здоровая» при гинекологических воспалениях","100 г","2057",,,"Россия","24 месяца","4690324019022","","9","False","fitochai-zhenshchina-zdorovaya-pri-ginekologicheskikh-vospaleniyakh","https://firebasestorage.googleapis.com/v0/b/travnik-5cc55.firebasestorage.app/o/products%2Ffitochai-zhenshchina-zdorovaya-pri-ginekologicheskikh-vospaleniyakh.jpg?alt=media&token=a9125f6e-7682-4863-9896-a58eecdb18f7","https://www.flip.kz/catalog?prod=3317795",,,"Напиток чайный при воспалительных заболеваниях органов малого таза «Женщина здоровая»  Рекомендован при эрозии шейки матки, вульвовагините, кольпите, оофорите, цистите, аднексите, хроническом герпесе . При регулярном употреблении восстанавливает нормальную микрофлору влагалища, способствует рубцеванию эрозий и микротрещин, обладает противовоспалительным, кровоостанавливающим и иммуностимулирующим действием . Способствует нормальной интимной жизни женщины. Способ приготовления и применения: 1-2 ст.л. сбора залить 0,2-0,3 л кипятка, настоять 1 час при комнатной температуре ⏳. Принимать по 1/3 от полученного объема 3 раза в день за 10-15 минут до еды, каждую порцию процеживая через ситечко. Особенности применения: желательно сочетать со спринцеваниями (ванны гинекологические «Интим») ежедневно в течение 7-10 дней после месячных (при детородном периоде), либо 7-10 дней в месяц (при климаксе). Минимальный курс приема: в течение 2 менструальных циклов (месяцев). При..."
"p439","Травы","Алтея корень","50 г","708",,,"Россия","24 месяца","4610002413362","","62","False","alteya-koren","https://firebasestorage.googleapis.com/v0/b/travnik-5cc55.firebasestorage.app/o/products%2Falteya-koren.jpg?alt=media&token=c65df535-df12-4387-9105-a959f3d50733","https://www.flip.kz/catalog?prod=3317811",,,"Алтея корень  Алтей лекарственный (корень растения) применяется при сильном кашле различного происхождения . Будучи антисептиком, он помогает при ангинах. Очень часто врачи-аллопаты рекомендуют своим пациентам принимать отвар или настойку корня как эффективное дополнение к уже назначенному лечению . При повышенной кислотности желудка отлично помогает чай из алтея. Крепкий настой корня растения лечит диарею. На основе вытяжки этого лекарственного растения изготавливается сироп и настойки от кашля. Способ приготовления и применения: 1-2 ст.л. сырья залить 0,2-0,3 л сырой воды подогретой до 60°С, настоять 1 час ⏳. Принимать по 1/3 от полученного объема 3 раза в день до еды, каждую порцию процеживая через ситечко. Наружно в виде полосканий, примочек. Противопоказания: индивидуальная непереносимость."
"p440","Чайные напитки","Фиточай «Женщинам после 45»","50 г","1152",,,"Россия","24 месяца","4610002412839","","19","False","fitochai-zhenshchinam-posle-45","https://firebasestorage.googleapis.com/v0/b/travnik-5cc55.firebasestorage.app/o/products%2Ffitochai-zhenshchinam-posle-45.jpg?alt=media&token=650a698a-3040-4aca-955c-bdf9aa90fe4b","https://www.flip.kz/catalog?prod=3317815",,"1 — 2 ст. л. сбора залить 0,2-0,3 л кипятка, настоять 1 час при комнатной температуре ⏳. Принимать по 1/3 от полученного объема 3 раза в день, каждую порцию процеживая через ситечко. Минимальный курс приема: 5-9 дней после полного окончания месячных с обязательным употреблением затем чая «Матка здоровая»; при климаксе — 5 дней пить, 2 дня перерыв.","Напиток чайный «Женщинам после 45»  Рекомендован женщинам в пременопаузальном периоде в качестве омолаживающего средства, для улучшения обмена веществ, нормализации сердечно-сосудистой и нервной систем, уменьшения климактерических проявлений, повышения либидо . Целебные свойства напитка придают обаяние, шарм и неповторимость ."
"p441","Травы","Живокости высокой трава","50 г","724",,,"Россия","24 месяца","4610002415199","","9","False","zhivokosti-vysokoi-trava","https://firebasestorage.googleapis.com/v0/b/travnik-5cc55.firebasestorage.app/o/products%2Fzhivokosti-vysokoi-trava.jpg?alt=media&token=4e2a7019-d0fb-4b47-9404-e1081f6863a8","https://www.flip.kz/catalog?prod=3317828",,,"Живокости высокой трава  Применяется: при воспалении мочеполовой системы, нервных узлов (тройничного, люмбаго, радикулитах), рассеянном склерозе, паркинсонизме; как спазмолитическое, блокирующее нервные узлы, расслабляющее мышцы средство . Способ приготовления и применения: 1/2-1 ст.л. травы залить 0,2-0,3 л кипятка, настоять 1 час при комнатной температуре ⏳. Принимать по 1/3 от полученного объема 3 раза в день, каждую порцию процеживая через ситечко. Строго соблюдать дозировку!  Противопоказания: индивидуальная непереносимость."
"p442","Травы","Живокости полевой трава","50 г","807",,,"Россия","24 месяца","4690324005605","","0","False","zhivokosti-polevoi-trava","https://firebasestorage.googleapis.com/v0/b/travnik-5cc55.firebasestorage.app/o/products%2Fzhivokosti-polevoi-trava.jpg?alt=media&token=bf3ec436-83e1-4d84-b052-b92379705b42","https://www.flip.kz/catalog?prod=3317843",,,"Живокости полевой трава  Применяется: при цистите, простатите, почечнокаменной болезни, затруднительном мочеиспускании и других болезнях мочеполовой системы; как обезболивающее, спазмолитическое, мочегонное средство . Способ приготовления и применения: 1/2-1 ст.л. травы залить 0,2-0,3 л кипятка, настоять 1 час при комнатной температуре ⏳. Принимать по 1/3 от полученного объема 3 раза в день, каждую порцию процеживая через ситечко. Строго соблюдайте дозировку!  Противопоказания: индивидуальная непереносимость."
"p443","Травы","Артыш. Можжевельника веточки","25 г","609",,,"Россия","24 месяца","4690324010678","","14","False","artysh-mozhzhevelnika-vetochki","https://firebasestorage.googleapis.com/v0/b/travnik-5cc55.firebasestorage.app/o/products%2Fartysh-mozhzhevelnika-vetochki.jpg?alt=media&token=52178632-63f2-49ea-9d99-2b700deb0860","https://www.flip.kz/catalog?prod=3317906",,,"Артыш. Можжевельника веточки  Применяется при отеках сердечного происхождения, заболеваниях почек и мочевыводящих путей (пиелонефриты, нефриты, циститы, уретриты), гипертонической болезни, как мочегонное, противовоспалительное, дезинфицирующее, гипотензивное, желчегонное, улучшающее обмен веществ средство . В древности и в настоящее время используют для окуривания помещения в качестве средства, снимающего негативную энергию, когда в семье есть люди с вредными привычками (наркоманы, курильщики табака, алкоголики и др.), а также как сильное бактерицидное, противовирусное и обеззараживающее средство . Способ приготовления и применения: 1-2 ст.л. веточек залить 0,2-0,3 л кипятка, настоять 1 час при комнатной температуре ⏳. Принимать по 1/3 от полученного объема 3 раза в день до еды, каждую порцию процеживая через ситечко. Для окуривания: 2 ч.л. насыпать на жаропрочную тарелку, поджечь и дымом окуривать помещение . Противопоказания: индивидуальная непереносимость."
"p444","Травы","Живучки трава","50 г","1316",,,"Россия","24 месяца","4690324005094","","14","False","zhivuchki-trava","https://firebasestorage.googleapis.com/v0/b/travnik-5cc55.firebasestorage.app/o/products%2Fzhivuchki-trava.jpg?alt=media&token=501a880f-9904-40d7-aac0-b85d53ed148e","https://www.flip.kz/catalog?prod=3317942",,,"Живучки трава  Применяется: при заболеваниях печени и холецистите, камнях в желчном пузыре, туберкулезе легких, поносе, аднекситах; в качестве антибактериального, противовоспалительного, способствующего растворению камней и выводу желчи из пузыря средства . Способ приготовления и применения: 1-2 ст.л. травы залить 0,2-0,3 л кипятка, настоять 1 час при комнатной температуре ⏳. Принимать по 1/3 от полученного объема 3 раза в день после еды, каждую порцию процеживая через ситечко. Противопоказания: индивидуальная непереносимость."
"p445","Травяные сборы 50 г","Сбор трав «Здоровье»","50 г","1152",,,"Россия","24 месяца","4690324021100","","5","False","sbor-trav-zdorove","https://firebasestorage.googleapis.com/v0/b/travnik-5cc55.firebasestorage.app/o/products%2Fsbor-trav-zdorove.jpg?alt=media&token=f248bde6-ffb3-447c-976e-10067b8cd8a9","https://www.flip.kz/catalog?prod=3317958",,,"Сбор трав «Здоровье»  Эксклюзивный напиток чайный травника Гордеева для усиления механизмов адаптации и саморегуляции в условиях повышенных психоэмоциональных и физических перегрузок, а также для полноценного и быстрого восстановления после болезней, отравлений и травм . Способствует согласованной работе органов и систем саморегуляции здорового человека в условиях длительного стресса: укрепляет иммунитет, улучшает дыхательную, сердечно-сосудистую системы, чистит кровь и сохраняет полезную микробиоту организма, регулирует метаболизм . Помогает преодолеть вялость, апатию, колебание настроения, рассеянность, нарушение внимания. При регулярном употреблении быстро восстанавливается положительный тонус. Способ приготовления и применения: 1-2 ст.л. сбора залить 0.2-0,3 л кипятка, настоять 1-2 часа ⏳. Принимать по 1/3 от полученного объема 3 раза в день за 10-15 минут до еды, каждую порцию процеживая через ситечко. Курс приема: 1-3 месяца, в зависимости от состояния...."
"p446","Травы","Земляники лист","50 г","872",,,"Россия","24 месяца","4690324007685","","14","False","zemlyaniki-list","https://firebasestorage.googleapis.com/v0/b/travnik-5cc55.firebasestorage.app/o/products%2Fzemlyaniki-list.jpg?alt=media&token=f779d40f-b5cd-4463-aed5-2989a07045d0","https://www.flip.kz/catalog?prod=3317977",,,"Земляники лист  Листья земляники, как и ее ягоды, являются ценным продуктом для человеческого организма. Богаты содержащимися в них витаминоподобными и дубильными веществами, флавоноидами, эфирными маслами и не только. Листья земляники являются превосходным дезинфицирующим, противовоспалительным и регенерирующим средством . Как в свежем виде, так и в настоях и отварах врачуют раны и ссадины, раздражения и трещины, в т.ч. при геморрое. Обладают кровоостанавливающими свойствами . Применяются: при подагре, артритах, почечно-каменной болезни, гастритах, колитах, болезнях селезенки, как противовоспалительное, мочегонное, желчегонное, лимфодренажное, регенеративное, дезинфицирующее, витаминное, успокаивающее средство, улучшает обмен веществ . При внутреннем применении земляничный лист способен понижать высокое артериальное давление, нормализовать сердечный ритм и усиливать сокращение сердечной мышцы , благоприятно воздействовать на сосуды. Оказывая тонизирующее действие на..."
"p447","Травы","Астры трава","50 г","642",,,"Россия","24 месяца","4690324014959","","14","False","astry-trava","https://firebasestorage.googleapis.com/v0/b/travnik-5cc55.firebasestorage.app/o/products%2Fastry-trava.jpg?alt=media&token=9da0f277-eed2-4118-8612-92b4c8c11663","https://www.flip.kz/catalog?prod=3317979",,,"Астры трава  Применяется при бронхиальной и сердечной астме, туберкулезе, остром и хроническом бронхите, пневмонии, одышке, затрудненном отхождении мокроты, обладает противовоспалительным, противомикробным действием, разжижает мокроту, усиливает регенерацию тканей и укрепляет сосуды . Способ приготовления и применения: 1-2 ст.л. травы залить 0,2-0,3 л кипятка, настоять 1 час при комнатной температуре ⏳. Пить в течение дня и на ночь, каждую порцию процеживая через ситечко. Противопоказания: индивидуальная непереносимость."
"p448","Травы","Бадан корень","50 г","691",,,"Россия","24 месяца","4610002413577","","17","False","badan-koren","https://firebasestorage.googleapis.com/v0/b/travnik-5cc55.firebasestorage.app/o/products%2Fbadan-koren.jpg?alt=media&token=cfbcc54a-0a3f-43ca-ba2c-6c221e9775dd","https://www.flip.kz/catalog?prod=3317998",,,"Бадан корень  Применяют в гинекологической практике при обильных менструациях на почве воспалительных процессов придатков матки, при геморрагических метропатиях, фиброме матки, при кровотечениях после прерывания беременности . Для лечения эрозии шейки матки и кольпитов в виде спринцеваний и влагалищных ванночек, также в качестве вяжущего, противовоспалительного и кровоостанавливающего средства отвар бадана применяют при желудочно-кишечных заболеваниях при колитах не дизентерийной этиологии. В стоматологической практике бадан используют как противовоспалительное, вяжущее и кровоостанавливающее средство при стоматитах, гингивитах, пародонтозе, для смазывания десен и полосканий . Способ приготовления и применения: 1 ст. ложку заливают стаканом горячей кипяченой воды и нагревают на водяной бане 15 минут при частом помешивании. Охлаждают, отжимают, объем полученного настоя доводят кипяченой водой до 200 мл. Принимают по 1 столовой ложке 3 раза в день."
"p449","Травы","Бадан листья","50 г","790",,,"Россия","24 месяца","4610002413607","","14","False","badan-listya","https://firebasestorage.googleapis.com/v0/b/travnik-5cc55.firebasestorage.app/o/products%2Fbadan-listya.jpg?alt=media&token=95fdaa08-3494-444e-a2f7-e0f4bba59aa1","https://www.flip.kz/catalog?prod=3318006",,,"Применяется: при гастритах, энтероколитах, поносах, простудных заболеваниях  Используется при маточных кровотечениях и фибромиомах  Обладает ранозаживляющим, вяжущим и противовоспалительным действием  Проявляет противомикробную и противовирусную активность  Наружно — для полосканий при заболеваниях полости рта и эрозиях шейки матки  Способ приготовления и применения: 1 ст.л. листьев залить стаканом кипятка  Настоять 30–45 минут, процедить без охлаждения ⏳ Принимать по 1 ст.л. 3–4 раза в день за 15–20 минут до еды  Для полосканий — 2–3 раза в день"
"p450","Чайные напитки","«Зубы и десны здоровые» фиточай","70 г","1152",,,"Россия","24 месяца","4610002412594","","11","False","zuby-i-desny-zdorovye-fitochai","https://firebasestorage.googleapis.com/v0/b/travnik-5cc55.firebasestorage.app/o/products%2Fzuby-i-desny-zdorovye-fitochai.jpg?alt=media&token=25bf6b4a-d7b3-4302-a0e0-641edfe0e3d1","https://www.flip.kz/catalog?prod=3318007",,,"Напиток чайный при воспалительных заболеваниях полости рта  Рекомендован при острых и хронических заболеваниях полости рта и глотки (пародонтоз , стоматит , глоссит , а также — фарингит ‍ и ларингит ); способствует укреплению десен , обладает противовоспалительным , бактерицидным , кровоостанавливающим , ранозаживляющим  и обезболивающим  действием. Способ приготовления и применения: 1-2 ст.л сбора залить 0,2-0,3 л кипятка , настоять 1 час при комнатной температуре , процедить. Полоскать ротовую полость 2-3 раза в день после еды . Минимальный курс приема: до достижения положительных результатов"
"p451","Мази и кремы","Бальзам для нормальных и сухих волос укрепляющий","60 г","3044",,,"Россия","24 месяца","4690324019756","","4","False","balzam-dlya-normalnykh-i-sukhikh-volos-ukreplyayushchii","https://firebasestorage.googleapis.com/v0/b/travnik-5cc55.firebasestorage.app/o/products%2Fbalzam-dlya-normalnykh-i-sukhikh-volos-ukreplyayushchii.jpg?alt=media&token=ef77a7ba-a8bb-4fa1-b804-faa93a921e0a","https://www.flip.kz/catalog?prod=3318022",,"втирать в кожу головы сильными массирующими движениями в течение 5-15 минут ‍, затем вымыть волосы","Активные компоненты, полученные из экологически чистых трав, составляют уникальную формулу бальзама . Они легко проникают в кожу головы ‍, питая и укрепляя волосяные луковицы , увлажняют кожу  и восстанавливают ее микроциркуляцию . Возобновляют рост волос на начальных этапах облысения . Препятствуют образованию перхоти . Останавливают выпадение волос  и возвращают им влагу и здоровый блеск ."
"p452","Мази и кремы","Бальзам для нормальных и жирных волос укрепляющий","60 г","3044",,,"Россия","24 месяца","4690324019763","","4","False","balzam-dlya-normalnykh-i-zhirnykh-volos-ukreplyayushchii","https://firebasestorage.googleapis.com/v0/b/travnik-5cc55.firebasestorage.app/o/products%2Fbalzam-dlya-normalnykh-i-zhirnykh-volos-ukreplyayushchii.jpg?alt=media&token=3d4d2e49-3345-4672-8006-d6305d8046e3","https://www.flip.kz/catalog?prod=3318029",,"втирать в кожу головы сильными массирующими движениями в течение 5-15 минут, затем вымыть волосы","Активные компоненты, полученные из экологически чистых трав, составляют уникальную формулу бальзама . Они легко проникают в кожу головы ‍, питая и укрепляя волосяные луковицы . Возобновляют рост волос на начальных этапах облысения . Препятствуют образованию перхоти . Останавливают выпадение волос  и возвращают им здоровый блеск ."
"p453","Травы","Барбариса стебли","50 г","881",,,"Россия","24 месяца","4610002413690","","0","False","barbarisa-stebli","https://firebasestorage.googleapis.com/v0/b/travnik-5cc55.firebasestorage.app/o/products%2Fbarbarisa-stebli.jpg?alt=media&token=0330fccb-3167-4e9d-9947-f01f06080051","https://www.flip.kz/catalog?prod=3318046",,,"Применяются при дискинезиях желчевыводящих путей, хронических холециститах, гепатитах, циррозе печени, желчнокаменной болезни, маточных кровотечениях, геморрое, артритах, остеохондрозе Как «разжижающее» желчь, желчегонное, болеутоляющее, кровоостанавливающее средство Нормализует солевой обмен  Способ приготовления и применения: 1-2 ст л сырья залить 0,2-0,3 л воды, довести до кипения, потомить 3-4 мин, настоять до остывания, процедить. Принимать по 1/3 от полученного объема 3 раза в день до еды  Противопоказания: индивидуальная непереносимость"
"p454","Травяные сборы 100 г","Икотника трава","50 г","724",,,"Россия","24 месяца","4610002415649","","0","False","ikotnika-trava","https://firebasestorage.googleapis.com/v0/b/travnik-5cc55.firebasestorage.app/o/products%2Fikotnika-trava.jpg?alt=media&token=ee5a0374-c3cf-4782-a1f9-7cebca78c294","https://www.flip.kz/catalog?prod=3318105",,,"Применяется: при головной боли и икоте (на нервной почве) ‍. В качестве спазмолитического и успокаивающего средства  Способ приготовления и применения: 1 ст л травы залить 0,2 л сырой воды, довести до кипения, настоять 2 часа, процедить. Принимать равными порциями до еды в течение дня в 3 приема  Противопоказания: индивидуальная непереносимость"
"p455","Травяные сборы 100 г","Ириса корневища","50 г","1267",,,"Россия","24 месяца","4610002415670","","0","False","irisa-kornevishcha","https://firebasestorage.googleapis.com/v0/b/travnik-5cc55.firebasestorage.app/o/products%2Firisa-kornevishcha.jpg?alt=media&token=215b860b-57de-4002-bd52-c7d2e45a7d53","https://www.flip.kz/catalog?prod=3318111",,,"Применяется при всех патологиях сосудистой системы, в том числе системных заболеваниях (гломерулонефрит, васкулит, тромбоцитопеническая пурпура)  Гемофилия, онкология, вирусные заболевания, бронхиты, заболевания печени и желчного пузыря Эффективно как антигепатотоксическое, регулятор липидного обмена, противовирусное, бактерицидное, противоопухолевое, иммунорегулирующее, сосудоукрепляющее, обезболивающее средство  Ускоряет прорезывание зубов у детей  Способ приготовления и применения: 1-2 ст л корней залить 0,2-0,3 л воды, довести до кипения потомить 3-4 минуты, настоять до остывания, процедить, отжать. применять равными порциями за 10-15 минут до еды 3-4 раза в день  Противопоказания: индивидуальная непереносимость ."
"p456","Травяные сборы 100 г","Календулы цветки","50 г","938",,,"Россия","24 месяца","4610002415762","","25","False","kalenduly-tsvetki","https://firebasestorage.googleapis.com/v0/b/travnik-5cc55.firebasestorage.app/o/products%2Fkalenduly-tsvetki.jpg?alt=media&token=5177a882-7f0a-4efe-87cb-c21ea8aeb318","https://www.flip.kz/catalog?prod=3318137",,,"Применяются при заболеваниях печени, желчного пузыря, желудочно-кишечного тракта, сердца, на ранних стадиях гипертонии и климакса  Наружно при ожогах, гнойных ранах, фурункулезе, заболеваниях слизистой полости рта, в гинекологии  В качестве антисептического, противовоспалительного, желчегонного, гипотензивного, успокаивающего средства  Рекомендации по приготовлению и применению: 1-2 ст л цветов залить 0,2-0,3 л кипятка настоять 45 мин процедить Принимать по 1/3 от полученного объема 3 раза в день до еды  Настойка: 20 г цветов на 100 г водки настоять 2 недели в темном месте Принимать по 20-30 капель 3 раза в день за 15 мин до еды  Противопоказания: индивидуальная непереносимость, беременность, кормление грудью"
"p457","Травяные сборы 100 г","Калины цветки","50 г","881",,,"Россия","24 месяца","4690324004783","","0","False","kaliny-tsvetki","https://firebasestorage.googleapis.com/v0/b/travnik-5cc55.firebasestorage.app/o/products%2Fkaliny-tsvetki.jpg?alt=media&token=1e712efb-2ed8-4666-88b8-4441e7911e35","https://www.flip.kz/catalog?prod=3318170",,,"Применяются при угрозах прерывания беременности  При болезненном менструальном синдроме  В качестве спазмолитического средства ‍ Способ приготовления и применения: 1-2 ст л цветков залить 0,2-0,3 л кипятка настоять 1 час при комнатной температуре Процедить принимать по 1/3 от полученного объема 3 раза в день каждую порцию процеживая через ситечко  Противопоказания: индивидуальная непереносимость"
"p458","Бальзамы питьевые","Ели хвои клеточного сока концентрат «Капилляр»","500 мл","4524",,,"Россия","24 месяца","4690324023883","","4","False","eli-khvoi-kletochnogo-soka-kontsentrat-kapillyar","https://firebasestorage.googleapis.com/v0/b/travnik-5cc55.firebasestorage.app/o/products%2Feli-khvoi-kletochnogo-soka-kontsentrat-kapillyar.jpg?alt=media&token=d3fda803-2564-4595-ba75-e5830051e5d0","https://www.flip.kz/catalog?prod=3318194",,,"Сгущенный экстракт применяется для улучшения иммунитета до и после болезни  Поддерживает нервную систему в состоянии уныния и депрессии ‍ Для состояния ротовой полости, верхних и нижних дыхательных путей, профилактики витаминной недостаточности и воспалений  Показан при бронхиальной астме, ОРВИ, стоматите, синусите, гайморите, заболеваниях мочевыводящих путей  Укрепляет организм при длительном стрессе  Способ приготовления и применения: 1 ст л развести в 110 мл воды прополоскав рот проглотить Принимать 2-5 раз в день до или после еды Либо развести 550 мл в 6,5 л воды принимать по 30-50 мл наружно для примочек  Противопоказания: индивидуальная непереносимость, гиперацидный гастрит"
"p459","Травяные сборы 100 г","Кирказона трава","50 г","905",,,"Россия","24 месяца","4610002415915","","7","False","kirkazona-trava","https://firebasestorage.googleapis.com/v0/b/travnik-5cc55.firebasestorage.app/o/products%2Fkirkazona-trava.jpg?alt=media&token=b1bb4fb0-af27-41e1-905f-4bdc92882822","https://www.flip.kz/catalog?prod=3318201",,,"Применяется при сосудистых заболеваниях (флебит, варикоз, тромбофлебит), заболеваниях кожи  В качестве кроворазжижающего, сосудоукрепляющего, кровоочистительного средства  Способ приготовления и применения: 1-2 ст л травы залить 0,2-0,3 л кипятка настоять 1 час Процедить принимать по 1/3 объема 3 раза в день каждую порцию процеживая через ситечко  Противопоказания: индивидуальная непереносимость"
"p460","Травяные сборы 100 г","Кишечник без дисбактериоза. Фиточай","50 г","1152",,,"Россия","24 месяца","4610002411993","","17","False","kishechnik-bez-disbakterioza-fitochai","https://firebasestorage.googleapis.com/v0/b/travnik-5cc55.firebasestorage.app/o/products%2Fkishechnik-bez-disbakterioza-fitochai.jpg?alt=media&token=b772d931-e243-4dbd-9af6-fb5d7a27a0c3","https://www.flip.kz/catalog?prod=3318211",,,"Рекомендован при дисбактериозах и связанных с ним симптомокомплексах: неустойчивый стул, тошнота, метеоризм, слабость, склонность к простудным заболеваниям, кожные заболевания  Обладает антибактериальным, адаптогенным, седативным, спазмолитическим и противовоспалительным действием  Способ приготовления и применения: 1-2 ст/л сбора залить 0,2-0,3 л кипятка Настоять 1 час при комнатной температуре Принимать по 1/3 объёма 3 раза в день за 10-15 минут до еды  Минимальный курс приема: после каждого месяца приема желателен небольшой перерыв 3-7 дней ⏳ Противопоказания: индивидуальная непереносимость"
"p461","Травяные сборы 100 г","Кладонии слоевища","100 г","3011",,,"Россия","24 месяца","4690324021339","","7","False","kladonii-sloevishcha","https://firebasestorage.googleapis.com/v0/b/travnik-5cc55.firebasestorage.app/o/products%2Fkladonii-sloevishcha.jpg?alt=media&token=91025fb2-dd0b-47bc-b782-d7108b1d170c","https://www.flip.kz/catalog?prod=3318237",,,"Применяются при заболеваниях верхних дыхательных путей, в т.ч. при туберкулезе, хронических инфекционных заболеваниях, сопровождающихся повышением температуры  Используются вместо антибиотиков как общеукрепляющее средство после тяжёлых болезней  Помогают при заболеваниях желудочно-кишечного тракта  Способ приготовления и применения: 1-2 ч л сырья залить 0,2-0,3 л воды довести до кипения потомить 3-4 минуты настоять Принимать по 1/3 объёма 3 раза в день до еды  Противопоказания: индивидуальная непереносимость"
"p462","Травяные сборы 100 г","Княжика сибирского трава","25 г","1563",,,"Россия","24 месяца","4690324009078","","9","False","knyazhika-sibirskogo-trava","https://firebasestorage.googleapis.com/v0/b/travnik-5cc55.firebasestorage.app/o/products%2Fknyazhika-sibirskogo-trava.jpg?alt=media&token=d35c6501-b5ee-4cbf-9f60-c3304a7064dd","https://www.flip.kz/catalog?prod=3318261",,,"Применяется при болезнях сердца, печени, головной боли, недостаточности функции надпочечников, отеке, асците, простуде, бронхите, женских заболеваниях, нарушении обмена веществ, эпилепсии, опухолях  Обладает общеукрепляющим, регенерирующим ткани печени, противоревматическим, противораковым действием  Наружно при ранах, язвах, суставных болях, ревматизме, невритах  Передозировка недопустима Проконсультируйтесь со специалистом  Способ приготовления и применения: 1 ч.л. травы залить 0,2 л кипятка Настоять 1 час при комнатной температуре Принимать по 1/3 объёма 3 раза в день Наружно — ванны 200 г на ванну  Противопоказания: индивидуальная непереносимость"
"p463","Травяные сборы 100 г","Сбор трав «Кости молодые и прочные» при остеопорозе","50 г","1152",,,"Россия","24 месяца","4610002412143","","11","False","sbor-trav-kosti-molodye-i-prochnye-pri-osteoporoze","https://firebasestorage.googleapis.com/v0/b/travnik-5cc55.firebasestorage.app/o/products%2Fsbor-trav-kosti-molodye-i-prochnye-pri-osteoporoze.jpg?alt=media&token=220873c5-59cd-4ba3-a2de-282402855559","https://www.flip.kz/catalog?prod=3318288",,,"Применяется при уменьшении плотности костей и снижении их прочности, патологиях суставов и позвоночника (остеохондроз, артриты, артрозы)  Своевременный приём останавливает развитие остеопороза, нормализует плотность костей, восстанавливает межпозвонковые диски, уменьшает боли, отёки и воспаления других суставов  Разработка травника Гордеева по диссертации «Остеопороз» 2003 г  Способ приготовления и применения: 1-2 ст/л сбора залить 0,2-0,3 л кипятка Настоять 1 час при комнатной температуре Принимать по 1/3 объёма 3 раза в день за 10-15 минут до еды  Минимальный курс приема: можно чередовать с напитками «Суставы здоровые», «Омоложение» и белой глиной Сочетать с рекомендациями по питанию при остеопорозе ⏳ Противопоказания: индивидуальная непереносимость"
"p464","Травяные сборы 100 г","Котовника венгерского трава","50 г","708",,,"Россия","24 месяца","4610002416189","","15","False","kotovnika-vengerskogo-trava","https://firebasestorage.googleapis.com/v0/b/travnik-5cc55.firebasestorage.app/o/products%2Fkotovnika-vengerskogo-trava.jpg?alt=media&token=3380c52a-6e01-4cb1-910c-38e1ecb7a59a","https://www.flip.kz/catalog?prod=3318304",,,"Применяется при неврозах, депрессиях, бессоннице, сердцебиениях, одышке, повышенном артериальном давлении, мигрени, болях в желудке, метеоризме, анемиях, болезненных менструациях  Обладает успокаивающим, гипотензивным, мочегонным, болеутоляющим, спазмолитическим действием  Способ приготовления и применения: 1-2 ст/л травы залить 0,2-0,3 л воды довести до кипения потомить 3-4 минуты настоять Принимать по 1/3-1/4 объёма 3-4 раза в день до еды  Противопоказания: индивидуальная непереносимость"
"p465","Травяные сборы 100 г","Крапивы корни","100 г","1119",,,"Россия","24 месяца","4690324004523","","13","False","krapivy-korni","https://firebasestorage.googleapis.com/v0/b/travnik-5cc55.firebasestorage.app/o/products%2Fkrapivy-korni.jpg?alt=media&token=2b094044-b0d2-4c79-a3a4-12470fd39b71","https://www.flip.kz/catalog?prod=3318346",,,"Применяются при кровотечениях, суставном и мышечном ревматизме, подагре, геморрое, фурункулезе, отёках конечностей  Обладают противовоспалительным, антисептическим, обезболивающим, кровоочистительным, кровоостанавливающим, ранозаживляющим действием  Понижают содержание сахара в крови, рекомендованы в виде тёплых ванн при ревматизме, подагре, суставных болях  Способ приготовления и применения: 1-2 ст/л корней залить 0,2-0,3 л воды довести до кипения потомить 3-4 минуты настоять Принимать по 1/3 объёма 3 раза в день до еды  Противопоказания: индивидуальная непереносимость После вскрытия упаковки хранить не более 3 месяцев"
"p466","Травяные сборы 100 г","Бедра и ягодицы идеальные. Фиточай","50 г","1152",,,"Россия","24 месяца","4610002412976","","12","False","bedra-i-yagoditsy-idealnye-fitochai","https://firebasestorage.googleapis.com/v0/b/travnik-5cc55.firebasestorage.app/o/products%2Fbedra-i-yagoditsy-idealnye-fitochai.jpg?alt=media&token=7a77a325-38db-4f07-95dd-c7e0b17aebb4","https://www.flip.kz/catalog?prod=3318359",,,"Рекомендован женщинам и мужчинам с излишне широкими и массивными бёдрами и ягодицами  Стимулирует кровообращение, способствует расщеплению жиров в области бёдер и ягодиц  Улучшает липидный обмен, помогает нормализовать массу тела  Способ приготовления и применения: 3-4 ст/л сбора залить 0,3-0,5 л кипятка Настоять 1 час при комнатной температуре Принимать по 1/3 объёма 3 раза в день за 10-15 минут до еды  Противопоказания: индивидуальная непереносимость"
"p467","Травяные сборы 100 г","Крестовника трава","50 г","790",,,"Россия","24 месяца","4610002416301","","4","False","krestovnika-trava","https://firebasestorage.googleapis.com/v0/b/travnik-5cc55.firebasestorage.app/o/products%2Fkrestovnika-trava.jpg?alt=media&token=2b77ec0e-c0ae-4a38-b61b-f5fc56f4051a","https://www.flip.kz/catalog?prod=3318362",,,"Применяется: как спазмолитическое средство для снятия болей (при язвах желудка и 12-перстной кишки, холециститах, колитах, других коликах)  Способ приготовления и применения: 1 ч.л. травы заварить 0,2 л кипятка, настоять 1 час при комнатной температуре. Принимать по 1/3 от полученного объема через 10-15 мин после еды, каждую порцию процеживая через ситечко. При хорошей переносимости можно понемногу дозировку увеличивать до достижения обезболивающего эффекта"
"p468","Травяные сборы 100 г","Напиток чайный «Кровь здоровая»","50 г","1152",,,"Россия","24 месяца","4610002411344","","20","False","napitok-chainyi-krov-zdorovaya","https://firebasestorage.googleapis.com/v0/b/travnik-5cc55.firebasestorage.app/o/products%2Fnapitok-chainyi-krov-zdorovaya.jpg?alt=media&token=2d19f46b-9512-4359-bc5b-17f2cb1de718","https://www.flip.kz/catalog?prod=3318385",,,"Напиток чайный для «очищения» крови от слизи, лишней жидкости, других ""шлаков"". Основные показания: Применяется при отравлениях, после лучевой и химиотерапии  Обладает дезинтоксикационным, мочегонным, желчегонным действием  Нормализует обмен веществ, улучшает качество жизни человека  Способ приготовления и применения: 1-2 ст/л сырья залить 0,2-0,3 л воды довести до кипения потомить 3-4 минуты настоять Принимать по 1/3-1/4 объёма 3-1 раза в день до еды  Противопоказания: индивидуальная непереносимость"
"p469","Травяные сборы 100 г","Кубышки желтой корневища","50 г","807",,,"Россия","24 месяца","4610002416394","","10","False","kubyshki-zheltoi-kornevishcha","https://firebasestorage.googleapis.com/v0/b/travnik-5cc55.firebasestorage.app/o/products%2Fkubyshki-zheltoi-kornevishcha.jpg?alt=media&token=52ad3df7-47c6-4fed-9a01-cc792e658ae2","https://www.flip.kz/catalog?prod=3318393",,,"Применяются: при заболеваниях мочеполовой сферы мужчин и женщин, связанных с микробной или бактериальной природой, специфических артритах  Обладают бактериостатическим действием в отношении грамположительных микробов и патогенных микробов типа кандида, трихомонада и др  Способ приготовления и применения: 1-2 ст.л. сырья залить 0,2-0,3 л кипятка, 1 час при комнатной температуре Принимать по 1/3 от полученного объема 3 раза в день  Противопоказания: индивидуальная непереносимость"
"p470","Травяные сборы 100 г","Белокопытника корневища","50 г","708",,,"Россия","24 месяца","4690324007074","","11","False","belokopytnika-kornevishcha","https://firebasestorage.googleapis.com/v0/b/travnik-5cc55.firebasestorage.app/o/products%2Fbelokopytnika-kornevishcha.jpg?alt=media&token=a00b96c4-5e7a-47fe-b32f-7e1052f68db0","https://www.flip.kz/catalog?prod=3318396",,,"Применяются: при сахарном диабете, сухом и рефлекторном кашле, обладают отхаркивающим действием, как средство, способствующее переводу глюкозы в крови в гликоген  Способ приготовления и применения: 1-2 ст.л. корней залить 0,5 л. кипяченной и остуженной до 50°С водой, настоять 2 часа, процедить. Корневища съесть, настой выпить в течение дня в 3-4 приема произвольно  Противопоказания: индивидуальная непереносимость"
"p471","Травяные сборы 100 г","Березы лист майской","25 г","576",,,"Россия","24 месяца","4690324004776","","45","False","berezy-list-maiskoi","https://firebasestorage.googleapis.com/v0/b/travnik-5cc55.firebasestorage.app/o/products%2Fberezy-list-maiskoi.jpg?alt=media&token=938cf02c-012b-49b7-8c5d-daa24dbedfea","https://www.flip.kz/catalog?prod=3318409",,,"Применяется: как антипаразитарное, антигельминтное, желчегонное, противовоспалительное, бактерицидное средство, при глистных инвазиях, заболеваниях почек и мочевого пузыря, печени и ЖВП  Способ приготовления и применения: 1-2 ст.п. сырья залить 0,2-0,3 л кипятка, настоять 1 час при комнатной температуре. Объем полученного настоя довести нагретой до 80°С водой до 0,2 л. Принимать по 1/3 от полученного объема 3 раза в день до еды"
"p472","Травяные сборы 100 г","Березы листья","50 г","494",,,"Россия","24 месяца","4610002413782","","74","False","berezy-listya","https://firebasestorage.googleapis.com/v0/b/travnik-5cc55.firebasestorage.app/o/products%2Fberezy-listya.jpg?alt=media&token=458e3ff5-c614-49b5-a5be-1b4b63bbe819","https://www.flip.kz/catalog?prod=3318441",,,"Берёзы листья — уникальный природный эликсир богатый витаминами  Отличное эффективное средство сезонного авитаминоза, повышает иммунитет  Берёза мочегонное, желчегонное, потогонное, противовоспалительное, бактерицидное средство  Снимает почечные отёки, лечит мочевой пузырь, печень, желчевыводящие пути Укрепление, рост, шелковистость волос, хроническая усталость, раздражительность  Берёзы листья лечат кашель, ОРВИ, оказывают благотворное влияние здоровью  Как принимать: 2 ст. л. сырья залить 0,2-0,3 л воды, довести до кипения, потомить 3-4 мин, процедить, растительное сырье отжать. Принимать по ¼ от полученного объема 3-4 раза в день до еды."
"p473","Травяные сборы 100 г","Бересклета бородавчатого ветки","100 г","675",,,"Россия","24 месяца","4610002413850","","0","False","bereskleta-borodavchatogo-vetki","https://firebasestorage.googleapis.com/v0/b/travnik-5cc55.firebasestorage.app/o/products%2Fbereskleta-borodavchatogo-vetki.jpg?alt=media&token=dd7cc73a-9934-4960-a40f-08789a7d5603","https://www.flip.kz/catalog?prod=3318465",,,"Применяются при воспалениях, растяжениях связок, сухожилий, ушибах, как противовоспалительное, рассасывающее, бактерицидное, восстанавливающее микроциркуляцию средство  Способ приготовления и применения: 1/2-1/3 пакета залить 0,4 л. сырой воды, довести до кипения, варить 3 минуты. Настоять до охлаждения. Отваром смочить 2-3 слоя ткани и наложить на поврежденное место на 1-2 часа. В течение дня аппликацию накладывать 2-3 раза  Противопоказания: индивидуальная непереносимость"
"p474","Травяные сборы 100 г","Бодяка. Осота розового трава","50 г","609",,,"Россия","24 месяца","4690324005803","","2","False","bodyaka-osota-rozovogo-trava","https://firebasestorage.googleapis.com/v0/b/travnik-5cc55.firebasestorage.app/o/products%2Fbodyaka-osota-rozovogo-trava.jpg?alt=media&token=ba364b30-7565-4f49-bf4e-00420d544f6d","https://www.flip.kz/catalog?prod=3318472",,,"Применяется при заболеваниях проявляющихся изменениями в лейкоцитарной формуле крови («белой крови»), (сниженном иммунитете, заболеваниях крови, состояниях после радио- и химиотерапии, заболеваниях, протекающих на фоне резкого падения иммунитета (СПИД, гепатит С), в качестве средства, нормализующего лейкоцитарную формулу  Популярно в качестве наружного средства (ополаскивания) при различных заболеваниях кожи, особенно волосистой части головы (перхоти, зуде, гиперкератозе и др.), зудящем дерматозе, кожной сыпи ‍ Способ приготовления и применения: 1-2 ст.л. травы залить 0,2-0,3 л воды, довести до кипения, потомить 3-4 мин, настоять до остывания, процедить, растительное сырье отжать. Принимать по 1/4 от полученного объема 3-4 раза в день до еды  Противопоказания: индивидуальная непереносимость"
"p475","Травяные сборы 100 г","Фиточай обезболивающий «Боли нет»","50 г","1152",,,"Россия","24 месяца","4610002410194","","6","False","fitochai-obezbolivayushchii-boli-net","https://firebasestorage.googleapis.com/v0/b/travnik-5cc55.firebasestorage.app/o/products%2Ffitochai-obezbolivayushchii-boli-net.jpg?alt=media&token=1bc1575c-f147-44e6-8d1d-db725559d45f","https://www.flip.kz/catalog?prod=3318516",,,"Рекомендован при болях различной этиологии и локализации, в том числе фантомных (сохраняющихся после удаления органа и др. операциях, мигрени, в желудочно-кишечном тракте, суставах, др. органах (кроме сердечно-сосудистой системы)  Способ приготовления и применения: 1-2 ст. л сбора залить 0,2-0,3 л кипятка, настоять 1 час при комнатной температуре. Принимать по 1/3 от полученного объема 3 раза в день за 10-15 минут до еды, каждую порцию процеживая через ситечко  Противопоказания: индивидуальная непереносимость"
"p476","Травяные сборы 100 г","Борщевика трава","50 г","576",,,"Россия","24 месяца","4610002413966","","5","False","borshchevika-trava","https://firebasestorage.googleapis.com/v0/b/travnik-5cc55.firebasestorage.app/o/products%2Fborshchevika-trava.jpg?alt=media&token=b904f8fb-a9f0-400b-92fb-634ed3fdfb0e","https://www.flip.kz/catalog?prod=3318545",,,"Применяется при болях в желудке, в кишечнике, эпигастрии, судорогах и эпилепсии в качестве спазмалитического средства  Способ приготовления и применения: 1-2 ст.л. травы залить 0,2-0,5 л. кипятка, настоять 1 час, процедить. Выпить в 3-4 приема равными порциями в течение дня  Противопоказания: индивидуальная непереносимость"
"p477","Травяные сборы 100 г","Будры плющевидной трава","50 г","1333",,,"Россия","24 месяца","4610002414024","","0","False","budry-plyushchevidnoi-trava","https://firebasestorage.googleapis.com/v0/b/travnik-5cc55.firebasestorage.app/o/products%2Fbudry-plyushchevidnoi-trava.jpg?alt=media&token=7e193ca4-0748-41a0-be8b-4ae2ba49890e","https://www.flip.kz/catalog?prod=3318572",,,"Применяется при заболеваниях желудочно-кишечного тракта, печени, желчного пузыря, дискинезиях желчевыводящих путей, желчекаменной болезни, бронхитах, бронхиальной астме, воспалении легких, как тонизирующее, общеукрепляющее средство, обладает антисептическим, противовоспалительным, отхаркивающим, обезболивающим действием, возбуждает аппетит, активизирует пищеварение и стимулирует обмен веществ в организме  Способствует улучшению слуха  Способ приготовления и применения: 1 стл. травы залить 0,2-0,3 л кипятка, настоять 1 час при комнатной температуре. Принимать по 1/3 от полученного объема 3 раза в день до еды, каждую порцию процеживая через ситечко  Противопоказания: индивидуальная непереносимость"
"p478","Для бани и сауны","Травяной сбор «В бане на каменку»","50 г","1152",,,"Россия","24 месяца","4690324009764","","9","False","travyanoi-sbor-v-bane-na-kamenku","https://firebasestorage.googleapis.com/v0/b/travnik-5cc55.firebasestorage.app/o/products%2Ftravyanoi-sbor-v-bane-na-kamenku.jpg?alt=media&token=89b481d7-7c1b-4e63-9180-d2ccaa61fc09","https://www.flip.kz/catalog?prod=3318596","-",,"Травы, входящие в состав, используются для поливки каменки, для ароматизации и обеззараживания воздуха в парной  Создают приятный аромат и помогают поддерживать чистоту  Способ приготовления и применения: одну горсть заварить крутым кипятком и настоять 30-45 минут  Противопоказания: индивидуальная непереносимость"
"p479","Травяные сборы 100 г","Купены корневища","50 г","1761",,,"Россия","24 месяца","4690324005018","","0","False","kupeny-kornevishcha","https://firebasestorage.googleapis.com/v0/b/travnik-5cc55.firebasestorage.app/o/products%2Fkupeny-kornevishcha.jpg?alt=media&token=e939864e-3ef8-41cd-9aa0-032774b27c3f","https://www.flip.kz/catalog?prod=3318875",,,"Применяются: при бронхолегочных (бронхиты, пневмонии) , желудочно-кишечных (язвы, гастриты, колиты, синдром раздраженного кишечника) и гинекологических (миомы, мастопатии) заболеваниях При урологических (аденома простаты, рак предстательной железы) и сердечно-сосудистых (атеросклероз, ИБС, постинфарктный кардиосклероз) проблемах  Используются в качестве лимфодренажного средства, особенно при увеличенных лимфатических узлах Способ приготовления и применения: 1/2−2 ст.л. корневищ залить 0,2-0,3 л воды, довести до кипения, потомить 4 мин, настоять до остывания Противопоказания: индивидуальная непереносимость"
"p480","Травяные сборы 100 г","Фиточай при дистонии «Лесная сказка»","50 г","1152",,,"Россия","24 месяца","4690324009726","","7","False","fitochai-pri-distonii-lesnaya-skazka","https://firebasestorage.googleapis.com/v0/b/travnik-5cc55.firebasestorage.app/o/products%2Ffitochai-pri-distonii-lesnaya-skazka.jpg?alt=media&token=86cd551d-2a42-4b12-bc3d-357349508c5b","https://www.flip.kz/catalog?prod=3318883",,,"Применяется: при нейроциркулярной дистонии по нормо- и гипотоническому типу, снижении артериального давления, головных болях, раздражительности и тревожности  Улучшает сон, уменьшает слабость, головокружение, метеочувствительность и нарушения со стороны кишечника  Нормализует давление, снимает весь комплекс субъективных и объективных проявлений болезни Способ приготовления и применения: 1-2 ст.л. сбора залить 0,2-0,3 л кипятка, настоять 1 час при комнатной температуре Противопоказания: индивидуальная непереносимость"
"p481","Травяные сборы 100 г","Липы зола (от простейших)","135 г","1544",,,"Россия","24 месяца","4610002416769","",,"False","lipy-zola-ot-prosteishikh","https://firebasestorage.googleapis.com/v0/b/travnik-5cc55.firebasestorage.app/o/products%2Flipy-zola-ot-prosteishikh.jpg?alt=media&token=5712cde4-e167-476f-adc7-0a1c0f4529f2","https://www.flip.kz/catalog?prod=3318885",,,"Применяется при: описторхозе, лямблиозе, токсокарозе  Способ приготовления: курс приёма 4 дня: первые 3 дня нужно утром и вечером съедать по 1 ч.л. липовой золы и запивать 0,5 стакана тёплого молока . На четвертый день принять 1 ч.л. золы и запить 0,5 стакана тёплого молока только утром  Противопоказания: индивидуальная непереносимость"
"p482","Травяные сборы 100 г","Фиточай для коррекции контура глаз и лица «Лицо без отеков»","50 г","1152",,,"Россия","24 месяца","4610002413126","","71","False","fitochai-dlya-korrektsii-kontura-glaz-i-litsa-litso-bez-otekov","https://firebasestorage.googleapis.com/v0/b/travnik-5cc55.firebasestorage.app/o/products%2Ffitochai-dlya-korrektsii-kontura-glaz-i-litsa-litso-bez-otekov.jpg?alt=media&token=65bd95bc-7a11-4e3e-8f1b-f1f16c997cd2","https://www.flip.kz/catalog?prod=3318896",".",,"Применяется: при привычных отёках, мешках под глазами , пастозности и одутловатости лица  Напиток чайный серии «Сылыукай» № 14  Способ приготовления и применения: 1-2 ст.л. сбора залить 0,2-0,3 л кипятка, настоять 1 час при комнатной температуре Противопоказания: индивидуальная непереносимость"
"p483","Травяные сборы 100 г","Фиточай для профилактики инсульта по ишемическому типу «Лицо с румянцем и без морщин»","50 г","1152",,,"Россия","24 месяца","4610002413096","","17","False","fitochai-dlya-profilaktiki-insulta-po-ishemicheskomu-tipu-litso-s-rumyantsem-i-b","https://firebasestorage.googleapis.com/v0/b/travnik-5cc55.firebasestorage.app/o/products%2Ffitochai-dlya-profilaktiki-insulta-po-ishemicheskomu-tipu-litso-s-rumyantsem-i-b.jpg?alt=media&token=40876436-c8ec-4d86-aa7e-5da4eecb9932","https://www.flip.kz/catalog?prod=3318902",,,"Применяется при признаках недостаточности притока крови в голову: бледной, часто сухой и морщинистой коже лица ; частые головокружения или головные боли давящего характера . Придает естественный румянец , исчезают морщины, способствует уменьшению головокружений и головных болей, улучшению настроения, внимания и памяти . Способ приготовления и применения: 1-2 ст.л. сбора залить 0,2-0,3 л кипятка, настоять 1 час при комнатной температуре. Принимать по 1/3 от полученного объема 3 раза в день за 10-15 минут до еды, каждую порцию процеживая через ситечко. Противопоказания: индивидуальная непереносимость , Напиток чайный серии «Сылыукай» № 13."
"p484","Травяные сборы 100 г","Любистока лекарственного корневища","50 г","1678",,,"Россия","24 месяца","4690324005186","","39","False","lyubistoka-lekarstvennogo-kornevishcha","https://firebasestorage.googleapis.com/v0/b/travnik-5cc55.firebasestorage.app/o/products%2Flyubistoka-lekarstvennogo-kornevishcha.jpg?alt=media&token=4c577231-059c-4487-b70d-a943cc42b552","https://www.flip.kz/catalog?prod=3318903",,,"Применяются: при воспалениях верхних дыхательных путей , почек и мочевого пузыря, отеках, заболеваниях желудочно-кишечного тракта, метеоризме, головной боли , заболеваниях печени, подагре и ревматизме Используются при отсутствии и болезненных менструациях, алкоголизме, а также наружно — при гнойничковых заболеваниях кожи, язвах и ранах  Применяются при пигментации кожи и заболеваниях волос, оказывая очищающее и восстанавливающее действие  Способ приготовления и применения: 1ч.л. корней залить 0,2 л кипятка, настоять 1 час при комнатной температуре. Принимать по 2 ст.л. 3-4 раза в день, каждую порцию процеживая через ситечко Противопоказания: индивидуальная непереносимость"
"p485","Травяные сборы 100 г","Мальвы лесной трава","50 г","724",,,"Россия","24 месяца","4610002416998","","8","False","malvy-lesnoi-trava","https://firebasestorage.googleapis.com/v0/b/travnik-5cc55.firebasestorage.app/o/products%2Fmalvy-lesnoi-trava.jpg?alt=media&token=f6b85e07-da76-442e-a3d6-e5b81eaa3ae0","https://www.flip.kz/catalog?prod=3318905",,,"Применяется: обладает мягчительным, обволакивающим, противовоспалительным и легким слабительным действием  Способствует защите слизистых оболочек и улучшению работы желудочно-кишечного тракта Разжижает густую мокроту и облегчает её отхождение  Способ приготовления и применения: 1 ст.л. травы залить 0,2 л воды, довести до кипения. Настоять 2 час. Процедить. Принимать по 1/3 от полученного объема 3 раза в день Противопоказания: индивидуальная непереносимость"
"p486","Травяные сборы 100 г","Мальвы низкой (просвирника) трава","50 г","724",,,"Россия","24 месяца","4690324022091","","0","False","malvy-nizkoi-prosvirnika-trava","https://firebasestorage.googleapis.com/v0/b/travnik-5cc55.firebasestorage.app/o/products%2Fmalvy-nizkoi-prosvirnika-trava.jpg?alt=media&token=28d4e50a-fb42-47a5-8728-4f4a6d7af500","https://www.flip.kz/catalog?prod=3318908",,,"Применяется: при излишней худобе, слишком маленькой, по мнению самой женщины, груди, в качестве средства, пополняющего «соки» женщины и придающего её телу более выразительные формы  Также обладает мягчительным, обволакивающим, противовоспалительным и лёгким слабительным действием. Разжижает густые мокроты и поддерживает дыхательную систему  Способ приготовления и применения: 1-2 ст. л. травы залить 0,2- 0.3 л кипятка, настоять до остывания, отжать. Принимать по 1/3 от полученного обьема 3 раза в день Противопоказания: индивидуальная непереносимость"
"p487","Травяные сборы 100 г","Марьянника (черная) трава","50 г","971",,,"Россия","24 месяца","4610002417056","","3","False","maryannika-chernaya-trava","https://firebasestorage.googleapis.com/v0/b/travnik-5cc55.firebasestorage.app/o/products%2Fmaryannika-chernaya-trava.jpg?alt=media&token=49e33602-3db0-4f86-8045-690e783e96ab","https://www.flip.kz/catalog?prod=3318913",,,"По литературным данным применяется: при эпилепсии  в качестве успокаивающего, противосудорожного и повышающего жизненный тонус средства  Способ приготовления и применения: 1-2 ст.л. травы залить 0,2-0,3 л кипятка, настоять 1 час при комнатной температуре. Принимать по 1/3 от полученного объема 3 раза в день до еды, каждую порцию процеживая через ситечко Противопоказания: индивидуальная непереносимость"
"p488","Масла","Масло почек осины и черного тополя","250 мл","4820",,,"Россия","24 месяца","4690324022725","","1","False","maslo-pochek-osiny-i-chernogo-topolya","https://firebasestorage.googleapis.com/v0/b/travnik-5cc55.firebasestorage.app/o/products%2Fmaslo-pochek-osiny-i-chernogo-topolya.jpg?alt=media&token=7be12285-5a5a-4ded-b077-22ced4031917","https://www.flip.kz/catalog?prod=3318917",,"• внутрь от 2 ч. л. до 1–2 ст. л. перед каждым употребленном пищи, но не вечером; • наружно — втирать на проблемные участки, повторять по мере впитывания. При гинекологических и проктологических проблемах — в виде тампонов на ночь.","Применяется: при вирусных инфекциях (грипп, ОРВИ, герпес и др.) , бактериальных и грибковых заболеваниях (фронтит, ринит, фарингит, отит), заболеваниях полости рта (стоматит, пародонтоз). Используется при болезнях дыхательной системы (простуда, бронхит, пневмония, туберкулёз лёгких) , мочеполовой системы (мочекаменная болезнь, простатит, цистит, вагинит, кольпит). Эффективно при невралгиях, радикулите, мышечных и суставных болях (артроз, артрит, ревматизм, подагра, боли в спине), грибковых заболеваниях кожи, угревой и гнойничковой сыпи, а также для стимуляции роста волос ‍"
"p489","Травяные сборы 100 г","Фиточай при болезнях горла «Миндалины здоровые»","50 г","1152",,,"Россия","24 месяца","4610002412174","","9","False","fitochai-pri-boleznyakh-gorla-mindaliny-zdorovye","https://firebasestorage.googleapis.com/v0/b/travnik-5cc55.firebasestorage.app/o/products%2Ffitochai-pri-boleznyakh-gorla-mindaliny-zdorovye.jpg?alt=media&token=f9dd4b93-b6cc-4824-b3e8-c573098f0cb5","https://www.flip.kz/catalog?prod=3318921",,,"Назначение: при ангине, ларингитах, воспалении глотки, гортани и голосовых связок  Используется как противовоспалительное, мягчительное, противомикробное и иммуномодулирующее средство  Способствует улучшению обмена веществ и восстановлению слизистых оболочек. Способ приготовления и применения: 1ст.л. на 200 мл кипятка настоять 1 час при комнатной температуре. Процедить. Принимать по 1/3 стакана 3 раза в день за 10-15 мин до еды. Наружно — для полосканий 4-5 раз в день по 3 минуты. Минимальный курс лечения: зависит от тяжести заболевания (острый или хронический процесс) и может продолжаться от 3 дней и более, иногда до полугода. Желательно после каждого месяца приёма делать перерывы 7-10 дней, заменяя чайными напитками этой серии."
"p490","Травы","Мята длиннолистная","50 г","543",,,"Россия","24 месяца","4610002417230","","0","False","myata-dlinnolistnaya","https://firebasestorage.googleapis.com/v0/b/travnik-5cc55.firebasestorage.app/o/products%2Fmyata-dlinnolistnaya.jpg?alt=media&token=0a5535a6-1bd4-4960-a54d-21844f5f1b00","https://www.flip.kz/catalog?prod=3318938",,,"Применяются: при тошноте, рвоте, токсикозах беременных , метеоризме Используются как желчегонное, мочегонное, успокаивающее и спазмолитическое средство  Способствуют улучшению пищеварения и снижению нервного напряжения  Способ приготовления и применения: 1-2 ст.л. листьев залить 0,2-0,3 л кипятка, настоять 1 час, процедить. Принимать по 1/3 от полученного объема 3 раза в день после еды Противопоказания: индивидуальная непереносимость"
"p491","Травяные сборы 100 г","Наперстянки трава","50 г","1086",,,"Россия","24 месяца","4690324005278","","11","False","naperstyanki-trava","https://firebasestorage.googleapis.com/v0/b/travnik-5cc55.firebasestorage.app/o/products%2Fnaperstyanki-trava.jpg?alt=media&token=efe60db9-a72d-4472-bc48-f6429a768415","https://www.flip.kz/catalog?prod=3318949",,,"Применяется: при всех степенях сердечной недостаточности , митральных пороках, коронаросклерозе, дистрофии миокарда. Используется при мерцательной аритмии, пароксизмальной тахикардии и других нарушениях сердечного ритма  Действует как средство, усиливающее систолу и удлиняющее диастолу, замедляя ритм и стимулируя работу сердца. Способ приготовления и применения: внутрь в виде порошка травы по 0,1 гр. (размером с горошину), запив водой от 1 до 3 раз в день. Или в виде настоя: 1 ч. л. травы залить 0,2 л кипятка, настоять 1 час при комнатной температуре. Принимать по 1 ст. л. 3–4 раза в день Побочные действия: при длительном применении, передозировке или повышенной чувствительности может вызвать замедление частоты сокращений сердца  Противопоказания: индивидуальная непереносимость."
"p492","Травяные сборы 100 г","Напиток чайный адапогенный «Не боюсь»","50 г","1152",,,"Россия","24 месяца","4610002410040","","9","False","napitok-chainyi-adapogennyi-ne-boyus","https://firebasestorage.googleapis.com/v0/b/travnik-5cc55.firebasestorage.app/o/products%2Fnapitok-chainyi-adapogennyi-ne-boyus.jpg?alt=media&token=ef2cc278-c112-4fa2-8665-eff89b9fc30f","https://www.flip.kz/catalog?prod=3319776",,,"Основные показания: незаменим как адаптоген в стрессовых ситуациях  — экзамены, спортивные выступления, собеседования, смена коллектива. Успокаивает, снижает чувство страха и тревоги, придает уверенность в себе  При этом днем сонливость не наблюдается, сохраняется ясность и концентрация. Способ приготовления и применения: 1-2 ст. л. сбора залить 0,2-0,3 л кипятка, настоять 1 час при комнатной температуре. Принимать по 1/3 от полученного объема 3 раза в день за 10-15 минут до еды, каждую порцию процеживая через ситечко. Минимальный курс приема: от 2-3 недель, при необходимости возможны повторные курсы. Эффективен при неоднократном приеме. Напиток чайный серии «Агидель» № 12. Противопоказания: индивидуальная непереносимость"
"p493","Травяные сборы 100 г","Недотроги трава","50 г","807",,,"Россия","24 месяца","4610002417292","","1","False","nedotrogi-trava","https://firebasestorage.googleapis.com/v0/b/travnik-5cc55.firebasestorage.app/o/products%2Fnedotrogi-trava.jpg?alt=media&token=0ce12413-2032-4d05-bfb7-f51bf2c4543e","https://www.flip.kz/catalog?prod=3319788",,,"Применяется: как средство, увеличивающее сперматогенез и улучшающее качество сперматозоидов ‍ Обладает мочегонным, противовоспалительным и спазмолитическим действием  Способ приготовления и применения: 1-2 ст.л. травы залить 0,2-0,3 л кипятка, настоять 1 час. Принимать по 1/2 от полученного объема 2 раза в день (утром и в обед) за 10 мин до еды, каждую порцию процеживая через ситечко. Противопоказания: длительное применение может вызвать поражение почек, индивидуальная непереносимость"
"p494","Травяные сборы 100 г","Фиточай при ринитах, насморке «Нос сухой»","50 г","1152",,,"Россия","24 месяца","4690324009870","","8","False","fitochai-pri-rinitakh-nasmorke-nos-sukhoi","https://firebasestorage.googleapis.com/v0/b/travnik-5cc55.firebasestorage.app/o/products%2Ffitochai-pri-rinitakh-nasmorke-nos-sukhoi.jpg?alt=media&token=d70a98d2-439f-4bc0-abf2-a21976f56ddb","https://www.flip.kz/catalog?prod=3319813",,,"Применяется: при ринитах и насморке, связанных с повышенным внутричерепным давлением , а также при аллергических реакциях  Устраняет избыточное накопление внутричерепной жидкости и облегчает носовое дыхание. Для аллергических ринитов рекомендуется сочетать с напитком «Аллергии нет» и мазью «Пыленос». Способ приготовления и применения: 1-2 ст.л. сбора залить 0,2-0,3 л кипятка, настоять 1 час при комнатной температуре. Принимать по 1/3 объёма 3 раза в день за 10-15 минут до еды, последнюю порцию за 30 минут до сна. Противопоказания: индивидуальная непереносимость"
"p495","Травяные сборы 100 г","Фиточай при мочекаменной болезни «Оксалит»","","1152",,,"Россия","24 месяца","4610002411603","","6","False","fitochai-pri-mochekamennoi-bolezni-oksalit","https://firebasestorage.googleapis.com/v0/b/travnik-5cc55.firebasestorage.app/o/products%2Ffitochai-pri-mochekamennoi-bolezni-oksalit.jpg?alt=media&token=074970d2-2723-4dbc-85ad-0b77a17bc04f","https://www.flip.kz/catalog?prod=3319830",,,"Применяется: при мочекаменной болезни , остром и хроническом пиелонефрите  Содействует отхождению песка и камней из почек, особенно оксалатов. Обладает мочегонным, уросептическим и противовоспалительным действием. Способ приготовления и применения: 1-2 ст.л. сбора залить 0,2-0,3 л воды, довести до кипения, потомить 3-4 мин, настоять до остывания, процедить и отжать. Принимать по 1/3 от полученного объема 3 раза в день. Курс 1/2-2 месяца. Противопоказания: индивидуальная непереносимость"
"p496","Травяные сборы 100 г","Ольхи кора","50 г","899",,,"Россия","24 месяца","4610002417391","","0","False","olkhi-kora","https://firebasestorage.googleapis.com/v0/b/travnik-5cc55.firebasestorage.app/o/products%2Folkhi-kora.jpg?alt=media&token=a1aac6e4-2fda-4a37-adf5-5e327bde0227","https://www.flip.kz/catalog?prod=3319838",,,"Применяется: как вяжущее, кровоостанавливающее, бактерицидное, противовоспалительное, болеутоляющее средство  При острых и хронических колитах и энтероколитах, ревматизме и подагре  Наружно — для полосканий при кровоточивости десен  Способ приготовления и применения: 1-2 ст.л. сырья залить 0,2-0,3 л воды, довести до кипения, потомить 3-4 мин, настоять до остывания, процедить. Принимать по 1/3 от полученного объема 3 раза в день до еды. Противопоказания: индивидуальная непереносимость"
"p497","Травяные сборы 100 г","Омелы белой трава","50 г","724",,,"Россия","24 месяца","4610002417476","","13","False","omely-beloi-trava","https://firebasestorage.googleapis.com/v0/b/travnik-5cc55.firebasestorage.app/o/products%2Fomely-beloi-trava.jpg?alt=media&token=8be94057-1036-4a93-9502-db140905355b","https://www.flip.kz/catalog?prod=3319854",,,"Применяются: при атеросклерозе , воспалениях почек и матки, для профилактики онкозаболеваний. При бронхиальной астме, невралгии, гипертонии и повышенной функции щитовидной железы  Используется как спазмолитическое, кровоостанавливающее и противосудорожное средство. Способ приготовления и применения: отвар: 2 ст.л. сырья залить стаканом горячей кипяченой воды и нагреть на водяной бане 15 минут при частом помешивании. Охладить, процедить, отжать. Объем настоя довести до 200 мл. Принимать по 1 ст.л. 3 раза в день за 30 минут до еды. Противопоказания: осторожно! Растение ядовито . Не рекомендуется принимать беременным женщинам."
"p498","Травяные сборы 100 г","Ольхи сережки","50 г","807",,,"Россия","24 месяца","4690324004387","","5","False","olkhi-serezhki","https://firebasestorage.googleapis.com/v0/b/travnik-5cc55.firebasestorage.app/o/products%2Folkhi-serezhki.jpg?alt=media&token=5020802d-9364-47f2-b267-af7718d12521","https://www.flip.kz/catalog?prod=3319867",,,"Применяются: при понижении уровня мужских гормонов , гиперплазии предстательной железы и снижении потенции. Используются для продления физической и половой жизни мужчин  Способ приготовления и применения: 1-2 ст.л. сырья залить 0,2-0,3 л воды, довести до кипения, потомить 3-4 минуты, настоять до охлаждения, отжать. Принимать по 1 ст.л. 3-4 раза в день за 15-20 минут до еды. Противопоказания: индивидуальная непереносимость"
"p499","Травяные сборы 100 г","Напиток чайный при климаксе «Омоложение»","50 г","1152",,,"Россия","24 месяца","4610002410316","","25","False","napitok-chainyi-pri-klimakse-omolozhenie","https://firebasestorage.googleapis.com/v0/b/travnik-5cc55.firebasestorage.app/o/products%2Fnapitok-chainyi-pri-klimakse-omolozhenie.jpg?alt=media&token=ce1e8735-2246-4aa3-9556-5e02cbe19c55","https://www.flip.kz/catalog?prod=3319877","....","1–2 ст/л. сбора залить 0,2–0,3 л кипятка , настоять 1 час при комнатной температуре ⏳ Принимать по 1/3 от полученного объема 3 раза в день, каждую порцию процеживая через ситечко","Рекомендован при старении организма (снижении жизненного тонуса, ухудшении памяти, снижении зрения, слуха и функций других органов чувств), остеопорозе, дряблости кожи, снижении мышечного тонуса  Возрастных изменениях в органах и системах (атеросклероз, ИБС, снижение функций щитовидной железы и надпочечников)  В качестве средства, замедляющего процессы старения и способствующего омоложению организма  Минимальный курс приема: от 1–2 месяцев до полугода  Желательны повторные курсы (2–3 раза в год) с перерывами между ними в 1–2 месяца"
"p500","Травяные сборы 100 г","Папоротника мужского корни","50 г","675",,,"Россия","24 месяца","4610002417599","","40","False","paporotnika-muzhskogo-korni","https://firebasestorage.googleapis.com/v0/b/travnik-5cc55.firebasestorage.app/o/products%2Fpaporotnika-muzhskogo-korni.jpg?alt=media&token=1384b04f-5441-4257-ac05-fa0b9313ff6d","https://www.flip.kz/catalog?prod=3319913",,,"Применяются: при глистных инвазиях  Способ приготовления и применения: 2-3 ч/л. корневища залить 0,3 л воды , довести до кипения, потомить 3-4 мин ⏳, настоять до остывания, процедить Выпить вечером в 1-2 приема, желательно вместе с напитком чайным ""Кишечник без запоров""  Противопоказания: индивидуальная непереносимость"
"p501","Травяные сборы 100 г","Папоротника мужского листья","50 г","576",,,"Россия","24 месяца","4690324006152","","9","False","paporotnika-muzhskogo-listya","https://firebasestorage.googleapis.com/v0/b/travnik-5cc55.firebasestorage.app/o/products%2Fpaporotnika-muzhskogo-listya.jpg?alt=media&token=f6acc338-7115-42a8-94a0-d802e25e16f7","https://www.flip.kz/catalog?prod=3319920",,,"По литературным данным применяются: как противоглистное средство при ленточных паразитах  Как противовоспалительное средство при аднекситах, воспалениях седалищного нерва, ревматизмах, плевритах  Как противосудорожное средство при судорогах икроножных мышц  Способ приготовления и применения: 1-2 ст/л. сырья залить 0,2-0,3 л кипятка , настоять 1 час при комнатной температуре ⏳ Принимать по 1/3 от полученного объема 3 раза в день, каждую порцию процеживая через ситечко Противопоказания: сердечная недостаточность, заболевания ЖКТ, беременность, индивидуальная непереносимость"
"p502","Травяные сборы 100 г","Сбор травяной «Паразитам — стоп»","70 г","3077",,,"Россия","24 месяца","4690324021247","","10","False","sbor-travyanoi-parazitam-stop","https://firebasestorage.googleapis.com/v0/b/travnik-5cc55.firebasestorage.app/o/products%2Fsbor-travyanoi-parazitam-stop.jpg?alt=media&token=6f60bc1f-9305-45b8-971d-842280617552","https://www.flip.kz/catalog?prod=3319933",,,"Назначение: при заражениях различными глистами, грибками, простейшими (хламидиями, лямблиями и др.), сопровождающимися тошнотой, болями в животе, неустойчивым стулом, дискинезией желчевыводящих путей, кожными высыпаниями  Как противопаразитарное, болеутоляющее, противовоспалительное средство  Хорошо восстанавливает пораженные слизистые оболочки, снимает интоксикацию  При лечении «Антипаразитом» рекомендуется совместный прием с желчегонным чаем «Золотистый» для улучшения выведения парализованных паразитов из организма Способ приготовления и применения: 2 ст/л. на 200 мл кипятка  настоять 1 час при комнатной температуре ⏳ Процедить. Принимать по 1/3 стакана 3 раза в день за 10-15 мин до еды Минимальный курс лечения: в зависимости от тяжести поражения от 1-2 до 6-8 месяцев  Обязательным условием оздоровления является наличие ежедневного мягкого обильного стула 2-4 раза в день При необходимости дополнить приемом чайного напитка «Слабительный» на ночь После..."
"p503","Травяные сборы 100 г","Петрушки семена","50 г","1119",,,"Россия","24 месяца","4690324009139","","0","False","petrushki-semena","https://firebasestorage.googleapis.com/v0/b/travnik-5cc55.firebasestorage.app/o/products%2Fpetrushki-semena.jpg?alt=media&token=5c275d36-8c63-46a0-a2e4-9f83533a6f63","https://www.flip.kz/catalog?prod=3319950",,,"Описание: повышает тонус гладкой мускулатуры матки, кишечника, мочевого пузыря  Применяется как мочегонное средство, при водянке и отеках сердечного происхождения, некоторых заболеваниях почек и мочевого пузыря Полезна при цистите, уретрите, мочекаменной болезни, диспепсии, метеоризме, гастрите и язвенной болезни При любых воспалительных процессах и ослабленном зрении, лечит гипотонические и гипокинетические дискинезии желчного пузыря Используется для лечения ран, укрепления десен  Применяется при потере аппетита и расстройстве пищеварения Является хорошим витаминным средством  Она богата витаминами С (в 4 раза больше, чем в лимоне), керотином (на уровне моркови), А, В1, В2, фолиевой кислотой А также солями калия, магния, железа, ферментными веществами Также инулин, который регулирует обмен глюкозы в крови, снимает покраснение кожи и отечность, осветляет кожу, освежает ее, тонизирует  Обладает омолаживающими свойствами, так как предохраняет кожу от морщин, помогает..."
"p504","Травяные сборы 100 г","Фиточай «Печень без гепатита»","50 г","1152",,,"Россия","24 месяца","4690324009566","","22","False","fitochai-pechen-bez-gepatita","https://firebasestorage.googleapis.com/v0/b/travnik-5cc55.firebasestorage.app/o/products%2Ffitochai-pechen-bez-gepatita.jpg?alt=media&token=18dba7f5-df8a-40d1-89ff-1992a5fc51fc","https://www.flip.kz/catalog?prod=3320012",,,"Рекомендован при заболеваниях печени и желчного пузыря различной этиологии (гепатиты — острые и хронические, холециститы, холангиты, циррозы, рак печени)  Хорошее защитное и реабилитационное средство для печени при массивном медикаментозном лечении и интоксикациях различной этиологии  Увеличивается желчевыделение, осуществляется спазмолитическое, антиаллергическое и противовоспалительное действие  Повышается диурез, ускоряется выведение из организма различных токсинов и желчных пигментов  Способ приготовления и применения: 1 ст/л. сырья залить 0,2–0,3 л воды , довести до кипения, потомить 3–4 мин ⏳, настоять до остывания, процедить, отжать Принимать по 1/3 от полученного объема 3 раза в день до еды Минимальный курс приема: 3–4 недели. При хроническом течение болезни целесообразны повторы  Противопоказания: индивидуальная непереносимость ."
"p505","Травяные сборы 100 г","Пион корневища с корнями","50 г","774",,,"Россия","24 месяца","4610002417834","","32","False","pion-kornevishcha-s-kornyami","https://firebasestorage.googleapis.com/v0/b/travnik-5cc55.firebasestorage.app/o/products%2Fpion-kornevishcha-s-kornyami.jpg?alt=media&token=d628d61b-d318-4ddf-b31c-c6a1c501055e","https://www.flip.kz/catalog?prod=3320044",,"• 1–2 ст/л. сырья залить 0,2–0,3 л кипятка , настоять 1 час при комнатной температуре ⏳ Принимать 1/3 от полученного объема 3 раза в день, каждую порцию процеживая через ситечко • настойка: 20 г корня залить 0,2 л водки, настоять в темном месте 10 дней, периодически взбалтывая Противопоказания: индивидуальная непереносимость","Пион обладает седативным эффектом , оказывает противосудорожное действие, помогает при никотиновом отравлении Малотоксичен, не оказывает существенного влияния на артериальное давление, ритм и амплитуду сокращений сердца, дыхание и периферический отдел вегетативной нервной системы  Не влияет на тонус матки, не обладает антигистаминными свойствами Настойка из корней пиона применяется в качестве седативного средства при неврастенических состояниях с явлениями повышенной возбудимости, при бессоннице, фобических и ипохондрических состояниях и вегетативно-сосудистых нарушениях различной этиологии"
"p506","Травяные сборы 100 г","Фиточай «Подагры нет»","70 г","1152",,,"Россия","24 месяца","4610002412686","","23","False","fitochai-podagry-net","https://firebasestorage.googleapis.com/v0/b/travnik-5cc55.firebasestorage.app/o/products%2Ffitochai-podagry-net.jpg?alt=media&token=16ddcaf9-acec-47cd-8489-7e7809baa792","https://www.flip.kz/catalog?prod=3320062",,,"Назначение: при мочекаменной болезни (уратные камни), отеках почечного происхождения, воспалительных заболеваниях почек и мочевого пузыря  В качестве дробящего и растворяющего камни, противовоспалительного, противомикробного, мочегонного средства  Способ приготовления и применения: 1 ст/л. на 200 мл кипятка , настоять 1 час при комнатной температуре ⏳ Процедить. Принимать по 1/3 стакана 3 раза в день за 10-15 мин до еды Минимальный курс лечения: от 1-2 месяцев до полугода и более  При необходимости курсы можно повторять несколько раз в год, делая между ними перерывы в 1-2 месяца Особенности применения: при гломерулонефрите применяется в половинной дозировке"
"p507","Травяные сборы 100 г","Подорожника листья","50 г","807",,,"Россия","24 месяца","4690324001409","","18","False","podorozhnika-listya","https://firebasestorage.googleapis.com/v0/b/travnik-5cc55.firebasestorage.app/o/products%2Fpodorozhnika-listya.jpg?alt=media&token=13b1ebb7-039a-4432-97bc-1f30c5281869","https://www.flip.kz/catalog?prod=3320090",,,"Характеристика: подорожника большого листья содержат слизи, аскорбиновую кислоту, витамин К, дубильные вещества и другие биологически активные вещества  Описание: кусочки листовых пластинок и черешков различной формы. Цвет от светло-зеленого до коричневато-зеленого с коричневыми, белыми, желтовато-белыми и редкими фиолетовыми вкраплениями. Запах слабый. Вкус водного извлечения слегка горьковатый Фармакотерапевтическая группа: отхаркивающее средство растительного происхождения  Фармакологическое действие: настой подорожника большого листьев усиливает секрецию бронхиальных желез, оказывает муколитическое, противовоспалительное действие, стимулирует выделение желудочного сока, повышает его кислотность  Показания к применению: воспалительные заболевания верхних дыхательных путей (бронхиты, трахеиты и т. д.) Противопоказания: повышенная чувствительность к препаратам подорожника большого. Гиперсекреция желудочного сока, язвенная болезнь желудка и..."
"p508","Травяные сборы 100 г","Фиточай, стимулирующий синтез витамина D «Подсолнышек зимний»","50 г","1152",,,"Россия","24 месяца","4610002411788","","0","False","fitochai-stimuliruyushchii-sintez-vitamina-d-podsolnyshek-zimnii","https://firebasestorage.googleapis.com/v0/b/travnik-5cc55.firebasestorage.app/o/products%2Ffitochai-stimuliruyushchii-sintez-vitamina-d-podsolnyshek-zimnii.jpg?alt=media&token=a138894b-1066-4c1a-9e51-02619fe8799a","https://www.flip.kz/catalog?prod=3320114",,,"Рекомендован для восприятия организмом тот спектр солнечного излучения, который стимулирует в организме собственный синтез витаминов группы Д  Необходим для гармоничного физического развития, хорошего состояния волос, ногтей, кожи, нервной системы взрослыми и детям  Способ приготовления и применения: 1-2 ст.л. сбора залить 0,2- 0,3 л. кипятка, настоять 1 час при комнатной температуре. Принимать по 1/3 от полученного объема 3 раза в день за 10 −15 мин до еды, каждую порцию процеживая через ситечко  Остающийся жом использовать для ванн  Противопоказания: индивидуальная непереносимость  Напиток чайный из серии «Башкирский лес» № 34"
"p509","Травяные сборы 100 г","Порезника трава","50 г","1037",,,"Россия","24 месяца","4690324016755","","2","False","poreznika-trava","https://firebasestorage.googleapis.com/v0/b/travnik-5cc55.firebasestorage.app/o/products%2Fporeznika-trava.jpg?alt=media&token=ad58e651-e169-4cda-8e98-cfe428c2f4c0","https://www.flip.kz/catalog?prod=3320122",,,"Применяется: как антибактериальное и противомикробное, мочегонное и ветрогонное средство  Особенно эффективно при заболеваниях желудочно-кишечного тракта, в том числе вирусного происхождения (ротовирусная инфекция), а также при простудах и ОРВИ  Способ приготовления и применения: 1–2 ст/л. травы залить 0,2–0,3 л кипятка  Настоять 1 час при комнатной температуре, принимать по 1/3 от полученного объёма 3 раза в день после еды Противопоказания: индивидуальная непереносимость"
"p510","Травяные сборы 100 г","Посконника трава","50 г","807",,,"Россия","24 месяца","4610002418107","","1","False","poskonnika-trava","https://firebasestorage.googleapis.com/v0/b/travnik-5cc55.firebasestorage.app/o/products%2Fposkonnika-trava.jpg?alt=media&token=b1557cc0-0efd-45a9-85bf-05098ae3a236","https://www.flip.kz/catalog?prod=3320128",,,"Применяется: при нарушении периферического кровообращения, зябкости рук и ног, повышенном давлении, утомляемости, снижении работоспособности, памяти и внимания  Используется при нарушениях сна, головокружениях, головных болях распирающего характера, ревматических болях и артрите  В составе обнаружено вещество, обладающее противоопухолевым действием Применяется как сосудистое, спазмолитическое, обезболивающее, мочегонное и противовирусное средство Способ приготовления и применения: 1–2 ст/л. травы залить 0,2–0,3 л кипятка  Настоять 1 час при комнатной температуре, принимать по 1/3 от полученного объёма 3 раза в день, каждую порцию процеживая через ситечко Противопоказания: индивидуальная непереносимость ."
"p511","Травяные сборы 100 г","Напиток чайный при депигментации кожи зимний «При витилиго»","50 г","1152",,,"Россия","24 месяца","4690324009641","","0","False","napitok-chainyi-pri-depigmentatsii-kozhi-zimnii-pri-vitiligo","https://firebasestorage.googleapis.com/v0/b/travnik-5cc55.firebasestorage.app/o/products%2Fnapitok-chainyi-pri-depigmentatsii-kozhi-zimnii-pri-vitiligo.jpg?alt=media&token=692d7c49-9aff-437c-acae-9e29727b29c5","https://www.flip.kz/catalog?prod=3320138",,,"Витилиго — это заболевание кожи, характеризующееся появлением депигментированных пятен различной формы и величины (дисхромия кожи)  Нормализуется нейроэндокринная система и обменные процессы пациента  При регулярном приёме останавливается развитие болезни и не возникают осложнения, свойственные витилиго (глухота и глаукома)  Способ приготовления и применения: 1–2 ст/л. залить 0,2–0,3 л кипятка , настоять 1 час при комнатной температуре ⏳, процедить. Принимать по 1/3 от полученного объёма 3 раза в день за 10–15 минут до еды, каждую порцию процеживая через ситечко Минимальный курс приёма: от 2–3 месяцев до нескольких лет . Перерыв через каждые 1–2 месяца с недельным приёмом в это время напитков чайных «Печень здоровая» и «Щитовидная железа здоровая»."
"p512","Бальзамы питьевые","Прополисная вода","100 мл","5758",,,"Россия","12 месяцев","4603785226434","","0","False","propolisnaya-voda","https://firebasestorage.googleapis.com/v0/b/travnik-5cc55.firebasestorage.app/o/products%2Fpropolisnaya-voda.jpg?alt=media&token=d8d2ebed-7efa-467f-ba1a-daa8a6a76a58","https://www.flip.kz/catalog?prod=3320147",,"употреблять по 1–2 ч/л. в чистом виде 2 раза в день до еды Противопоказания: индивидуальная непереносимость входящих в состав продуктов, детский возраст до 6 лет Показания: • при заболеваниях верхних дыхательных путей и легких (ОРВИ, грипп, ангина, острые и хронические бронхиты и пневмонии, туберкулез и др.); • при заболеваниях сердечно-сосудистой системы (ишемическая болезнь сердца, стенокардия, артериальные гипертензии, миокардиты, кардиодистрофии, аритмии, атеросклероз), курсы по 1-1,5 месяца 2 раза в год;...","Прополис — это уникальное смолистое ароматическое вещество, собираемое медоносными пчелами с почек лиственных и хвойных деревьев  В его составе смолы, воск и пыльца растений, обогащённые пищеварительными ферментами и прошедшие молочнокислое брожение  Прополис является самым сильным природным антибиотиком, и в этом его уникальность  Бактерии и вирусы не способны адаптироваться к прополису, что подтверждено научными исследованиями"
"p513","Травяные сборы 100 г","Ревня корневища с корнями","50 г","1645",,,"Россия","24 месяца","4690324014072","","0","False","revnya-kornevishcha-s-kornyami","https://firebasestorage.googleapis.com/v0/b/travnik-5cc55.firebasestorage.app/o/products%2Frevnya-kornevishcha-s-kornyami.jpg?alt=media&token=6087427b-b5ea-49b6-8362-a75eadb82ef8","https://www.flip.kz/catalog?prod=3320305",,,"Многолетнее травянистое растение из семейства гречишных, высотой до 2 м., с коротким толстым многоглавым корневищем, от которого отходят мясистые сочные корни . Прикорневые листья округло-яйцевидные, при основании глубокосердцевидные, крупные, длинночерешковые, стеблевые яйцевидные, очередные, с сухим пленчатым раструбом у основания. На втором — третьем году жизни появляются мелкие, правильные, розовые, белые или зеленые цветки, собранные в крупные метельчатые соцветия. Плоды — красно-бурые трехгранные орешки с крылышками. Цветет в июле . Встречается на высокотравных лесных и субальпийских лугах, в травянистых редколесьях, в хвойных и смешанных лесах, среди кустарников в лесной и субальпийской зонах юга Западной Сибири . На приусадебных участках, а также плантациях Мошковского совхоза лекарственных растений, расположенного в Новосибирской области, успешно выращивают Ревень тангутский (Rheum palmatum var. tanguticum Maxim), встречающийся в природных условиях только в северных..."
"p514","Без категории","Гидролат розы","100 мл","2715",,,"Россия","12 месяцев","4690324023630","","13","False","gidrolat-rozy","https://firebasestorage.googleapis.com/v0/b/travnik-5cc55.firebasestorage.app/o/products%2Fgidrolat-rozy.jpg?alt=media&token=8bec10c0-311f-4919-863b-ff6b1b041e72","https://www.flip.kz/catalog?prod=3320312",,"распылять на кожу и волосы, протирать кожу смоченным ватным диском, использовать для обогащения косметических средств, в горячих и холодных компрессах, для приготовления косметического льда  Не содержит искусственных добавок, красителей и консервантов Допускается незначительное образование осадка Противопоказания: индивидуальная непереносимость","Прекрасно борется с возрастными изменениями, предотвращает быстрое старение  Повышает упругость кожи и улучшает цвет лица  Благотворно действует на нервную систему, помогает снять стресс и усталость"
"p515","Травяные сборы 100 г","Фиточай при гипертонии и тахикардии «Сердце громкое»","50 г","1152",,,"Россия","24 месяца","4610002410798","","10","False","fitochai-pri-gipertonii-i-takhikardii-serdtse-gromkoe","https://firebasestorage.googleapis.com/v0/b/travnik-5cc55.firebasestorage.app/o/products%2Ffitochai-pri-gipertonii-i-takhikardii-serdtse-gromkoe.jpg?alt=media&token=172fdcb8-ed1a-429b-be89-3646787d620f","https://www.flip.kz/catalog?prod=3320327",,,"Рекомендован при гипертонической, ишемической болезни сердца, нейроциркуляторной дистонии по гипертоническому типу  Обладает мягким гипотензивным и успокаивающим действием  Нормализует тонус сосудов, обменные процессы миокарда, уменьшает фракцию сердечного выброса (т.е. работает по принципу бета-блокатора)  Способ приготовления и применения: 1-2 ст, л сбора залить 0,2-0,3 л кипятка , настоять 1 час при комнатной температуре ⏳ Принимать по 1/3 от полученного объема 3 раза в день за 10-15 Минимальный курс приема: от 2-3 месяцев до полугода и более  Напиток можно принимать и более длительное время, при необходимости — годами Желательно после каждого месяца приема делать небольшой перерыв в 7-10 дней Во время перерыва пить напитки чайные «Кровь без тромбов» и «Витамины для мозга» Приготовленный настой хранят в прохладном месте не более двух суток"
"p516","Травяные сборы 100 г","Серпухи трава","50 г","2205",,,"Россия","24 месяца","4690324021544","","2","False","serpukhi-trava","https://firebasestorage.googleapis.com/v0/b/travnik-5cc55.firebasestorage.app/o/products%2Fserpukhi-trava.jpg?alt=media&token=1da4a7b4-8dd1-42fa-89df-32f6d38d564c","https://www.flip.kz/catalog?prod=3320330",,,"Применяется: в качестве адаптогена и антиоксиданта  А также противовоспалительного, противолихорадочного, противорвотного, успокоительного средства  При различных желудочных и сердечных заболеваниях, неврозах  Лучшее средство при заболеваниях кожи, сопровождаемыми кератозами (уплотнённый, сухой эпидермис)  Способ приготовления и применения: 1/2-1 ст.л. травы заварить 0,2-0,3 л. кипятка , настоять 1 час при комнатной температуре ⏳ Принимать по 1/3 от полученного объема 3 раза в день непосредственно перед едой, каждую порцию процеживая через ситечко Противопоказания: индивидуальная непереносимость"
"p517","Травяные сборы 100 г","Синяка трава","50 г","807",,,"Россия","24 месяца","4610002418497","","10","False","sinyaka-trava","https://firebasestorage.googleapis.com/v0/b/travnik-5cc55.firebasestorage.app/o/products%2Fsinyaka-trava.jpg?alt=media&token=d0fd408d-a93a-43e4-924a-1d8df6862242","https://www.flip.kz/catalog?prod=3320335",,,"По литературным данным применяется: как отхаркивающее и успокаивающее кашель средство  При коклюше, эпилепсии  Наружно в распаренном виде траву прикладывают при растяжении сухожилий, ревматизме  Способ приготовления и применения: • 1 ч. л. травы залить 0,2 л. воды , довести до кипения, потомить 3–4 мин, настоять до остывания ⏳, процедить Принимать по 1/3 от полученного объема 3 раза в день • настой: 1 ч. л. травы на стакан кипятка , настоять 2–3 часа ⏱ Принимать по 1/3 от полученного объема 3 раза в день Противопоказания: индивидуальная непереносимость"
"p518","Травяные сборы 100 г","Сирени листья","50 г","724",,,"Россия","24 месяца","4610002418527","","10","False","sireni-listya","https://firebasestorage.googleapis.com/v0/b/travnik-5cc55.firebasestorage.app/o/products%2Fsireni-listya.jpg?alt=media&token=099c48ce-1c6b-4730-8de7-55ab347a2944","https://www.flip.kz/catalog?prod=3320337",,,"Применяются: при отложении камней в почках, печени, желчном пузыре  При остеохондрозе, ревматизме, нормализуют минеральный обмен  Способствуют растворению и отхождению камней в виде песка  Как мочегонное, противовоспалительное, обезболивающее средство  Способ приготовления и применения: 1 ст.л. листьев залить 0,2 л. сырой воды , довести до кипения  Настоять 30 минут ⏳, процедить Принимать по 1/3 от полученного объема 3 раза в день Противопоказания: индивидуальная непереносимость"
"p519","Травяные сборы 100 г","Сирени почки","","2998",,,"Россия","24 месяца","4690324005551","","0","False","sireni-pochki","https://firebasestorage.googleapis.com/v0/b/travnik-5cc55.firebasestorage.app/o/products%2Fsireni-pochki.jpg?alt=media&token=8361620e-e289-4bb6-afa6-5e31a7bab8dc","https://www.flip.kz/catalog?prod=3320343",,,"Применяются при сахарном диабете в качестве сахаропонижающего средства  Способствуют снижению уровня глюкозы в крови  Поддерживают обменные процессы организма  Способ приготовления и применения: 0.5–1 ст/л. почек залить 0.2–0.3 л. сырой воды  Довести до кипения , варить 1–2 минуты Настоять 2 часа ⏳, процедить Принимать по 1/4 от полученного объема 4 раза в день Противопоказания: индивидуальная непереносимость"
"p520","Травяные сборы 100 г","Сирени цветки","25 г","724",,,"Россия","24 месяца","4690324005308","","9","False","sireni-tsvetki","https://firebasestorage.googleapis.com/v0/b/travnik-5cc55.firebasestorage.app/o/products%2Fsireni-tsvetki.jpg?alt=media&token=c943d4ba-e255-4d88-bf1b-fbb304e67ba7","https://www.flip.kz/catalog?prod=3320348",,,"Применяются при отложении камней в почках, шуме в голове, язве желудка, кашле, коклюше, одышке, туберкулезе легких, малярии  Как обезболивающее, мочегонное, потогонное средство  Настойка цветков применяется при ревматизме, радикулите, остеохондрозе, остеоартрозе  Способ приготовления и применения: • 1-2 ст. л. сырья залить 0,2-0,3 л. воды , довести до кипения , потомить 3-4 мин, настоять до остывания ⏳, процедить, отжать. Принимать по 1/3 от полученного объема 3 раза в день до еды • настойка: 1 часть цветков настоять 7 дней в 5 частях водки , процедить. Принимать по 20 капель в день; также можно использовать наружно Противопоказания: индивидуальная непереносимость"
"p521","Травяные сборы 100 г","Сон-трава (прострела трава)","50 г","1448",,,"Россия","24 месяца","4690324001829","","5","False","son-trava-prostrela-trava","https://firebasestorage.googleapis.com/v0/b/travnik-5cc55.firebasestorage.app/o/products%2Fson-trava-prostrela-trava.jpg?alt=media&token=6deb9095-c907-4197-ba00-9b8b29c32491","https://www.flip.kz/catalog?prod=3320354",,"1–2 ч/л. травы залить 0,2 л кипятка , настоять 2 часа ⏳, процедить Выпить перед сном  Перед употреблением рекомендуется взбалтывать Противопоказания: индивидуальная непереносимость , заболевания ЖКТ, воспаление почек","Применяется при возбужденной (неврозы, бессонницы) и воспаленной нервной системе  При спазмофилии, мигрени, невритах, невралгиях, радикулитах и др."
"p522","Травяные сборы 100 г","Сосны шишки","50 г","412",,,"Россия","24 месяца","4690324010968","","17","False","sosny-shishki","https://firebasestorage.googleapis.com/v0/b/travnik-5cc55.firebasestorage.app/o/products%2Fsosny-shishki.jpg?alt=media&token=049f305a-cbd5-40be-b3c2-511c91b4b94a","https://www.flip.kz/catalog?prod=3320370",,,"Применяются: при воспалительных заболеваниях полости рта, органов дыхательной системы (ангине, ОРЗ, ОРВИ, бронхите, бронхиальной астме, пневмонии, плеврите, туберкулезе легких и др.)  При подагре, ревматизме, нарушенном обмене веществ с кожными проявлениями, полиартрите  Как сосудистое, улучшающее микроциркуляцию, противовоспалительное, противомикробное, отхаркивающее, мочегонное, нормализующее минеральный обмен, витаминное средство  Для ликвидации последствии инсульта и его профилактики  Способ приготовления и применения: настойка: 50 г. сырья (5 сосновых шишек) залить 0,25 л. водки, настоять 2 недели при комнатной температуре, процедить ⏳ Пить по 1 ч/л. на ночь, добавив в стакан горячего некрепкого чая, желательно с медом в течение 6 мес.  настой: 1–2 ст/л. шишек залить 0,2–0,3 л. кипятка , настоять 1 час при комнатной температуре Принимать по 1/3 от полученного объема 3 раза в день, каждую порцию процеживая через ситечко Противопоказания:..."
"p523","Травяные сборы 100 г","Фитосбор при мужском бесплодии «Спермаген»","50 г","1152",,,"Россия","24 месяца","4610002412532","","6","False","fitosbor-pri-muzhskom-besplodii-spermagen","https://firebasestorage.googleapis.com/v0/b/travnik-5cc55.firebasestorage.app/o/products%2Ffitosbor-pri-muzhskom-besplodii-spermagen.jpg?alt=media&token=c0575548-9381-47f2-ae3c-8b4cc3c8ab0d","https://www.flip.kz/catalog?prod=3320380",,,"Напиток чайный Спермаген — это народное средство, которое представляет собой смесь растительных трав при мужском бесплодии  Чайный напиток рекомендован при нарушении сперматогенеза и патологии сперматозоидов ‍ Гармонизируют уровень мужских половых гормонов и сперматогенез в целом, что способствует зачатию здоровых детей  Напиток чайный Спермаген также укрепляет нервную систему , нормализует углеводный обмен , улучшает сексуальный комфорт  Способ применения травяного сбора: 1–2 ст/л. сбора залить 0,2–0,3 л кипятка  Настоять 1 час при комнатной температуре ⏳ Принимать по 1/3 от полученного объема 3 раза в день за 10–15 минут до еды, каждую порцию процеживая через ситечко Минимальный курс приема: 5–6 месяцев  При хроническом течении состояния целесообразны повторные курсы с перерывами в 1–2 недели В это время пить напиток чайный «Простата-подъем»"
"p524","Травяные сборы 100 г","Стевии трава","50 г","1316",,,"Россия","24 месяца","4690324007463","","23","False","stevii-trava","https://firebasestorage.googleapis.com/v0/b/travnik-5cc55.firebasestorage.app/o/products%2Fstevii-trava.jpg?alt=media&token=48ba30fd-3c17-43bf-8bb2-1e1c9491d69a","https://www.flip.kz/catalog?prod=3320385",,,"Применяется для нормализации уровня сахара в крови  При воспалительных заболеваниях желудка и 12-перстной кишки Для снижения «язвогенного» действия таблеток ацетилсалициловой кислоты и противорадикулитных средств  Как средство, укрепляющее кровеносные сосуды  Понижает в крови содержание холестерина  Нормализует работу печени и желчного пузыря  Предохраняет эмаль зубов от разрушения  Рекомендуется при диабете , кариесе зубов, пародонтозе При язвах ЖКТ, панкреатитах, ожирении При гипертонии и расстройствах пищеварения Способ приготовления и применения: 1–2 ст/л. травы залить 0,2–0,3 л кипятка  Настоять 1 час при комнатной температуре ⏳ Принимать по 1/3 от полученного объема 3 раза в день, каждую порцию процеживая через ситечко Противопоказания: индивидуальная непереносимость"
"p525","Травяные сборы 100 г","Сфагнума (торфяной мох)","50 г","1267",,,"Россия","24 месяца","4690324005704","","4","False","sfagnuma-torfyanoi-mokh","https://firebasestorage.googleapis.com/v0/b/travnik-5cc55.firebasestorage.app/o/products%2Fsfagnuma-torfyanoi-mokh.jpg?alt=media&token=cbbf3eeb-75bc-4488-95f0-5bc7928a5d67","https://www.flip.kz/catalog?prod=3320399",,,"Оказывает бактериостатическое и бактерицидное действие  Активен в отношении микрофлоры гнойных ран Является средством, ускоряющим заживление повреждённых тканей  Способ приготовления и применения: Высушенный сфагнум прикладывается к мокнущим ранам  Держится до пропитывания раневым содержимым ⏳ Снимается, рана обрабатывается антисептическими средствами Сфагнум накладывается снова  Противопоказания: индивидуальная непереносимость"
"p526","Травяные сборы 100 г","Татар-чай (горлянка, железница, лимонник крымский)","50 г","1909",,,"Россия","24 месяца","4690324017684","","11","False","tatar-chai-gorlyanka-zheleznitsa-limonnik-krymskii","https://firebasestorage.googleapis.com/v0/b/travnik-5cc55.firebasestorage.app/o/products%2Ftatar-chai-gorlyanka-zheleznitsa-limonnik-krymskii.jpg?alt=media&token=5c152cb8-1d25-4a4b-ab23-cb0d04e2eafd","https://www.flip.kz/catalog?prod=3320407",,,"По литературным данным обладает тонизирующим, мочегонным, противолихорадочным, противоспалительным, антибактериальным и ранозаживляющим свойствами  Укрепляет иммунитет, поддерживает работоспособность  Эффективное средство при астениях, неврозах, депрессивных состояниях, мужской слабости  Активизирует кору головного мозга, придаёт заряд бодрости и активности  Способ приготовления и применения: 1/2–1 st/л. травы залить 150–200 мл кипятка  Настоять 1 час, процедить ⏳ Принимать по 1/3 от полученного объёма 3 раза в день Противопоказания: индивидуальная непереносимость"
"p527","Бальзамы питьевые","Терпентиновый бальзам 5% (для внутреннего применения)","100 мл","1399",,,"Россия","24 месяца","4690324010791","","0","False","terpentinovyi-balzam-5-dlya-vnutrennego-primeneniya","https://firebasestorage.googleapis.com/v0/b/travnik-5cc55.firebasestorage.app/o/products%2Fterpentinovyi-balzam-5-dlya-vnutrennego-primeneniya.jpg?alt=media&token=86c78013-a525-4b87-a6b0-5e323487d805","https://www.flip.kz/catalog?prod=3320441",,,"Терпентиновый бальзам является эффективным природным антиоксидантом  Он оказывает противоязвенное, антисептическое, антисклеротическое действие, а также нормализует работу желудочно-кишечного тракта и обмен веществ  Ускоряет заживление, уменьшает интоксикацию (отравление) организма при приеме химических препаратов  Благодаря высоким биоэнергетическим свойствам кедровой живицы бальзам обладает общеукрепляющим действием  Снижает синдром хронической усталости, повышает умственную и физическую работоспособность  Является сильнейшим иммуностимулятором  Может применяться при любых заболеваниях как основное или дополнительное средство лечения, как взрослыми, так и детьми ‍‍‍ Регулярное применение терпентинового бальзама восстанавливает защитную функцию клеток на молекулярном уровне  Улучшает мозговое и периферическое кровообращение  Способствует очищению и повышению эластичности сосудов  Нормализует артериальное давление  Способствует насыщению органов и..."
"p528","Травяные сборы 100 г","Топинамбура клубни","50 г","675",,,"Россия","24 месяца","4690324013594","","32","False","topinambura-klubni","https://firebasestorage.googleapis.com/v0/b/travnik-5cc55.firebasestorage.app/o/products%2Ftopinambura-klubni.jpg?alt=media&token=98d52106-f6ec-4f7e-b445-9171d668ab48","https://www.flip.kz/catalog?prod=3320450",,,"Применяются: при сахарном диабете , ожирении , гипертонии , атеросклерозе , тахикардии , ишемической болезни сердца , желудочно-кишечных заболеваниях , анемии , отложении солей , полиартрите , атеросклерозе, нарушении зрения , кариесе  Как антихолестериновое, антиоксидантное , солевыводящее, спазмолитическое, нормализующее обмен веществ , инсулиноподобное средство  Способ приготовления и применения: 1 ст/л. измельченных клубней залить 0,2–0,3 л воды , довести до кипения, потомить 3–4 мин, настоять до остывания ⏳, процедить, отжать Принимать по 1/3 от полученного объема 3 раза в день за 15–20 мин до еды  Противопоказания: индивидуальная непереносимость"
"p529","Травяные сборы 100 г","Топинамбура листья","50 г","626",,,"Россия","24 месяца","4610002419005","","5","False","topinambura-listya","https://firebasestorage.googleapis.com/v0/b/travnik-5cc55.firebasestorage.app/o/products%2Ftopinambura-listya.jpg?alt=media&token=7f1779f5-8e1b-44c2-8417-9aaa498c0133","https://www.flip.kz/catalog?prod=3320456",,,"Применяется: для профилактики и оздоровления при мочекаменной и желчнокаменной болезни, подагре, гастрите с повышенной кислотностью, язве желудка, атеросклерозе, ишемической болезни сердца, сахарном диабете, последствиях облучения  Способ приготовления и применения: 1 ст/л. листьев заварить в 0,75 л кипятка, настоять 8–10 часов, процедить ⏳ Принимать по 0,5 стакана 3–4 раза в день за 15 минут до еды Противопоказания: индивидуальная непереносимость"
"p530","Травяные сборы 100 г","Тополя кора","100 г","724",,,"Россия","24 месяца","4690324004592","","11","False","topolya-kora","https://firebasestorage.googleapis.com/v0/b/travnik-5cc55.firebasestorage.app/o/products%2Ftopolya-kora.jpg?alt=media&token=41a8ff90-403c-47d0-ab3c-53c1b6b6c20e","https://www.flip.kz/catalog?prod=3320463",,,"Тополя кора Применяется: при панкреатите, колите, гастрите, гиперплазии (аденоме) и раке предстательной железы, миомах матки, сахарном диабете, как противогрибковое, противовоспалительное, обезболивающее и ранозаживляющее средство  Используется также для укрепления волос Способ приготовления и применения: 1-2 ст. л. сырья залить 0,2-0,3 л. кипятка, настоять 1 час при комнатной температуре ⏳ Принимать по 1/3 от полученного объема 3 раза в день, каждую порцию процеживая через ситечко Противопоказания: индивидуальная непереносимость"
"p531","Травяные сборы 100 г","Фиточай «Для набора веса»","50 г","1176",,,"Россия","24 месяца","4610002413188","",,"False","fitochai-dlya-nabora-vesa","https://firebasestorage.googleapis.com/v0/b/travnik-5cc55.firebasestorage.app/o/products%2Ffitochai-dlya-nabora-vesa.jpg?alt=media&token=a0f908ad-dd04-4812-88bf-0bd1f59467f7","https://www.flip.kz/catalog?prod=3320466",,,"Напиток чайный при недостаточности веса у женщин применяется при дефиците веса, когда не удаётся нормализовать его специальными диетами, так как причина находится в гормональном нарушении  Восстанавливает обмен веществ, нормализует гормональный фон, способствует усвоению углеводов и белков, снижает чувство страха, тревожности и раздражительности Придаёт бодрость, повышает жизненный тонус, способствует устранению дефицита веса  Способ приготовления и применения: 0-2 столовых ложек сбора залить 0,2-0,3 л кипятка, настоять 1 час при комнатной температуре ⏳ Принимать по 1/3 от полученного объема 3 раза в день за 10-15 минут до еды, каждую порцию процеживая через ситечко Противопоказания: индивидуальная непереносимость"
"p532","Травяные сборы 100 г","Фиточай для усиления эффекта от тренировок «Фитнес»","50 г","1053",,,"Россия","24 месяца","4610002413218","","9","False","fitochai-dlya-usileniya-effekta-ot-trenirovok-fitnes","https://firebasestorage.googleapis.com/v0/b/travnik-5cc55.firebasestorage.app/o/products%2Ffitochai-dlya-usileniya-effekta-ot-trenirovok-fitnes.jpg?alt=media&token=b450529b-6654-4da2-a189-3e2cee284e0e","https://www.flip.kz/catalog?prod=3320474",,"1-2 ст/л. сбора залить 0,2-0,3 л кипятка , настоять 1 час при комнатной температуре ⏳ Принимать по 1/3 от полученного объема 3 раза в день за 10-15 мин до еды, каждую порцию процеживая через ситечко","Травы, входящие в состав напитка, великолепно снабжают кислородом ткани и интенсивно сокращающиеся мышцы, эффективно выводят молочную кислоту, нормализуют кровообращение и липидный обмен  Рекомендован для людей, занимающихся спортом и ведущих активный образ жизни"
"p533","Бальзамы питьевые","Флорентинная вода (экстракт хвои сосны сибирской)","1.55 л","3044",,,"Россия","24 месяца","4690324023869","","0","False","florentinnaya-voda-ekstrakt-khvoi-sosny-sibirskoi","https://firebasestorage.googleapis.com/v0/b/travnik-5cc55.firebasestorage.app/o/products%2Fflorentinnaya-voda-ekstrakt-khvoi-sosny-sibirskoi.jpg?alt=media&token=2e369e56-792a-4c99-a6ee-3371d69cef4a","https://www.flip.kz/catalog?prod=3320486",,"по 1–5 столовых ложек в день Противопоказания: индивидуальная непереносимость","Кровоочищающее и улучшающее кроветворение средство, обеспечивает антиоксидантную защиту, насыщает организм витаминами, минералами и биологически активными веществами  Способствует активному отхаркиванию и облегчает кашель, уменьшает воспаление в органах дыхания и мочеполовой системы Способствует улучшению работы почек, растворению и удалению конкрементов, устраняет застой желчи, защищает от вирусных инфекций, укрепляет иммунитет  Повышает физические силы, интеллект, концентрацию внимания и память"
"p534","Бальзамы питьевые","Флорентинная вода (экстракт хвои сосны сибирской)","0.55 мл","1530",,,"Россия","24 месяца","4690324022220","","8","False","florentinnaya-voda-ekstrakt-khvoi-sosny-sibirskoi-2","https://firebasestorage.googleapis.com/v0/b/travnik-5cc55.firebasestorage.app/o/products%2Fflorentinnaya-voda-ekstrakt-khvoi-sosny-sibirskoi-2.jpg?alt=media&token=74a3d73a-7935-4117-b8a1-90640c159102","https://www.flip.kz/catalog?prod=3320513",,"по 1–5 столовых ложек в день Противопоказания: индивидуальная непереносимость","Кровоочищающее и улучшающее кроветворение средство, обеспечивает антиоксидантную защиту, насыщает организм витаминами, минералами и биологически активными веществами  Способствует активному отхаркиванию и облегчает кашель, уменьшает воспаление в органах дыхания и мочеполовой системы Способствует улучшению работы почек, растворению и удалению конкрементов, устраняет застой желчи, защищает от вирусных инфекций, укрепляет иммунитет  Повышает физические силы, интеллект, концентрацию внимания и память"
"p535","Травяные сборы 100 г","Хмеля корни","50 г","1363",,,"Россия","24 месяца","4610002419296","","0","False","khmelya-korni","https://firebasestorage.googleapis.com/v0/b/travnik-5cc55.firebasestorage.app/o/products%2Fkhmelya-korni.jpg?alt=media&token=a3e71a54-01cf-446e-a4e5-cc26d4bb6074","https://www.flip.kz/catalog?prod=3320531",,,"Применяются: при раке печени и других локализаций  При воспалительных процессах в кишечнике (энтероколиты, неспецифический язвенный колит и др.) Как противоопухолевое средство  Способ приготовления и применения: 1–2 ст/л. сырья залить 0,2–0,3 л воды, довести до кипения, потомить 3–4 мин, настоять до остывания, процедить Принимать по 1/4 от полученного объёма 3–4 раза в день Противопоказания: индивидуальная непереносимость"
"p536","Травяные сборы 100 г","Напиток чайный «Холестерин-норма»","","1053",,,"Россия","24 месяца","4610002411573","","0","False","napitok-chainyi-kholesterin-norma-2","https://firebasestorage.googleapis.com/v0/b/travnik-5cc55.firebasestorage.app/o/products%2Fnapitok-chainyi-kholesterin-norma-2.jpg?alt=media&token=2341084d-831b-402f-8a2b-349326dca7fe","https://www.flip.kz/catalog?prod=3320548",,"1–2 ст/л. сырья залить 0,2–0,3 л кипятка, настоять 1 час при комнатной температуре. Принимать по 1/3 от полученного объёма 3 раза в день, каждую порцию процеживая.","Напиток чайный «Нормахолестерин» обладает ярко выраженным гипохолестериновым действием  Стимулирует липидный обмен, воздействуя на биосинтез гормонов коры надпочечников, что приводит к утилизации холестерина и общему омоложению организма мужчин и женщин  В качестве средства, ускоряющего обменные процессы, повышающего общую энергетику, жизненный тонус и понижения уровня холестерина, а в первую очередь ЛПНП"
"p537","Травяные сборы 100 г","Цикория трава","50 г","576",,,"Россия","24 месяца","4610002419333","","13","False","tsikoriya-trava","https://firebasestorage.googleapis.com/v0/b/travnik-5cc55.firebasestorage.app/o/products%2Ftsikoriya-trava.jpg?alt=media&token=784a69e4-1b3b-40d0-bc24-e358abc46512","https://www.flip.kz/catalog?prod=3320551",,,"Применяется при заболеваниях желудочно-кишечного тракта, печени, диспепсии, панкреатите, диабете  Как улучшающее пищеварение, регулирующее обмен веществ, гипогликемическое средство  Оказывает желчегонное и мочегонное действие. Способ приготовления и применения: 1–2 ст/л. травы залить 0,2–0,3 л кипятка, настоять 1 час при комнатной температуре. Принимать по 1/3 от полученного объёма 3 раза в день, каждую порцию процеживая через ситечко. Противопоказания: индивидуальная непереносимость."
"p538","Травяные сборы 100 г","Частухи трава","50 г","1958",,,"Россия","24 месяца","4690324007746","","1","False","chastukhi-trava","https://firebasestorage.googleapis.com/v0/b/travnik-5cc55.firebasestorage.app/o/products%2Fchastukhi-trava.jpg?alt=media&token=d2afe6dc-96d4-4054-af41-3b8a4a69fb07","https://www.flip.kz/catalog?prod=3320563",,,"Применяется: при заболеваниях желудочно-кишечного тракта, печени, желчного пузыря, дискинезиях желчевыводящих путей, желчекаменной болезни  При бронхитах, бронхиальной астме, воспалении лёгких, как тонизирующее и общеукрепляющее средство Обладает антисептическим, противовоспалительным, отхаркивающим, обезболивающим действием Возбуждает аппетит, активизирует пищеварение и стимулирует обмен веществ в организме  Способствует улучшению слуха Способ приготовления и применения: 1 ст/л. травы залить 0,2–0,3 л кипятка, настоять 1 час при комнатной температуре Принимать по 1/3 от полученного объёма 3 раза в день до еды, каждую порцию процеживая через ситечко Противопоказания: индивидуальная непереносимость"
"p539","Травяные сборы 100 г","Черной травы (венериного башмачка) листья","3 г","5347",,,"Россия","24 месяца","4690324006886","","3","False","chernoi-travy-venerinogo-bashmachka-listya","https://firebasestorage.googleapis.com/v0/b/travnik-5cc55.firebasestorage.app/o/products%2Fchernoi-travy-venerinogo-bashmachka-listya.jpg?alt=media&token=df5dd21d-a1d5-487a-a009-8d9852ebec23","https://www.flip.kz/catalog?prod=3320571",,,"Применяются: при эпилепсии, эписиндромах, неврозах, возбужденном состоянии  В качестве успокаивающего и противосудорожного средства  Способ приготовления и применения: 1 ч. л. листьев залить 0,1 л. кипятка , настоять 1 час при комнатной температуре ⏳, процедить. Выпить за 20 минут до сна . Спать не на низкой подушке . Курс приема: длительно. Желательно сочетать с приемом напитков чайных «Голова умная», «Голова без слез», «Адаптогенный — не боюсь»  Противопоказания: индивидуальная непереносимость."
"p540","Травяные сборы 100 г","Чернокорня трава","50 г","724",,,"Россия","24 месяца","4690324005728","","1","False","chernokornya-trava","https://firebasestorage.googleapis.com/v0/b/travnik-5cc55.firebasestorage.app/o/products%2Fchernokornya-trava.jpg?alt=media&token=29b4e8c2-4a3b-46e6-bb14-9ef693f74a44","https://www.flip.kz/catalog?prod=3320586",,,"Применяется: для стимуляции регенерации тканей при переломах костей  При воспалительных процессах в мягких тканях травматического и инфекционного происхождения  Или вызванных нарушением обмена веществ, артрических, ревматических и подагрических болях в суставах  Как противовоспалительное, вяжущее, противосудорожное, успокаивающее средство при болях в желудке и кишечнике  Способ приготовления и применения: • 1-3 ч.л. травы залить 0,2-0,3 л кипятка , настоять 1 час при комнатной температуре ⏳ Принимать 3 раза в день равными порциями после еды  • наружно: траву обварить кипятком, завернуть в марлю и применять как обезболивающее средство  Противопоказания: индивидуальная непереносимость."
"p541","Травяные сборы 100 г","Чины весенней трава (сочевичник)","50 г","953",,,"Россия","24 месяца","4610002418763","","0","False","chiny-vesennei-trava-sochevichnik","https://firebasestorage.googleapis.com/v0/b/travnik-5cc55.firebasestorage.app/o/products%2Fchiny-vesennei-trava-sochevichnik.jpg?alt=media&token=9d79ffcb-0c34-464a-a641-0138d49c84e7","https://www.flip.kz/catalog?prod=3320592",,,"Применяется: при ангине, задержке мочи, бронхиальной астме  Для регуляции сердечной деятельности  Как обезболивающее, ранозаживляющее, противовоспалительное средство Наружно — для промывания гнойных ран и язв  Способ приготовления и применения: 1 ч. л. травы залить 0,3 л кипятка  Настоять 1 час при комнатной температуре ⏳ Принимать по 1/3 от полученного объема 3 раза в день, каждую порцию процеживая через ситечко Настоем полоскать горло при воспалительных процессах  Противопоказания: индивидуальная непереносимость"
"p542","Травяные сборы 100 г","Щавеля конского корневища и корни","","576",,,"Россия","24 месяца","4610002416004","","22","False","shchavelya-konskogo-kornevishcha-i-korni","https://firebasestorage.googleapis.com/v0/b/travnik-5cc55.firebasestorage.app/o/products%2Fshchavelya-konskogo-kornevishcha-i-korni.jpg?alt=media&token=596ea005-42bb-4f7a-8550-6187f4ca66f4","https://www.flip.kz/catalog?prod=3320602",,,"Применяются: как вяжущее, слабительное, кровоостанавливающее, обезболивающее, противовоспалительное средство  Способ приготовления и применения: • в качестве слабительного — 1 ст/л. на 0,2 л воды, кипятить 10–15 минут , процедить в теплом виде. Принимать по 1/3 от полученного объема 3 раза в день; • в качестве вяжущего — 1 ч/л. на 0,2 л воды, кипятить 30 минуи, процедить в теплом виде Принимать по 1 ст/л. 3 раза в день. Перед употреблением настой рекомендуется взбалтывать ⏳ Противопоказания: индивидуальная непереносимость."
"p543","Травяные сборы 100 г","Фиточай «Щитовидная железа без воспалений» при диффузном токсическом зобе и Базедовой болезни","","1152",,,"Россия","24 месяца","4690324009931","","0","False","fitochai-shchitovidnaya-zheleza-bez-vospalenii-pri-diffuznom-toksicheskom-zobe-i","https://firebasestorage.googleapis.com/v0/b/travnik-5cc55.firebasestorage.app/o/products%2Ffitochai-shchitovidnaya-zheleza-bez-vospalenii-pri-diffuznom-toksicheskom-zobe-i.jpg?alt=media&token=0973bdf8-7c8f-484f-be4b-ffba9db4252d","https://www.flip.kz/catalog?prod=3320614",,,"Основные показания: диффузный токсический зоб — это заболевание, при котором наблюдается увеличение щитовидной железы с избыточным количеством, по анализам, тиреоидных гормонов  Прием напитка способствует более успешному оздоровлению, вероятность рецидивов уменьшается  Нормализуется функция щитовидной железы, улучшается сон, деятельность сердечно-сосудистой системы, восстанавливается ранее утраченная масса тела  Способ приготовления и применения: 1–2 ст/л. сбора залить 0,2–0,3 л кипятка , настоять 1 час при комнатной температуре ⏳. Принимать после еды, каждую порцию процеживая через ситечко Минимальный курс приема: принимать в течение 1,5–2 лет, при необходимости и дольше ."
"p544","Травяные сборы 100 г","Эвкалипта листья","50 г","905",,,"Россия","24 месяца","4610002419722","","26","False","evkalipta-listya","https://firebasestorage.googleapis.com/v0/b/travnik-5cc55.firebasestorage.app/o/products%2Fevkalipta-listya.jpg?alt=media&token=aaf79cba-4975-4489-830d-f1ef2d11f388","https://www.flip.kz/catalog?prod=3320628",,,"Применяются: при острых респираторно-вирусных и острых желудочно-кишечных заболеваниях  При заболеваниях дыхательных путей, маститах, абсцессах, флегмонах, фурункулах, обморожениях  При воспалительных заболеваниях женских половых органов  Наружно для ингаляций (в виде настойки), промываний, полосканий, спринцеваний Как противовоспалительное, антисептическое, обезболивающее, отхаркивающее средство Способ приготовления и применения: 1–2 ст/л. листьев залить 0,2–0,3 л кипятка  Настоять 1 час при комнатной температуре ⏳Принимать по 1/3 от полученного объема 3 раза в день, каждую порцию процеживая через ситечко. Противопоказания: индивидуальная непереносимость ."
"p545","Уксусы","Уксус яблочный (из лесных яблонь)","500 мл","2896",,,"Россия","12 месяцев","4690324016069","","24","False","uksus-yablochnyi-iz-lesnykh-yablon","https://firebasestorage.googleapis.com/v0/b/travnik-5cc55.firebasestorage.app/o/products%2Fuksus-yablochnyi-iz-lesnykh-yablon.jpg?alt=media&token=c507f0dd-1711-45ae-8127-5570a4300918","https://www.flip.kz/catalog?prod=3320639",,"развести 1–2 ст. л. уксуса в 50–100 мл воды (по вкусу), принять после приёма пищи, особенно после белковой. Использовать для...","Содержит комплекс минеральных веществ (соединения калия, кальция, фосфора, натрия, кремния, магния, серы, железа, меди и др.)  Содержит органические кислоты (уксусная, яблочная, лимонная, щавелевая и др.), витамины А, группы В, С, Е . Активизирует обмен веществ, нормализует аппетит, улучшает переваривание и усвоение белков, жиров и углеводов. Выводит шлаки и способствует нормализации веса. Применяется для профилактики остеопороза, артритов, регуляции работы почек, пищеварительной системы, артериального давления и сердечного ритма . Ополаскивание волос с добавлением яблочного уксуса придаёт волосам силу и блеск, помогает при ломкости и перхоти ‍. При наружном применении убирает пигментные пятна, сосудистые звёздочки, зуд и раздражение кожи, в том числе при укусах насекомых . Уксус получен путём натуральной ферментации ."
"p546","Травяные сборы 100 г","Ясенца (купина неопалимая) корень","50 г","1629",,,"Россия","24 месяца","4690324021582","","0","False","yasentsa-kupina-neopalimaya-koren","https://firebasestorage.googleapis.com/v0/b/travnik-5cc55.firebasestorage.app/o/products%2Fyasentsa-kupina-neopalimaya-koren.jpg?alt=media&token=b48858eb-ebcb-446e-9163-22d586073c36","https://www.flip.kz/catalog?prod=3320641",,,"Применяется в качестве противомикробного, противопаразитарного, противовоспалительного, успокаивающего средства  Эффективно при дерматитах и экземе, трихомонадном вагините, цистите и других микробных, бактериальных и грибковых заболеваниях мочеполовой системы  Применяется в том числе при миоме, эрозии шейки матки, а также при мастопатии  Способ приготовления и применения: 1 чайная ложка корня залить 0,2–0,3 литра воды  Довести до кипения, томить 4 минуты, настоять 1 час при комнатной температуре ⏳ Принимать по 1/3 от полученного объема 3 раза в день непосредственно перед едой, каждую порцию процеживая через ситечко. Противопоказания: индивидуальная непереносимость ."
"p547","Травяные сборы 100 г","Ясенца (купина неопалимая) трава","50 г","2994",,,"Россия","24 месяца","4690324021599","","2","False","yasentsa-kupina-neopalimaya-trava","https://firebasestorage.googleapis.com/v0/b/travnik-5cc55.firebasestorage.app/o/products%2Fyasentsa-kupina-neopalimaya-trava.jpg?alt=media&token=821c14e9-9aa5-4d21-9a84-c37a0faa514b","https://www.flip.kz/catalog?prod=3320647",,,"Применяется в качестве противомикробного, противопаразитарного, противовоспалительного, успокаивающего средства  Эффективно при метеоризме и гастрите, глистных инвазиях, хронических заболеваниях мочеполовой системы  Применяется при эпилепсии, радикулите, астении, переутомлении и бессоннице  Способ приготовления и применения: 1–3 ч/л. травы заварить 0,2–0,3 л кипятка  Настоять 1 час при комнатной температуре ⏳ Принимать по 1/3 от полученного объема 3 раза в день непосредственно перед едой, каждую порцию процеживая через ситечко Противопоказания: индивидуальная непереносимость"
"p548","Травяные сборы 100 г","Ясменника трава","50 г","1234",,,"Россия","24 месяца","4610002419876","","14","False","yasmennika-trava","https://firebasestorage.googleapis.com/v0/b/travnik-5cc55.firebasestorage.app/o/products%2Fyasmennika-trava.jpg?alt=media&token=dcffb3e3-14cf-4d31-8967-6ce9e6d7e453","https://www.flip.kz/catalog?prod=3320654",,,"Применяется: улучшает обмен веществ , успокаивает нервную систему  Устраняет бессонницу , регулирует работу сердца  Облегчает болезненные менструации  Препятствует образованию песка и камней в мочевом пузыре  Применяется как геронтологичечкое средство  Способ приготовления и применения: 2 ч/л. сухой травы залить 0,2 л холодной кипяченой воды  Настоять в закрытой посуде 4 часа ⏳, процедить Принимать по 1/3 от полученного объема 3 раза в день до еды Противопоказания: индивидуальная непереносимость"
"p549","Травяные сборы 100 г","Яснотки пурпурной трава","50 г","757",,,"Россия","24 месяца","4690324007203","","0","False","yasnotki-purpurnoi-trava","https://firebasestorage.googleapis.com/v0/b/travnik-5cc55.firebasestorage.app/o/products%2Fyasnotki-purpurnoi-trava.jpg?alt=media&token=c0d3259c-6866-4fb3-9c72-ee733dab8dd7","https://www.flip.kz/catalog?prod=3320663",,"• 1-2 с л. травы залить 0,2-0,3 л. кипятка , настоять 1 час при комнатной температуре ⏳. Принимать по 1/3 от полученного объема 3 раза в день, каждую порцию процеживая через ситечко • наружно, в том числе при ожогах и фурункулах : в виде настоя 3 ст.л. травы настоять в термосе в 0,5 л. кипятка; в виде отвара: 1 ст.л. травы залить 1 л. воды, прокипятить, процедить","Обладает кровоостанавливающим, маткосокращающим, кровоочистительным, противовоспалительным действием ; при бронхитах, фурункулезе, кровотечениях, кожных заболеваниях (фурункулы, гнойнички)"
"p550","Травяные сборы 100 г","Ястребинки трава","50 г","1086",,,"Россия","24 месяца","4690324007524","","3","False","yastrebinki-trava","https://firebasestorage.googleapis.com/v0/b/travnik-5cc55.firebasestorage.app/o/products%2Fyastrebinki-trava.jpg?alt=media&token=45c720cd-6f82-472d-9c6a-9f70d752d5a5","https://www.flip.kz/catalog?prod=3320671",,,"Применяется: при диатезах, кожных сыпях, грыже, туберкулезе легких, куриной слепоте и воспалении глаз , кровотечениях и поносах; в качестве противовоспалительного, вяжущего, кровоостанавливающего, кровоочистительного и болеутоляющего средства  Способ приготовления и применения: 1,5-2 ст.л. травы залить 0,2-0,3 л. кипятка , настоять 2-3 часа ⏳ Принимать по 1/3 от полученного объема 3 раза в день до еды Противопоказания: индивидуальная непереносимость"
"p551","Травяные сборы 100 г","Фиточай кровоостанавливающий «Гемастоп»","50 г","1152",,,"Россия","24 месяца","4690324009665","","2","False","fitochai-krovoostanavlivayushchii-gemastop","https://firebasestorage.googleapis.com/v0/b/travnik-5cc55.firebasestorage.app/o/products%2Ffitochai-krovoostanavlivayushchii-gemastop.jpg?alt=media&token=607cebea-246c-4810-b4a0-35be7bb348c7","https://www.flip.kz/catalog?prod=3321583",,,"Применяется при кровотечениях различной локализации у мужчин  Женщинам для профилактики осложнений в послеродовый и послеоперационный период, при неспецифических язвенных колитах; обильных менструациях с розово-красными отделениями, как кровоостанавливающее средство Нормализует состояние свертывающей системы крови  Способ приготовления и применения: 1-2 ст.л. сбора залить 0,2-0,3 л. кипятка , настоять 1 час при комнатной температуре ⏳ Принимать по 1/3 от полученного объема 3 раза в день, к каждую порцию процеживая через ситечко Особенности применения: для усиления эффекта настой может использоваться и местно (для микроклизм и гинекологических ванночек) Напиток обладает вяжущим действием, поэтому при склонности к запору, дополнительно применяется напиток чайный «Кишечник без запоров-1»  Минимальный курс приема: до достижения эффекта Женщинам — напиток «Гемастоп» можно успешно чередовать с напитком «Матка здоровая»"
"p552","Травяные сборы 100 г","Горечавки трава","50 г","1136",,,"Россия","24 месяца","4610002414536","","2","False","gorechavki-trava","https://firebasestorage.googleapis.com/v0/b/travnik-5cc55.firebasestorage.app/o/products%2Fgorechavki-trava.jpg?alt=media&token=7a636a62-06b6-4fea-97e5-ffd82e2d971b","https://www.flip.kz/catalog?prod=3321598",,"2-3 ч. л. травы залить 0,2-0,3 л. кипятка  настоять 1 час при комнатной температуре ⏳ Принимать по 1/3 от полученного объема 3 раза в день, каждую порцию процеживая через ситечко Можно заваривать неоднократно, пока настой будет горьким","Применяется при различных заболеваниях связанных с недостаточностью иммунитета (герпес, ОРВИ, в т. ч. грипп, ОРЗ) , гельминтозами, при всех тяжелых заболеваниях, в т. ч. и онкологии В качестве горечи для улучшения аппетита, переваривания пищи и поднятия общего тонуса  Противовирусного, антимикробного и антигельминтного средства"
"p553","Травяные сборы 100 г","Гречихи трава","50 г","576",,,"Россия","24 месяца","4610002414659","","7","False","grechikhi-trava","https://firebasestorage.googleapis.com/v0/b/travnik-5cc55.firebasestorage.app/o/products%2Fgrechikhi-trava.jpg?alt=media&token=800b8e1e-b862-4d74-b68a-bd0ff95476e5","https://www.flip.kz/catalog?prod=3321607",,,"Гречихи трава  Гречиха — это полезная трава. Ее часто заготавливают в лекарственных целях для производства фармакологических и народных препаратов. Часто используется в деле семена и трава растения. Из гречихи даже производят крайне полезную муку. Трава демонстрирует отхаркивающее, гипотоническое, антисклерозное воздействие . Продукт содержит в своей структуре рутин, а этот ингредиент помогает увеличить проницаемость капилляров, понижает также и их ломкость. Сосуды становятся здоровее после начала потребления растения . В строении продукции имеется также лецитин, потому трава рекомендуется к применению в печеночных недугах, для излечения нервной системы, сердечных хворей и сахарного диабета . Из травы производят крайне полезный гречишный мед . В структуре травы имеются углеводы, что усваиваются длительное время, многие люди после потребления гречки остаются сытыми продолжительное время и не желают кушать . Трава помогает излечивать даже кожные недуги, ведь из..."
"p554","Травяные сборы 100 г","Фиточай для кормящих мам лактогонный «Грудное вскармливание»","50 г","1152",,,"Россия","24 месяца","4610002411375","","4","False","fitochai-dlya-kormyashchikh-mam-laktogonnyi-grudnoe-vskarmlivanie","https://firebasestorage.googleapis.com/v0/b/travnik-5cc55.firebasestorage.app/o/products%2Ffitochai-dlya-kormyashchikh-mam-laktogonnyi-grudnoe-vskarmlivanie.jpg?alt=media&token=3698d582-3853-46bf-b5d8-63859dc75de0","https://www.flip.kz/catalog?prod=3321616",,"1-2 ст.л. сбора залить 0,2-0,3 л. кипятка , настоять 1 час при комнатной температуре ⏳ Принимать по 1/3 от полученного объема 3 раза в день за 10-15 минут до еды, каждую порцию процеживая через ситечко","Основные показания: недостаток молока у кормящих матерей  Усиливается лактация в послеродовый период, при этом качество молока улучшается  Улучшает пищеварение, успокаивает нервную систему, нормализует сон, настроение мамы и ребенка"
"p555","Травяные сборы 100 г","Напиток чайный для увеличения объема груди «Грудь красивая, пышная»","50 г","1152",,,"Россия","24 месяца","4610002413034","","16","False","napitok-chainyi-dlya-uvelicheniya-obema-grudi-grud-krasivaya-pyshnaya","https://firebasestorage.googleapis.com/v0/b/travnik-5cc55.firebasestorage.app/o/products%2Fnapitok-chainyi-dlya-uvelicheniya-obema-grudi-grud-krasivaya-pyshnaya.jpg?alt=media&token=00c4af9a-fa46-4d19-8e6a-217790350514","https://www.flip.kz/catalog?prod=3321625",,"1-2 ст.л. сбора залить 0,2-0,3 л. кипятка , настоять 1 час при комнатной температуре ⏳ Принимать по 1/3 полученного объема 3 раза в день за 10-15 мин до еды, каждую порцию процеживая через ситечко","Нормализует гормональный обмен женской половой сферы , улучшает циркуляцию крови в молочных железах, способствует их росту Создает изящные очертания груди, делая ее упругой, пышной, эластичной  Поднимет настроение, снимает нервное и физическое напряжение"
"p556","Мази и кремы","Крем для ног при варикозе и отеках «Травушка-муравушка»","60 г","2402",,,"Россия","24 месяца","4690324020356","","7","False","krem-dlya-nog-pri-varikoze-i-otekakh-travushka-muravushka","https://firebasestorage.googleapis.com/v0/b/travnik-5cc55.firebasestorage.app/o/products%2Fkrem-dlya-nog-pri-varikoze-i-otekakh-travushka-muravushka.jpg?alt=media&token=03cbb2bd-5992-4fd0-a635-0600b6e11b0f","https://www.flip.kz/catalog?prod=3321642",,"наносить крем на чистую кожу стоп мягкими массажными движениями","Смягчающий крем для ног нежный и бархатистый  Увлажняет и питает сухую кожу ног, успокаивает и тонизирует, улучшает питание клеток  Входящий в состав крема конский каштан укрепляет стенки сосудов и уменьшает отечность  Способствует охлаждению и приданию чувства легкости в ногах  Создает ощущение комфорта на целый день"
"p557","Травяные сборы 100 г","Ветреницы алтайской трава","25 г","1267",,,"Россия","24 месяца","4690324007142","","0","False","vetrenitsy-altaiskoi-trava","https://firebasestorage.googleapis.com/v0/b/travnik-5cc55.firebasestorage.app/o/products%2Fvetrenitsy-altaiskoi-trava.jpg?alt=media&token=2df17919-7609-4bd3-b9ab-f64d79c0ff5b","https://www.flip.kz/catalog?prod=3321682",,,"Применяется даже при тяжелых и запущенных случаях инфекционных заболеваний , когда уже произошло привыкание болезнетворной флоры к антибиотикам (пара- и венерические заболевания, инфекции мочеполовой сферы) В качестве эффективного противоинфекционного средства желательно совместно с натуральными общеукрепляющими иммунокорректирующими средствами  Способ приготовления и применения: 1-2 ст. л. сырья залить 0,2-0,3 л кипятка , настоять 1 час при комнатной температуре ⏳ Принимать по 1/3 от полученного объема 3 раза в день, каждую порцию процеживая через ситечко Противопоказания: индивидуальная непереносимость"
"p558","Травяные сборы 100 г","Фиточай «Волосы без седины»","50 г","1152",,,"Россия","24 месяца","4690324009788","","17","False","fitochai-volosy-bez-sediny","https://firebasestorage.googleapis.com/v0/b/travnik-5cc55.firebasestorage.app/o/products%2Ffitochai-volosy-bez-sediny.jpg?alt=media&token=244e2300-e46d-4335-874c-14d7c8e2b83a","https://www.flip.kz/catalog?prod=3321689",,"1-3 ст. л. залить 0,2-0,5 л воды, довести до кипения , потомить 2-3 мин., настоять 1 час ⏳ Выпить в течении дня произвольно в 2-3 приема","Рекомендован для предупреждения и/или при ранней седине  В качестве средства, улучшающего ликвородинамику и венозный отток от головы, усиливающего приток артериальной крови в сосуды скальпа, что обеспечивает волосяные луковицы питательными веществами и кислородом  Способствует восстановлению выработки мелатонина за счет улучшения работы гипофиза и меланоцитов  При регулярном употреблении останавливается развитие депигментации (поседение) волос и, таким образом, не только замедляется поседение, но и происходит уменьшение седины"
"p559","Травяные сборы 100 г","Фиточай от облысения «Волосы густые»","50 г","1152",,,"Россия","24 месяца","4690324009887","","27","False","fitochai-ot-oblyseniya-volosy-gustye","https://firebasestorage.googleapis.com/v0/b/travnik-5cc55.firebasestorage.app/o/products%2Ffitochai-ot-oblyseniya-volosy-gustye.jpg?alt=media&token=ec77064c-a09d-464f-ab5c-0b638dced3dc","https://www.flip.kz/catalog?prod=3321710",,"1-2 ст л сбора залить 0,2-0,3 л воды, довести до кипения , потомить 3-4 мин, настоять до остывания, процедить, отжать Выпить в течение дня произвольно, 50-100 мл настоя принять за 20 минут до сна В первые дни возможен дискомфорт — это реакция на восстановление кровообращения","Рекомендован при явных признаках облысения  За счет нормализации оттока венозной крови, устранения слизи в крови и лимфе напиток чайный улучшает микроциркуляцию в сосудах волосяных сумок, что препятствует выпадению волос  При регулярном приеме активируется система роста волос, волосяной покров восстанавливается  Минимальный курс приема: 2-3 месяца Целесообразны повторные курсы (2-3 раза в год) с перерывами между ними в 1-2 недели Важно выполнение рекомендаций по организации сна"
"p560","Травяные сборы 100 г","Фиточай «Волосы и ногти здоровые (Краса)»","50 г","1152",,,"Россия","24 месяца","4610002413065","","3","False","fitochai-volosy-i-nogti-zdorovye-krasa","https://firebasestorage.googleapis.com/v0/b/travnik-5cc55.firebasestorage.app/o/products%2Ffitochai-volosy-i-nogti-zdorovye-krasa.jpg?alt=media&token=4d970f41-5749-4819-96c4-ecbffcf87395","https://www.flip.kz/catalog?prod=3321722",,"1-2 ст. л сбора залить 0,2-0,3 л кипятка , настоять 1 час при комнатной температуре ⏳ Принимать по 1/3 от полученного объема 3 раза в день за 10-15 минут до еды, каждую порцию процеживая через ситечко Желательно сочетать с бальзамом — ополаскивателем «Цветочный Башкирский»","Укрепляет и питает ногти и волосы , стимулирует их рост Придает ногтям и волосам эластичность, упругость, возвращая природный блеск и красоту"
"p561","Травяные сборы 100 г","Вьюнка полевого трава","50 г","642",,,"Россия","24 месяца","4690324004622","","9","False","vyunka-polevogo-trava","https://firebasestorage.googleapis.com/v0/b/travnik-5cc55.firebasestorage.app/o/products%2Fvyunka-polevogo-trava.jpg?alt=media&token=f0252098-a7a2-4d64-8bd6-5d602270ccda","https://www.flip.kz/catalog?prod=3321740",,,"Вьюнка полевого трава  Применяется: обладает спазмолитическим, слабительным, диуретическим и противовоспалительным действием При воспалении верхних дыхательных путей, бронхите, отеках различного происхождения  Способ приготовления и применения: 1-2 ст.л. травы залить 0,2-0,3 л кипятка , настоять 1 час при комнатной температуре ⏳, процедить Принимать по 1/3 от полученного объема 3 раза в день, каждую порцию процеживая через ситечко Противопоказания: индивидуальная непереносимость"
"p562","Травяные сборы 100 г","Вязеля трава","50 г","642",,,"Россия","24 месяца","4690324007128","","2","False","vyazelya-trava","https://firebasestorage.googleapis.com/v0/b/travnik-5cc55.firebasestorage.app/o/products%2Fvyazelya-trava.jpg?alt=media&token=51043c1b-5af2-4b44-893a-7218d4d84fd2","https://www.flip.kz/catalog?prod=3321753",,,"Применяется: в качестве мочегонного и кровоостанавливающего средства , а также нормализующего сердечную деятельность , при туберкулезе легких, диатезе, асците, коликах, гастроптозе (опущении желудка), лихорадке, дизентерии (в том числе с кровавым поносом) Злокачественных опухолях (подавляет рост опухолевых клеток)  Способ приготовления и применения: 1/2-1 ст. л. заварить в 0,2-0,3 л кипятка , настоять 1 час ⏳ Принимать по 1/3 от полученного объёма, каждую порцию отливая через ситечко, 3 раза в день после еды Противопоказания: индивидуальная непереносимость"
"p563","Травяные сборы 100 г","Галинсоги трава","50 г","807",,,"Россия","24 месяца","4690324020752","","4","False","galinsogi-trava","https://firebasestorage.googleapis.com/v0/b/travnik-5cc55.firebasestorage.app/o/products%2Fgalinsogi-trava.jpg?alt=media&token=44457604-236e-4956-ac8a-a25e4d5f5513","https://www.flip.kz/catalog?prod=3321761",,,"Применяется: при воспалительных процессах в суставах и сухожилиях, в том числе, при ревматизме , а также при других воспалительных процессах, для нормализации иммунной системы При нарушениях свертываемости крови и гипертонии 1-2 степени  Способ приготовления и применения: 1 ст.л. травы залить 0,2-0,3 л кипятка , настоять 1 час ⏳ Принимать по 1/3 от полученного объема 3 раза в день перед едой, каждую порцию процеживая через ситечко Противопоказания: индивидуальная непереносимость"
"p564","Травяные сборы 100 г","Валерианы корневища с корнями","50 г","2205",,,"Россия","24 месяца","4610002414116","","0","False","valeriany-kornevishcha-s-kornyami","https://firebasestorage.googleapis.com/v0/b/travnik-5cc55.firebasestorage.app/o/products%2Fvaleriany-kornevishcha-s-kornyami.jpg?alt=media&token=9fbed0eb-5fd3-47ab-bdc4-ab067a62ad3d","https://www.flip.kz/catalog?prod=3322025",,"1 дес. л. травы залить 0,3 л кипятка , настоять 1 час при комнатной температуре ⏳ Принимать по 1/3 от полученного объема 3 раза в день, каждую порцию...","Валерианы корневища с корнями  Валерианы корни являются спазмолитиком, замедляет сердечный ритм, расширяет коронарные сосуды  Чайный напиток валериана применяется при повышенной нервной возбудимости, кардионеврозах, эпилепсии, гипертонической болезни, стенокардии, спастических колитах, неврозах желудка и кишечника  Валериана действует как седативное (успокаивающее), спазмолитическое, гипотензивное средство  Настой корневищ с корнями валерианы применяется также в качестве успокаивающего средства при повышенной нервной возбудимости, нарушениях сна, функциональных расстройствах сердечно-сосудистой системы, спазмах желудочно-кишечного тракта  Валериана облегчает маточные спазмы, стресс, заболевание пневмонии, климакс, депрессию Травяной сбор Валерианы применяют при повышенной нервной возбудимости"
"p565","Травяные сборы 100 г","Сбор для ванны гинекологический «Интим»","50 г","1151",,,"Россия","24 месяца","4610002410675","","10","False","sbor-dlya-vanny-ginekologicheskii-intim","https://firebasestorage.googleapis.com/v0/b/travnik-5cc55.firebasestorage.app/o/products%2Fsbor-dlya-vanny-ginekologicheskii-intim.jpg?alt=media&token=bedea33d-fe5a-4146-8439-0c1aae0e04ca","https://www.flip.kz/catalog?prod=3322063",,"4-5 ст. л. сбора залить 1 л кипятка , кипятить 5-7 мин., процедить без охлаждения Использовать для спринцеваний, тампонов на ночь, микроклизм при температуре 38°С 2-3 раза в неделю","Применяется как противовоспалительное, кровоостанавливающее, рассасывающее средств  Уменьшает отёк тканей, снижает проявления интоксикации, болезненность  Может применяться при новообразованиях различного происхождения в области органов малого таза, в т.ч. и при миомах матки, для профилактики этих состояний"
"p566","Травяные сборы 100 г","Сбор при болях в мышцах и суставах «Ванны регенерирующие»","500 г","2851",,,"Россия","24 месяца","4690324008330","","0","False","sbor-pri-bolyakh-v-myshtsakh-i-sustavakh-vanny-regeneriruyushchie","https://firebasestorage.googleapis.com/v0/b/travnik-5cc55.firebasestorage.app/o/products%2Fsbor-pri-bolyakh-v-myshtsakh-i-sustavakh-vanny-regeneriruyushchie.jpg?alt=media&token=eec0ab17-937e-42f6-a9e7-5c0c4724a90b","https://www.flip.kz/catalog?prod=3322113",,,"Основные показания: при возрастных, посттравматических, и функциональных изменениях опорно-двигательного аппарата, проявляющихся болями в суставах, костях и мышцах, хроническими мышечными напряжениями  При нарушениях минерального обмена (отложение солей, остеопороз, артрозы, артриты, тендовагиниты и т.п.), в качестве обезболивающего, расслабляющего, нормализующего минеральный обмен и кровообращение противовоспалительного средства  Способ приготовления и применения: 1 пакет с составом для ванн залить 2-3 л сырой воды, варить 10 мин , настоять 1 час ⏳, отжать пакет, настой влить в ванну Ванну принимать примерно 10 мин в день при t=38°С Курс 10 дней Противопоказания: индивидуальная непереносимость отдельных компонентов сбора"
"p567","Травяные сборы 100 г","Сбор «Ванны солегон»","500 г","2851",,,"Россия","24 месяца","4690324022619","","0","False","sbor-vanny-solegon","https://firebasestorage.googleapis.com/v0/b/travnik-5cc55.firebasestorage.app/o/products%2Fsbor-vanny-solegon.jpg?alt=media&token=571a969d-73da-4b64-aba8-ad5b45cfd6c5","https://www.flip.kz/catalog?prod=3322146",,,"Основные показания: при нарушении минерального обмена веществ с избыточным образованием солей в организме, проявляющейся как остеохондроз, артроз, псориаз, шпоры, тофусы и др.  Способствуют улучшению водно-солевого обмена, выведению солей, восстановлению комфорта при движении в суставах, улучшению состояния кожи и др.  Способ приготовления и применения: 1/10 содержимого пакета (50 г) залить 2-3 л сырой воды, довести до кипения , варить 10 мин, настоять 1 час ⏳, отжать, настой влить в ванну Ванну принимать комфортное время (10-30 мин) при температуре (примерно 33-45°С) через 1-2 дня Курс 10 ванн"
"p568","Травяные сборы 100 г","Василистника малого трава","50 г","724",,,"Россия","24 месяца","4610002414147","","0","False","vasilistnika-malogo-trava","https://firebasestorage.googleapis.com/v0/b/travnik-5cc55.firebasestorage.app/o/products%2Fvasilistnika-malogo-trava.jpg?alt=media&token=a1bb0bde-1ac4-4ede-a87f-46995dd8a1bd","https://www.flip.kz/catalog?prod=3322178",,,"Обладает гипотензивным, мочегонным, противовоспалительным, антисептическим действием  При сердечно-сосудистых (гипертония, стенокардия и др.), нервных и желудочно-кишечных заболеваниях  Способ приготовления и применения: 1-3 ст.л. травы залить 0,2-0,5 л воды, довести до кипения , настоять 1-2 часа ⏳, процедить Пить по 1/3 от полученного объема 3 раза в день, контролируя давление, пульсовое наполнение и частоту Противопоказания: индивидуальная непереносимость"
"p569","Фитосвечи","Свечи прополисные","15 г","7748",,"суппозитории","Россия","12 месяцев","4690324016595","","4","False","svechi-propolisnye","https://firebasestorage.googleapis.com/v0/b/travnik-5cc55.firebasestorage.app/o/products%2Fsvechi-propolisnye.jpg?alt=media&token=65ac7d54-010a-4ef3-bf9c-088cce3fa4e9","https://www.flip.kz/catalog?prod=3372811",,"ввести ректально (после дефекации) или вагинально по 1 свече 2 раза в сутки Минимальный курс приема: от 10-15 дней ⏳ Противопоказания: индивидуальная непереносимость к компонентам препарата  Условия хранения: при температуре не выше 25 с","Применяются в качестве противовоспалительного, антибактериального, регенерирующего средства при проктитах, трещинах заднего прохода, воспалительных гинекологических заболеваниях, простатитах и аденомах простаты"
"p570","Травяные сборы 100 г","Бедренца камнеломкого корневища","50 г","3491",,"средний помол","Россия","24 месяца",,"",,"False","bedrentsa-kamnelomkogo-kornevishcha","https://firebasestorage.googleapis.com/v0/b/travnik-5cc55.firebasestorage.app/o/products%2Fbedrentsa-kamnelomkogo-kornevishcha.jpg?alt=media&token=338faa05-f0c2-4a2b-9baa-e4fe40ed91ae","https://www.flip.kz/catalog?prod=3414008",,,"Применяются в качестве мочегонного, потогонного, болеутоляющего, отхаркивающего, кровочистительного, противовоспалительного, антибактериального, противогрибкового средства  При пневмонии, ларингите, трахеите, бронхиальной астме, гастрите, почечно-каменной и мочекаменной болезнях, асците, подагре, при болезнях мужской и женской репродуктивной системы хронической воспалительной природы, в том числе при поражении уреаплазмой, трихомонадой и хламидией  Применяются с целью восстановления подвижности сперматозоидов Используется при раке матки  Способ приготовления и применения: 1 ст.л. сухого измельченного корневища залить 0,5 л холодной воды, довести до кипения  и варить на слабом огне 4 мин Настоять ночь ⏳, процедить Принимать по 100 мл за 20 мин до еды 3-4 раза в день Противопоказания: индивидуальная непереносимость После вскрытия упаковки хранить не более 3 месяцев"
"p571","Разное","Каменное масло (бракшун, белое мумие)","3 г","2402",,"гранулы","Россия","не ограничен","4690324008736","","0","False","kamennoe-maslo-brakshun-beloe-mumie","https://firebasestorage.googleapis.com/v0/b/travnik-5cc55.firebasestorage.app/o/products%2Fkamennoe-maslo-brakshun-beloe-mumie.jpg?alt=media&token=63b82c46-ce53-4df5-9cd4-2aaeec46a494","https://www.flip.kz/catalog?prod=3422746",,,"Уникально составом и высокой концентрацией 49 микроэлементов — калий, натрий, кальций, фосфор, кремний, магний, железо, медь, йод, золото, серебро, платина и др.  Способно быстро и точно восстановить баланс микроэлементов в организме  Способствует восстановлению иммунитета, защите от вирусов, бактерий, грибков и паразитов  Обладает противовоспалительной активностью, особенно при воспалительных заболеваниях легких и бронхов (пневмонии, плевриты) Улучшает качество крови  Обладает выраженным противоопухолевым действием и применяется при раке печени, почек, горла, желудка и легких  Эффективно при любых состояниях, связанных с нарушением минерального обмена Каменное масло ускоряет заживление повреждённых слизистых оболочек желудка и кишечника, снимает воспаление и спазмы Стимулирует выработку и отделение желчи, предотвращает появление камней в печени, желчном пузыре и протоках"
"p572","Травяные сборы 100 г","Копеечник забытый (Красный корень), корневища с корнями","50 г","2155",,,"Россия","24 месяца","4610002416271","","38","False","kopeechnik-zabytyi-krasnyi-koren-kornevishcha-s-kornyami","https://firebasestorage.googleapis.com/v0/b/travnik-5cc55.firebasestorage.app/o/products%2Fkopeechnik-zabytyi-krasnyi-koren-kornevishcha-s-kornyami.jpg?alt=media&token=d6ae376c-8ed3-4d21-ba9e-f29d13a07652","https://www.flip.kz/catalog?prod=3422862",,"1-2 ст. л. сырья залить 0,2-0,3 л воды, довести до кипения , потомить 3-4 мин, настоять до остывания, процедить Принимать по 1/3 от полученного объема 3 раза в день до еды","Оказывают противовоспалительное, спазмолитическое, сосудорасширяющее и мягкое диуретическое действие  Способствуют восстановлению мужской половой активности, устранению застойных явлений в предстательной железе"
"p573","Мази и кремы","Терпентиновый бальзам 20%","100 мл","1728",,,"Россия","24 месяца","4690324010074","","48","False","terpentinovyi-balzam-20","https://firebasestorage.googleapis.com/v0/b/travnik-5cc55.firebasestorage.app/o/products%2Fterpentinovyi-balzam-20.jpg?alt=media&token=24561c7b-b9ff-4e7b-9935-163d1379dc19","https://www.flip.kz/catalog?prod=3467868",,"Наносить небольшое количество бальзама на чистую кожу легкими массажными движениями до впитывания. При необходимости использовать для компрессов и аппликаций. При простудных состояниях допускается нанесение на область грудной клетки и спины с последующим утеплением.

Меры предосторожности:
Только для наружного применения. Не наносить на слизистые оболочки, открытые глубокие раны и при индивидуальной непереносимости компонентов. Перед первым использованием рекомендуется провести тест на небольшом участке кожи.","Терпентиновый бальзам 20% — натуральное средство на основе кедровой живицы, растворенной в растительном масле. Высокая концентрация активных компонентов делает его эффективным для наружного применения при уходе за суставами, мышцами и кожей.
Бальзам способствует улучшению микроциркуляции и местного кровообращения, помогает уменьшить застойные явления и отечность, поддерживает естественные процессы восстановления тканей. Благодаря противовоспалительным и антисептическим свойствам средство широко используется при мышечном напряжении, дискомфорте в суставах, ушибах, а также при небольших ссадинах, порезах и других поверхностных повреждениях кожи.
Свойства:
способствует улучшению кровообращения и микроциркуляции;
помогает уменьшить отечность и ощущение скованности;
оказывает противовоспалительное и антисептическое действие;
ускоряет естественную регенерацию тканей;
поддерживает восстановление кожи после мелких повреждений."
"p574","Мази и кремы","Детский крем для самой нежной кожи «Лапушка»","60 г","2402",,,"Россия","24 месяца","4690324020349","","0","False","detskii-krem-dlya-samoi-nezhnoi-kozhi-lapushka","https://firebasestorage.googleapis.com/v0/b/travnik-5cc55.firebasestorage.app/o/products%2Fdetskii-krem-dlya-samoi-nezhnoi-kozhi-lapushka.jpg?alt=media&token=8d7dc88f-7c8e-44ae-80fe-379ccf0109ed","https://www.flip.kz/catalog?prod=3478205",,"нанести крем тонким слоем на предварительно очищенную кожу Можно применять ежедневно в любое время 2-3 раза в сутки","Применяется для ежедневного ухода за детской кожей  Крем питает, увлажняет и бережно ухаживает, снимает покраснения, опрелости, является эффективной профилактикой пелёночного дерматита  Рекомендуется наносить крем перед выходом на солнце  Крем содержит минеральный фотофильтр: смесь диоксида титана и оксида цинка, который защищает кожу ребёнка от солнечного воздействия"
"p575","Без категории","Мазь от целлюлита и дряблости «Красивое тело»","60 г","2402",,,"Россия","24 месяца","4690324019534","","7","False","maz-ot-tsellyulita-i-dryablosti-krasivoe-telo","https://firebasestorage.googleapis.com/v0/b/travnik-5cc55.firebasestorage.app/o/products%2Fmaz-ot-tsellyulita-i-dryablosti-krasivoe-telo.jpg?alt=media&token=0a64d398-0cdd-41c1-a528-317b6fb7bd0b","https://www.flip.kz/catalog?prod=3478211",,"на чистую, сухую, разогретую массажем, баней или ванной кожу нанести тонкий слой мази и дать ей впитаться Остатки можно удалить влажной салфеткой Минимальный курс приема: от нескольких дней до 3-4 недель При необходимости курс оздоровления можно повторять несколько раз в год Целесообразно регулярно принимать чайные напитки аналогичной направленности","Мазь «Красивое тело» приготовлена из натурального экологически чистого растительного сырья без консервантов, ароматизаторов и других синтетических добавок  Важной особенностью фитомази является комплексное оздоровительное воздействие не только на проблемные участки кожи, но и опосредованно на весь организм в целом  Морозник и каштан стимулируют микроциркуляцию крови, активируют вывод токсинов и избыточной жидкости  Софора устраняет дряблость кожи, делает ее гладкой и упругой  Донник смягчает протекание перечисленных процессов"
"p576","Без категории","Зубной порошок","20 г","1234",,,"Россия","24 месяца","4690324020851","","7","False","zubnoi-poroshok","https://firebasestorage.googleapis.com/v0/b/travnik-5cc55.firebasestorage.app/o/products%2Fzubnoi-poroshok.jpg?alt=media&token=b26b6e1a-2f07-4620-b57b-df87422ec0f0","https://www.flip.kz/catalog?prod=3478213",,,"Свойства уникального порошка позволяют решить любые проблемы, возникающие в полости рта  В том числе воспаление и кровоточивость дёсен, пародонтоз, отложение зубного налёта и образование зубных камней, кариес зубов, обнажение корней зубов, склонность к образованию прикорневых кист  При регулярном уходе с употреблением порошка восстанавливаются слизистые ротовой полости и дёсны, восстанавливается естественный цвет зубов  Перестают кровоточить дёсны, исчезают воспалительные проявления в полости рта, зубы укрепляются и перестают шататься  Уменьшаются и постепенно исчезают болезненные уплотнения у корней зубов Состояние зубов улучшается, исчезает склонность к образованию кариеса Восстанавливается нормальная микрофлора ротовой полости Дыхание становится свежим  Преимущества: • состоит из натуральных, экологически чистых растительных и минеральных компонентов  • обеспечивает свежесть дыхания • бережно очищает эмаль зубов • восстанавливает дёсны и микрофлору ротовой..."
"p577","Бальзамы питьевые","Таежное мумие Травника Гордеева","550 г","2715",,"жидкость","Россия","24 месяца","4690324022237","","0","False","taezhnoe-mumie-travnika-gordeeva","https://firebasestorage.googleapis.com/v0/b/travnik-5cc55.firebasestorage.app/o/products%2Ftaezhnoe-mumie-travnika-gordeeva.jpg?alt=media&token=d8cdf12c-4daf-4cd0-ba93-bdcfc5e938be","https://www.flip.kz/catalog?prod=3478219",,"для бальзамотерапии как основа при растираниях, массаже и самомассажа, для компрессов, местных и общих ванн, а также для внутреннего применения 1 ч. л. 2 раза в день","Мумие травника Гордеева, прежде всего, стимулируя рост капилляров, омолаживает (укрепляет) все 3 слоя стенок артерий и вен  Усиливает иммунитет кожи, омолаживает и предупреждает преждевременное ее старение  Защищает клетки от повреждающего действия свободных радикалов и перекисных продуктов  Улучшает тканевое дыхание, предотвращает тромбообразование, оказывает помощь в блокировании воспалительных процессов  Стимулирует лимфодренаж, помогает устранить отечность  Мумие является мощным источником всех водорастворимых витаминов, макро- и микроэлементов, биологически активных веществ Что позволяет считать Таежное мумие травника Гордеева иммуностимулирующим и геронтологическим эффективным средством"
"p578","Травяные сборы 100 г","Иван-чай с чагой","100 г","3022",,"дробленый","Россия","24 месяца","7930072080910","","0","False","ivan-chai-s-chagoi","https://firebasestorage.googleapis.com/v0/b/travnik-5cc55.firebasestorage.app/o/products%2Fivan-chai-s-chagoi.jpg?alt=media&token=9fec353f-f514-4cbd-85a7-c473bd5ee9c3","https://www.flip.kz/catalog?prod=3478275",,,"Иван-чай — натуральный, вкусный и ароматный напиток  Насыщает организм полезными веществами, тем самым повышает сопротивляемость стрессу и различным болезням  Имеет антиоксидантное действие — помогает противостоять простудам и инфекциям  Иван-чай также выступает источником витаминов группы В, пектина и большого количества минеральных веществ  Чага — это уникальный гриб, который насыщен огромным количеством полезных веществ и обладающий широким спектром лечебного воздействия  Содержит много марганца, калия и кальция, а также кислоты (уксусную, муравьиную, щавелевую, масляную, ванилиновую), полисахариды, лигнин, клетчатку, свободные фенолы и т.д. Наличие в чаге птеринов обуславливает ее противоопухолевое действие, в т.ч. и при злокачественных образованиях  Полезные свойства: • имеет антимикробное, мочегонное и спазмолитическое действие • нормализует микрофлору желудочно-кишечного тракта • помогает при заживлении язв двенадцатиперстной кишки и желудка •..."
"p579","Травяные сборы 100 г","Иван-чай весенний","100 г","3022",,"дробленый","Россия","24 месяца","7930072080972","","0","False","ivan-chai-vesennii","https://firebasestorage.googleapis.com/v0/b/travnik-5cc55.firebasestorage.app/o/products%2Fivan-chai-vesennii.jpg?alt=media&token=d9e2387a-70c9-4891-9003-5e65bf499bba","https://www.flip.kz/catalog?prod=3478279",,,"В иван-чае лечебными свойствами обладают и листья, и побеги, и корень  В народной медицине с его помощью лечат язву, колит, простатит, бессонницу, головную боль К этому списку, при наружном использования лекарственного растения, добавляются конъюнктивиты, пролежни, псориаз Значительное количество дубильных и слизистых веществ объясняет противовоспалительные и обезболивающие свойства иван-чая  Применяют растение при катарах желудка с повышенной кислотностью, при заболеваниях легких Для полосканий при ангине, воспаленных деснах; при отитах, воспалении среднего и внешнего ушного канала При носовых кровотечениях и гайморите Водным отваром лечат экзему, ожоги, высыпания на коже Иван-чай эффективен при мигрени, бессоннице и олигоменорее  Вещество ханерол, содержащееся в соцветиях кипрея, активно воздействует на опухоли, и, обладая низкой токсичностью, подавляет их рост  Показания к применению: • иммунодефицит • синдром хронической усталости • авитаминоз •..."
"p580","Травяные сборы 100 г","Морозника кавказского корни","25 г","2523",,"мелкий помол","Россия","24 месяца",,"",,"False","moroznika-kavkazskogo-korni","https://firebasestorage.googleapis.com/v0/b/travnik-5cc55.firebasestorage.app/o/products%2Fmoroznika-kavkazskogo-korni.jpg?alt=media&token=d5a4caee-33a4-4002-9543-102db0b2eba9","https://www.flip.kz/catalog?prod=3478549",,,"Морозник кавказский издавна применяется в народной медицине для лечения различных заболеваний  Главное его свойство – очищать организм и выводить из него лишнюю жидкость  Это растение нормализует работу многих органов и систем, способствуя улучшению самочувствия и омоложению организма в целом  Морозник – популярное и дешевое средство для похудения Корень морозника – наиболее эффективная часть растения для борьбы с лишним весом Уникальный химический состав корня делает его средством для очищения организма, выведения шлаков и токсинов, нормализации обменных процессов  Так как морозник слабо ядовит и способен накапливаться в организме , для получения положительного эффекта необходимо правильно его употреблять и не превышать рекомендуемые дозы Полезные свойства: • мочегонные • слабительные • расщепляет жировые клетки • препятствует образованию застоев желчи • выводит лишнюю жидкость • оказывает омолаживающий эффект  • очищает слизистые оболочки во время лечения..."
"p581","Травяные сборы 100 г","Аира болотного корневища","50 г","724",,"дробленый","Россия","24 месяца","4610002413270","","33","False","aira-bolotnogo-kornevishcha","https://firebasestorage.googleapis.com/v0/b/travnik-5cc55.firebasestorage.app/o/products%2Faira-bolotnogo-kornevishcha.jpg?alt=media&token=932b5385-17f8-4b6e-bf55-55d343e905a7","https://www.flip.kz/catalog?prod=3478553",,"1-2 ст. л. сырья залить 0,2-0,3 л воды, довести до кипения , потомить 3-4 минуты, настоять до остывания, процедить Принимать по 1/3 от полученного объема 3 раза в день до еды","Применяются при нарушении пищеварения, дискинезиях желчевыводящих путей, гепатите, гастрите, язвенной болезни желудка и двенадцатиперстной кишки, колите, метеоризме, экссудативном диатезе  Для улучшения зрения и слуха  Как бактерицидное, противовоспалительное, отхаркивающее средство  Стимулятор сенсорных систем организма"
"p582","Травяные сборы 100 г","Грушанки трава","50 г","3208",,,"Россия","24 месяца","4610002414680","","16","False","grushanki-trava","https://firebasestorage.googleapis.com/v0/b/travnik-5cc55.firebasestorage.app/o/products%2Fgrushanki-trava.jpg?alt=media&token=7889dad3-c26f-482e-94b3-f4ed09c260d4","https://www.flip.kz/catalog?prod=3478560",,,"Применяется при заболеваниях мочевыводящих путей, отеках, аднекситах, простатитах, бесплодии, подагре, диарее  Как мочегонное, противомикробное, противовоспалительное, кровоостанавливающее, болеутоляющее средство  Способ приготовления и применения: 1-2 ст. л. сырья залить 0,2-0,3 л воды, довести до кипения , потомить 3-4 мин Настоять 1 час при комнатной температуре ⏳ Принимать по 1/3 от полученного объема 3 раза в день, каждую порцию процеживая через ситечко Курс приема: 1-3 месяца"
"p583","Травяные сборы 100 г","Маклеи мелкоплодной трава","50 г","1349",,,"Россия","24 месяца","4610002416936","","9","False","maklei-melkoplodnoi-trava","https://firebasestorage.googleapis.com/v0/b/travnik-5cc55.firebasestorage.app/o/products%2Fmaklei-melkoplodnoi-trava.jpg?alt=media&token=b5916e68-841d-4abe-a7bd-87888ea0475e","https://www.flip.kz/catalog?prod=3478567",,"2 ст.л. травы залить 0,2 л кипятка , настоять 1 час при комнатной температуре ⏳, процедить Применять наружно при кожных заболеваниях различной этиологии, воспалительных процессах полости рта (полоскания,...","Маклея применяется при лечении кожных заболеваний (дерматитов, кандидоза, грибковых поражений), стоматитов различной этиологии, пародонтоза, отитов, ангины, тонзиллита, гайморита, гнойных и долго не заживающих ран, абсцессов и трофических язв  Как антихолинэстеразное средство она используется внутрь при миопатиях, последствиях полиомиелита, остеомиелите, у детей — при различных формах прогрессивной мышечной дистрофии, церебральных параличах и других заболеваниях  Настойка из маклейи сердцевидной — антисептическое, антибактериальное, противогрибковое, противовирусное средство  Применяется для удаления родинок, бородавок, кондилом, новообразований кожи, для лечения золотистого стафилококка, герпеса, псориаза, экземы и других кожных заболеваний"
"p584","Травяные сборы 100 г","Чернокорня корни","50 г","1432",,,"Россия","24 месяца","4610002419517","","10","False","chernokornya-korni","https://firebasestorage.googleapis.com/v0/b/travnik-5cc55.firebasestorage.app/o/products%2Fchernokornya-korni.jpg?alt=media&token=4755db9e-22c4-4d49-8019-b512de8f8ee8","https://www.flip.kz/catalog?prod=3478630",,,"Применяются при переломах костей (в том числе патологическом переломе при онкологии)  В качестве успокаивающего средства при болях и судорогах  Для лучшего отделения мокроты и гноя  Способ приготовления и применения: 1 ч.л. корней залить 300 г кипятка  Настоять 2 часа ⏳, процедить Пить по 1/3 от полученного объема 3 раза в день после еды Для примочек готовить настой из расчета 1 ст.л. корней на 300 г кипятка Противопоказания: индивидуальная непереносимость"
"p585","Травяные сборы 100 г","Окопника корни","50 г","1004",,,"Россия","24 месяца","4690324001201","","0","False","okopnika-korni","https://firebasestorage.googleapis.com/v0/b/travnik-5cc55.firebasestorage.app/o/products%2Fokopnika-korni.jpg?alt=media&token=48cbb183-3d54-49f4-9e92-fac31680e834","https://www.flip.kz/catalog?prod=3478637",,,"Внимание! К лечению окопником следует относиться очень осторожно , поскольку помимо множества полезных для организма веществ он содержит в себе и ядовитые вещества Окопник, или живокост широко применяют в народной медицине различных стран как внутреннее и наружное средство  Слизистый отвар и настой свежих корней уменьшают и прекращают воспалительные процессы, уменьшают и снимают боли, убивают многих микробов, останавливают кровотечение и хорошо заживляют гнойные раны  Настой корней окопника обладает вяжущим и мягчительным действием Настой и отвар корней обладает также замечательным свойством усиливать регенерацию (восстановление) различных тканей, притуплять боль и способствовать быстрому срастанию костей при переломах  В русской и немецкой народной медицине водный настой корней живокоста применяют при желудочно-кишечных заболеваниях: поносах, дизентерии, хроническом катаре кишечника, язвах желудка и кишечника, хроническом катаре дыхательных органов с обильным..."
"p586","Травяные сборы 100 г","Эрвы шерстистой трава","50 г","790",,,"Россия","24 месяца","4690324004806","","31","False","ervy-sherstistoi-trava","https://firebasestorage.googleapis.com/v0/b/travnik-5cc55.firebasestorage.app/o/products%2Fervy-sherstistoi-trava.jpg?alt=media&token=5d3d8269-c2d2-4d68-98e3-dd3c56d51205","https://www.flip.kz/catalog?prod=3478714",,"1-2 ст. л. сырья залить 0.2-0.3 л воды, довести до кипения , потомить 3-4 мин, настоять до остывания, процедить Принимать по 1/3 от полученного объема 3 раза в день до еды Пить через трубочку для коктейлей во избежании порчи эмали зубов","Применяется при моче- и желчкаменной болезни, циститах, пиелонефритах, простатитах, воспалении придатков, подагре, остеохондрозе, артритах  Как мочегонное, противовоспалительное, ранозаживляющее, отхаркивающее, нормализующее минеральный обмен веществ средство"
"p587","Травяные сборы 100 г","Трутовика плодовое тело","50 г","642",,,"Россия","24 месяца","4690324008699","","11","False","trutovika-plodovoe-telo","https://firebasestorage.googleapis.com/v0/b/travnik-5cc55.firebasestorage.app/o/products%2Ftrutovika-plodovoe-telo.jpg?alt=media&token=16db784f-df5f-421e-bac2-eabaa470a7ad","https://www.flip.kz/catalog?prod=3478725",,"1 часть залить 4 частями воды, нагретой до температуры 60 градусов , настоять ночь ⏳, процедить Выпить в течение дня Отжим залить 3 частями холодной воды, довести до кипения Настоять до следующего утра при комнатной температуре, процедить, выпить Действие гриба усиливается при совместном приеме напитка чайного «Противораковый»","Применяется при доброкачественных и злокачественных новообразованиях (кистах и др.) щитовидной железы, яичников, почек и др. органов  При нарушениях работы ЖКТ в качестве противоопухолевого, противовоспалительного, желчегонного и общеукрепляющего средства"
"p588","Травяные сборы 100 г","Окопника шершавого трава","50 г","774",,,"Россия","24 месяца","4690324006459","","1","False","okopnika-shershavogo-trava","https://firebasestorage.googleapis.com/v0/b/travnik-5cc55.firebasestorage.app/o/products%2Fokopnika-shershavogo-trava.jpg?alt=media&token=21875b76-4115-40f8-b0bd-14c03bb2a9a9","https://www.flip.kz/catalog?prod=3478774",,"1-2 ст. л. сырья залить 0.2-0.3 л кипятка , настоять 1 час при комнатной температуре ⏳ Принимать по 1/3 от полученного объема 3 раза в день до еды, каждую порцию процеживая через ситечко Наружно в виде полосканий, примочек","По литературным данным применяется при острых и хронических колитах, энтероколитах, гастритах, язвах желудка, переломах костей, остеомиелитах, фурункулезах  Как противовоспалительное, вяжущее, обволакивающее, улучшающее пищеварение, регенерирующее средство"
"p589","Травяные сборы 100 г","Фенхель","50 г","1563",,,"Россия","24 месяца","4690324014737","","0","False","fenkhel","https://firebasestorage.googleapis.com/v0/b/travnik-5cc55.firebasestorage.app/o/products%2Ffenkhel.jpg?alt=media&token=b54a4946-f6e6-42b2-a3ed-8eb1ace5e918","https://www.flip.kz/catalog?prod=3478819",,"взрослым и детям с 14 лет по 2 столовых ложки (10,0 г) залить в 200 мл кипятка  Дать настояться 20 минут ⏳, процедить Принимать по 50 мл 3-4 раза в день за 30 минут до еды","Применяется при антибактериальных свойствах , оказывают желчегонное и диуретическое воздействие  Являются отличным спазмолитическим средством  Используются при нарушенной моторике кишечника, снимают напряжение и успокаивают нервную систему"
"p590","Травяные сборы 100 г","Очитка (скрипун-травы) листочки и цветки","50 г","1596",,,"Россия","24 месяца","4690324020431","","3","False","ochitka-skripun-travy-listochki-i-tsvetki","https://firebasestorage.googleapis.com/v0/b/travnik-5cc55.firebasestorage.app/o/products%2Fochitka-skripun-travy-listochki-i-tsvetki.jpg?alt=media&token=bd5aa279-7336-4fa6-ad35-6c886c9e48ae","https://www.flip.kz/catalog?prod=3478875",,,"Применяются: в качестве биогенного стимулятора для усиления обменных процессов в тканях и их регенерации  При заболеваниях женской половой сферы, импотенции, синдроме хронической усталости, ожогах, плохо заживающих ранах, после тяжелых травм и массивной кровопотере При стоматите, болезнях сердца, легочной и сердечной недостаточности, язвенной болезни желудка и 12-перстной кишки  Для нормализации белкового обмена Способствуют сращиванию костей  Способ приготовления и применения: 1/2-1 ст.л. листьев и цветков залить 0.1-0.2 л воды, нагретой до 60°С , настоять 1 час ⏳ Выпить по 1/3 от полученного объема в 3 приема перед едой, каждую порцию процеживая через ситечко Противопоказания: индивидуальная непереносимость"
"p591","Травяные сборы 100 г","Деткам грудным","50 г","1152",,,"Россия","24 месяца","4690324009689","","4","False","detkam-grudnym","https://firebasestorage.googleapis.com/v0/b/travnik-5cc55.firebasestorage.app/o/products%2Fdetkam-grudnym.jpg?alt=media&token=a88fd953-7f60-4140-8cab-99f4022ffc6d","https://www.flip.kz/catalog?prod=3478900",,"1 ст. л. сбора залить 0.2 л кипятка , настоять 1 час при комнатной температуре ⏳ Поить ребенка в течение дня произвольно либо использовать настой для приготовления питательных смесей, каждую порцию процеживая через ситечко","Рекомендован детям грудного возраста при заболеваниях дыхательной системы и ротоглотки (кандидозы, воспаление десен при прорезывании зубов, ангины, ларингиты, фарингиты)  При заболеваниях пищеварительной системы (боли в желудке), кишечника (запоры, боли в кишечнике)  В качестве противовоспалительного, антимикробного, обволакивающего, обезболивающего и повышающего иммунитет средства"
"p592","Травяные сборы 100 г","Чистяка весеннего трава","50 г","2402",,,"Россия","24 месяца","4690324021537","","0","False","chistyaka-vesennego-trava","https://firebasestorage.googleapis.com/v0/b/travnik-5cc55.firebasestorage.app/o/products%2Fchistyaka-vesennego-trava.jpg?alt=media&token=b5fe21ee-3fe7-4568-96fd-1ebe6ed7c612","https://www.flip.kz/catalog?prod=3478996",,,"Применяется в качестве противовоспалительного, кровоочищающего, противогрибкового, обезболивающего, противоцинготного средства  При коклюше, золотухе, геморрое, язвах, холере, дизентерии, диарее, цинге  Способ приготовления и применения: 1 ст. л. травы залить 0,2-0,3 л кипятка , настоять 1 час при комнатной температуре ⏳ Принимать по 1/3 от полученного объема 3 раза в день до еды, каждую порцию процеживая через ситечко Противопоказания: индивидуальная непереносимость"
"p593","Травяные сборы 100 г","Фиточай «Печень без паразитов»","50 г","1152",,,"Россия","24 месяца","4610002411665","","17","False","fitochai-pechen-bez-parazitov","https://firebasestorage.googleapis.com/v0/b/travnik-5cc55.firebasestorage.app/o/products%2Ffitochai-pechen-bez-parazitov.jpg?alt=media&token=aa320eff-82a2-4b2b-b06c-4023052ea5a1","https://www.flip.kz/catalog?prod=3479051",,,"Применяется при паразитарных заболеваниях печени, желчевыводящих путей (описторхозе, лямблиозе, кишечных гельминтозах)  Как антипаразитарное, антигельминтное и дезинтоксикационное средство  Улучшает состояние печени и слизистых оболочек пищеварительного тракта  Способ применения и приготовления: 2-3 ст. л. взрослым заварить в 0.5-0.6 л. кипятка , настоять при комнатной температуре 8-10 часов ⏳, процедить Выпить в течение дня в 2-4 приема в теплом виде за 5-10 минут до или 40 минут после еды При горечи во рту сочетать с приемом сока дягиля, устраняющего дискинезию желчевыводящих путей Минимальный курс приема: от 2-3 до 6-8 месяцев и более  После каждого месяца приема рекомендуется перерыв в 3-5 дней, во время которого применяется гепатотропный напиток «Печень здоровая» Следующие 3-5 дней принимать напиток «Печень чистая», что облегчит выведение паразитов из организма"
"p594","Травяные сборы 100 г","Энурез ночной (неврогенный)","","1152",,,"Россия","24 месяца","4610002412204","","0","False","enurez-nochnoi-nevrogennyi","https://firebasestorage.googleapis.com/v0/b/travnik-5cc55.firebasestorage.app/o/products%2Fenurez-nochnoi-nevrogennyi.jpg?alt=media&token=4e42e089-f5a3-4552-8977-daf14cd47173","https://www.flip.kz/catalog?prod=3479080",,,"Применяется при энурезе, заикании, беспокойном сне, неврозах, неврастениях, нарушении мозгового кровообращения, бессоннице  Как успокаивающее, спазмолитическое, сосудоукрепляющее, болеутоляющее средство  Способ применения и приготовления: 1-2 ст. л сбора залить 0,1-0,2 л кипятка , настоять 1 час ⏳ Принять одной порцией непосредственно перед сном  Минимальный курс приема: действуют с первого дня применения Принимать по 1-2 месяца"
"p595","Травяные сборы 100 г","Фиточай при энурезе «Мочевой пузырь крепкий-1»","50 г","1152",,,"Россия","24 месяца","4610002412235","","62","False","fitochai-pri-enureze-mochevoi-puzyr-krepkii-1","https://firebasestorage.googleapis.com/v0/b/travnik-5cc55.firebasestorage.app/o/products%2Ffitochai-pri-enureze-mochevoi-puzyr-krepkii-1.jpg?alt=media&token=85775753-3717-4b34-8e95-b50abafb7951","https://www.flip.kz/catalog?prod=3479105",".","1-2 ст. л. сбора залить 0.2-0.3 л кипятка , настоять 1 час при комнатной температуре ⏳ Принимать по 1/3 от полученного объема 3 раза в день, каждую порцию процеживая через ситечко Минимальный курс приема: 2-3 месяца и более до достижения результата Между повторными курсами желательны через каждые 1-2 месяца перерывы в 7-10 дней","Применяется при ночном недержании мочи урологической природы  Как антибактериальное, противовоспалительное, болеутоляющее, укрепляющее стенки мочевого пузыря средства"
"p596","Травяные сборы 100 г","Фиточай «Аллергии нет»","50 г","1152",,,"Россия","24 месяца","4610002412266","","19","False","fitochai-allergii-net","https://firebasestorage.googleapis.com/v0/b/travnik-5cc55.firebasestorage.app/o/products%2Ffitochai-allergii-net.jpg?alt=media&token=d7caf84c-969e-4d93-83ba-5d91b4922aa3","https://www.flip.kz/catalog?prod=3479118",,"1-2 ст/л. сбора залить 0,2-0,3 л кипятка , настоять 1 час при комнатной температуре ⏳ Принимать по 1/3 от полученного объема 3 раза в день за 10-15 минут до еды, каждую порцию процеживая через ситечко Минимальный курс приема: от 2-х до 5 месяцев и более без перерыва","Основные показания: кожные заболевания аллергической этиологии у детей и взрослых (диатезы, дерматиты, экземы, крапивница, геморрагический васкулит и др.)  Бронхиальная астма с астматическим компонентом, поллиноз и др.  Обладает антигистаминным (противоаллергическим), противомикробным, противовоспалительным, противоотечным и седативным действием"
"p597","Травяные сборы 100 г","Фиточай при гипертонии и сниженном сердцебиении «Сердце тихое»","50 г","1152",,,"Россия","24 месяца","4610002412624","","6","False","fitochai-pri-gipertonii-i-snizhennom-serdtsebienii-serdtse-tikhoe","https://firebasestorage.googleapis.com/v0/b/travnik-5cc55.firebasestorage.app/o/products%2Ffitochai-pri-gipertonii-i-snizhennom-serdtsebienii-serdtse-tikhoe.jpg?alt=media&token=74fd9b03-27d7-40ab-b5dc-fd43fbc9e22b","https://www.flip.kz/catalog?prod=3479144",,"1-2 ст/л. сбора залить 0,2-0,3 л кипятка , настоять 1 час при комнатной температуре ⏳ Принимать по 1/3 от полученного объема 3 раза в день за 10-15 минут до еды, каждую порцию процеживая через ситечко Минимальный курс приема: 2-3 месяца  Курсы желательно повторять 3-4 раза в год, делая между ними перерывы в 10-12 дней Напиток чайный «Тихое сердце» можно чередовать с напитками чайными «Кровь без тромбов» и «Витамины для мозга», при необходимости — с напитком чайным «Мочегонный»","Рекомендован при гипертонической болезни, ишемической болезни сердца, нейроциркуляторной дистонии по кардиальному и гипертоническому типу, при почечной гипертензии  Напиток обладает выраженным гипотензивным и успокаивающим действием, нормализует тонус сосудов, обменные процессы миокарда, почечный кровоток  Увеличивает фракцию сердечного выброса (т.е. работает по типу синэргистов кальция и кардиостимуляторов)"
"p598","Травяные сборы 100 г","Фиточай «Гемоглобин — норма»","50 г","1152",,,"Россия","24 месяца","4610002412747","","15","False","fitochai-gemoglobin-norma","https://firebasestorage.googleapis.com/v0/b/travnik-5cc55.firebasestorage.app/o/products%2Ffitochai-gemoglobin-norma.jpg?alt=media&token=f9648bd3-8b59-43ea-a1d1-5d7b8d9a942b","https://www.flip.kz/catalog?prod=3479204",,"1–2 ст/л. сбора залить 0,2–0,3 л кипятка , настоять 1 час при комнатной температуре ⏳ Принимать по 1/3 от полученного объема 3 раза в день, каждую порцию процеживая через ситечко Минимальный курс приема: 1–2 месяца  При хроническом течение заболевания целесообразны повторные курсы (3–4 раза в год) с перерывами между ними в 1–2 месяца","Рекомендован при железодефицитной анемии и прочих состояниях, связанных с острой или хронической потерей крови, пониженном гемоглобине  Данный состав стимулирует выработку надпочечниками эритропоэтина, который запускает процесс образования новой крови  Напиток чайный с успехом заменяет синтетические железосодержащие препараты"
"p599","Травяные сборы 100 г","Флорентинная вода (водный экстракт хвои, ели)","500 мл","1530",,,"Россия","24 месяца","4690324021421","","15","False","florentinnaya-voda-vodnyi-ekstrakt-khvoi-eli","https://firebasestorage.googleapis.com/v0/b/travnik-5cc55.firebasestorage.app/o/products%2Fflorentinnaya-voda-vodnyi-ekstrakt-khvoi-eli.jpg?alt=media&token=cd6ded4a-0431-44f4-8e4d-7e004994b9cf","https://www.flip.kz/catalog?prod=3479215",".",,"Общетонизирующее, витаминно-минеральное и иммуностимулирующее природное средство , поддерживающее силы организма и повышающее его сопротивляемость инфекциям . Применяется как: • общеукрепляющее ; • противомикробное ; • противовоспалительное ; • потогонное ; • обезболивающее ; • желчегонное ; • противоцинготное ; • мочегонное средство  — для профилактики и оздоровления при заболеваниях верхних дыхательных путей вирусного и бактериального происхождения . Применяется при: • рините ; • фарингите и гайморите; • ларинготрахеите, бронхиальной астме ; • заболеваниях нижних дыхательных путей (пневмония, туберкулёз) ; • воспалительных процессах мочевыделительной системы и болезнях почек; • снижении эластичности сосудов, варикозном расширении вен ; • нарушениях работы ЖКТ ; • кожных поражениях грибковой и бактериальной природы ; • для поддержки слизистой ротовой полости . Эффективно при гнойничковой сыпи, повышенной сальности кожи,..."
"p600","Мази и кремы","Монастырская чудо-мазь на основе пчелиного воска","50 г","4606",,,"Россия","не ограничен","4690324017103","","1","False","monastyrskaya-chudo-maz-na-osnove-pchelinogo-voska","https://firebasestorage.googleapis.com/v0/b/travnik-5cc55.firebasestorage.app/o/products%2Fmonastyrskaya-chudo-maz-na-osnove-pchelinogo-voska.jpg?alt=media&token=a9b56114-d213-4724-83c4-262ea3b28b72","https://www.flip.kz/catalog?prod=3480471",,,"Фармакологическое действие — обезболивающее , бактерицидное , противовоспалительное , смягчающее и очищающее . Средство обладает повышенной проникающей способностью, эффективно устраняет боль и воспаление, способствует восстановлению тканей . Рекомендуется при: • остром и хроническом ревматизме, ревматических болях мышц и суставов, подагре ; • люмбаго, воспалении седалищного и тройничного нервов, межрёберных и других невралгиях ; • растяжениях связок и воспалениях мышц ; • ожогах, обморожениях, ушибах ; • ранах, включая гнойные, пролежнях, язвах и ранах при сахарном диабете ; • обветривании кожи и солнечных ожогах ; • остеохондрозе, артрите, радикулите ; • воспалительных заболеваниях носовой и ротовой полости (стоматит, ринит, гайморит, пародонтоз и др.) ; • астме, сенной лихорадке, аллергическом насморке ; • геморрое и трещинах прямой кишки . Используется также для: • профилактики и поддержки при гриппе и простудных заболеваниях ; • ухода..."
"p601","Травяные сборы 100 г","Напиток чайный «Кровь без тромбов»","50 г","1152",,,"Россия","24 месяца","4610002410378","","12","False","napitok-chainyi-krov-bez-trombov","https://firebasestorage.googleapis.com/v0/b/travnik-5cc55.firebasestorage.app/o/products%2Fnapitok-chainyi-krov-bez-trombov.jpg?alt=media&token=398b2374-8bad-45a0-93bd-67e0b0c6c6ff","https://www.flip.kz/catalog?prod=3480497",,"1—2 ст. л. сырья залить 0,2–0,3 л кипятка , настоять 1 час при комнатной температуре ⌛. Принимать по 1/3 полученного объёма 3 раза в день, каждую порцию процеживая через ситечко .","Рекомендован при повышенной свёртываемости крови  как эффективное антиагрегатное (кроворазжижающее) средство. Действует мягко и безопасно для слизистой желудка и кишечника , так как активные компоненты — кумарины и природные салицилаты . Подходит для длительных курсов и профилактики сосудистых осложнений . Минимальный курс приёма — 1–2 месяца ⏳. Рекомендуется повторять курс 3–4 раза в год, делая перерывы 10–12 дней, и чередовать с приёмом чайного напитка «Витамины для мозга» ."
"p602","Травяные сборы 100 г","Фиточай «Мочеиспускание (диурез) без боли»","50 г","1152",,,"Россия","24 месяца","4610002410408","","0","False","fitochai-mocheispuskanie-diurez-bez-boli","https://firebasestorage.googleapis.com/v0/b/travnik-5cc55.firebasestorage.app/o/products%2Ffitochai-mocheispuskanie-diurez-bez-boli.jpg?alt=media&token=aaf9370c-2909-4127-88d1-549ae5772061","https://www.flip.kz/catalog?prod=3480534",,"1–2 ст. л. сырья залить 0,2–0,3 л кипятка, настоять 1 час при комнатной температуре, затем процедить. ⏰ Принимать по 1/3 от полученного объёма 3 раза в день, каждую порцию процеживая через ситечко.  Минимальный курс приёма: от 2–3 недель до нескольких месяцев.  При хроническом течении заболевания рекомендованы повторные курсы 3–4 раза в год с перерывами 1–2 месяца.  При беременности и хроническом гломерулонефрите необходим регулярный контроль анализа мочи.","Применяется при острых и хронических циститах, уретритах, мочекаменной болезни, а также при отёках почечного происхождения.  Обладает выраженным противовоспалительным, уросептическим, мочегонным и обезболивающим действием.  Напиток особенно эффективен при циститах и уретритах, сопровождающихся щелочной реакцией мочи, мягко улучшая общее состояние и самочувствие."
"p603","Травяные сборы 100 г","Фиточай «Ангине и ларингиту — стоп»","50 г","1152",,,"Россия","24 месяца","4610002411870","","0","False","fitochai-angine-i-laringitu-stop","https://firebasestorage.googleapis.com/v0/b/travnik-5cc55.firebasestorage.app/o/products%2Ffitochai-angine-i-laringitu-stop.jpg?alt=media&token=be1529bc-949a-482a-b42c-c69a8720b353","https://www.flip.kz/catalog?prod=3480609",,"1-2 ст. л. сырья залить 0,2-0,3 л кипятка , настоять 1 час при комнатной температуре ⏳ Принимать по 1/3 от полученного объема 3 раза в день , каждую порцию процеживая через ситечко Для полосканий 4 — 5 раз в день по 3 мин  Минимальный курс приема: зависит от тяжести и длительности заболевания  и может продлиться от 10 дней до 2 и более месяцев","Ангине и ларингиту — стоп  Рекомендован при воспалительных заболеваниях носоглотки (ангина, ларингит, синусит) у детей и взрослых  Обладает антимикробным, отхаркивающим и жаропонижающим действием"
"p604","Травяные сборы 100 г","Фиточай «Астмафит»","50 г","1152",,,"Россия","24 месяца","4610002411900","","0","False","fitochai-astmafit","https://firebasestorage.googleapis.com/v0/b/travnik-5cc55.firebasestorage.app/o/products%2Ffitochai-astmafit.jpg?alt=media&token=0a288eca-0996-4006-8037-8d956a0e792b","https://www.flip.kz/catalog?prod=3480668","Горца, дербенника, змееголовника, золотарника, зюзника, иссопа, первоцвета, пустырника, ряски, синеголовника, фиалки, чабреца, чины трава; лопуха корни; матьимачехи листья.","1 ст. л. сбора залить 200 мл кипятка , настоять 1 час при комнатной температуре ⏳, процедить. Принимать по 1/3 стакана 3 раза в день за 10–15 минут до еды . Минимальный курс приёма: зависит от тяжести заболевания и может составлять от 2–3 месяцев до года и более . Рекомендуется делать перерыв 7–10 дней после каждого месяца приёма .","Рекомендован при хроническом бронхите и бронхиальной астме у детей и взрослых . Способствует улучшению общего самочувствия , снижает частоту обострений в сырую и холодную погоду  и помогает быстрее их купировать. На фоне применения пациенты легче переносят медикаментозное лечение  и чувствуют больше стабильности в состоянии."
"p605","Травяные сборы 100 г","Вальс цветов","100 г","2961",,,"Россия","24 месяца","4690324019220","","0","False","vals-tsvetov","https://firebasestorage.googleapis.com/v0/b/travnik-5cc55.firebasestorage.app/o/products%2Fvals-tsvetov.jpg?alt=media&token=0e46fa7b-e479-419d-a4fd-dacc63970c9e","https://www.flip.kz/catalog?prod=3480725",,"сполоснуть заварочный чайник горячей водой , насыпать чай из расчёта 1 чайная ложка на чашку плюс 1 чайная ложка на чайник . Залить горячей водой и настоять 5 минут ⏳.","Эксклюзивный ароматный чай  на основе цветков василька, душицы, календулы, лепестков роз и листьев смородины с добавлением классического чёрного чая — это изысканная композиция вкуса и аромата . Напиток раскрывается мягко и многогранно, играя воздушными цветочными оттенками и создавая ощущение гармонии и уюта . Календула, душица и листья смородины укрепляют организм , помогают легче переносить стресс  и повышают работоспособность , василёк поддерживает зрение , а лепестки розы мягко успокаивают и радуют душу . «Вальс цветов» станет настоящим наслаждением для ценителей травяных чаёв ."
"p606","Без категории","Гидролат Ангелики","100 мл","2715",,,"Россия","12 месяцев","4690324023654","","0","False","gidrolat-angeliki","https://firebasestorage.googleapis.com/v0/b/travnik-5cc55.firebasestorage.app/o/products%2Fgidrolat-angeliki.jpg?alt=media&token=c0fb6ec5-b4d2-46f6-a089-c20a7699dd69","https://www.flip.kz/catalog?prod=3480885",,,"Сильный антисептик, лимфо противоотечное средство. Очищает, увлажняет и успокаивает и возраждает кожу. Эффективен при раздражениях кожи, воспалениях, акне, дерматитах, при целлюлите. Подходит для ухода за сухой, тусклой, безжизненной, чувствительной кожей. При распылении в воздухе облегчает дыхание, смягчает кашель, снимает напряжение. Гидролат содержит особый ароматический ингредиент — pentadecalactone, обладающий мускусным свежим ароматом с фруктовой нотой.

<strong>Способ применения:</strong> распылять на кожу и волосы, протирать кожу смоченным ватным диском, использовать для обогащения косметических средств, в горячих и холодных компрессах, для приготовления косметического льда.
<strong>
Меры предосторожности:</strong> провести тест-пробу на небольшом участке кожи, не использовать при индивидуальной непереносимости."
"p607","Без категории","Гидролат полыни","100 мл","2715",,,"Россия","12 месяцев","4690324023616","","0","False","gidrolat-polyni","https://firebasestorage.googleapis.com/v0/b/travnik-5cc55.firebasestorage.app/o/products%2Fgidrolat-polyni.jpg?alt=media&token=1af74848-48e3-4ef3-815d-521c6386c6b7","https://www.flip.kz/catalog?prod=3482141",,,"Мощный антиоксидант, оказывает бактерицидное и противогрибковое действие, коллагена. стимулирует синтез снимает зуд. Применяется для ухода за любой кожей, особенно эффективен при уходе за зрелой кожей и проблемной кожей, склонной к жирности. Рекомендуется при грибковых и гнойничковых поражениях кожи, псориазе, лишае, экземе, угревой сыпи. Способствует заживлению ожогов. Помогает при кровоточивости дёсен и заболеваниях ротовой полости, способствует укреплению и росту ногтей. Природный репеллент. 

<strong>Способ применения:</strong> распылять на кожу и волосы, протирать кожу смоченным ватным диском, использовать для обогащения косметических средств, в горячих и холодных компрессах, для приготовления льда. косметического."
"p608","Без категории","Гидролат душицы","100 мл","2715",,,"Россия","24 месяца","4690324023609","","0","False","gidrolat-dushitsy","https://firebasestorage.googleapis.com/v0/b/travnik-5cc55.firebasestorage.app/o/products%2Fgidrolat-dushitsy.jpg?alt=media&token=c3a39308-2c89-45e4-b6c3-0908051e4633","https://www.flip.kz/catalog?prod=3482143",,,"Используется при уходе за жирной и комбинированной кожей: очищает, сужает поры, тонизирует, регулирует потосалоотделение, снимает воспаление. Улучшает состояние кожи головы и волос при перхоти. Рекомендуется: при дерматитах, аллергии, акне, экземах, псориазе, гнойничковых заболеваниях кожи. При вдыхании успокаивает, помогает побороть страх, нервозность и раздражительность.
 
<strong>Способ применения:</strong> распылять на кожу и волосы, протирать кожу смоченным ватным диском, использовать для обогащения косметических средств, в горячих и холодных компрессах, для приготовления косметического льда."
"p609","Без категории","Гидролат репешка","100 мл","2715",,,"Россия","24 месяца","4690324023593","","0","False","gidrolat-repeshka","https://firebasestorage.googleapis.com/v0/b/travnik-5cc55.firebasestorage.app/o/products%2Fgidrolat-repeshka.jpg?alt=media&token=b0ca9ccf-fd65-4259-b82e-19083f270fd8","https://www.flip.kz/catalog?prod=3482147",,,"Мощное антиоксидантное, противоаллергическое и регенерирующее средство. Применяется для ухода за зрелой кожей, особенно при склонности к аллергическим реакциям и за волосами при облысении.

<strong>Способ применения:</strong> распылять на кожу и волосы, протирать кожу смоченным ватным диском, использовать для обогащения косметических средств, в горячих и холодных компрессах, для приготовления косметического льда."
"p610","Без категории","Гидролат земляники","100 мл","2715",,,"Россия","12 месяцев","4690324023647","","0","False","gidrolat-zemlyaniki","https://firebasestorage.googleapis.com/v0/b/travnik-5cc55.firebasestorage.app/o/products%2Fgidrolat-zemlyaniki.jpg?alt=media&token=46372fc8-0dc6-4dcf-a9f1-7246a6d27a17","https://www.flip.kz/catalog?prod=3482148",,,"Гидролат земляники увлажняет, успокаивает, освежает. Улучшает кровоснабжение, укрепляет стенки капилляров, стимулирует обмен веществ и питание кожи. Устраняет угревую сыпь, сужает поры, уменьшает пигментацию и воспаление. Отличное средство для профилактики старения и образования морщин. Можно использовать для ухода за кожей после принятия солнечных ванн.

<strong>Способ применения:</strong> распылять на кожу и волосы, протирать кожу смоченным ватным диском, использовать для обогащения косметических средств, в горячих и холодных компрессах, для приготовления косметического льда."
"p611","Без категории","Гидролат иссопа","100 мл","2715",,,"Россия","12 месяцев","4690324023784","","0","False","gidrolat-issopa","https://firebasestorage.googleapis.com/v0/b/travnik-5cc55.firebasestorage.app/o/products%2Fgidrolat-issopa.jpg?alt=media&token=1c691470-c21a-4f8a-ba2c-bbc5386d65b4","https://www.flip.kz/catalog?prod=3482162",,,"Иссоп 🌿 — символ очищения и обновления. Гидролат иссопа обладает антисептическим 🛡️, противоотёчным 💧, противовоспалительным 🌱, обезболивающим 🤍 и ранозаживляющим действием ✨. Полоскание рта гидролатом способствует оздоровлению полости рта 👄 и надолго освежает дыхание 🌬️.

<strong>Используется для:</strong>
• ухода за проблемной кожей лица и тела 💆‍♀️ — снимает раздражение после эпиляции и пилинга;
• уменьшения зуда и покраснений после укусов насекомых 🦟;
• нормализации работы сальных и потовых желёз ⚖️;
• укрепления волос и устранения перхоти 💇‍♀️;
• ускорения рассасывания гематом 🩹;
• улучшения состояния кожи при дерматитах и экземе 🤍.

<strong>Применение:</strong>
распылять на кожу и волосы 💦, протирать кожу ватным диском, смоченным гидролатом 🧴. Использовать для обогащения косметических средств ✨, в горячих и холодных компрессах ♨️❄️, а также для приготовления косметического льда 🧊."
"p612","Без категории","Гидролат ежевики","100 мл","2715",,,"Россия","12 месяцев","4690324023685","","0","False","gidrolat-ezheviki","https://firebasestorage.googleapis.com/v0/b/travnik-5cc55.firebasestorage.app/o/products%2Fgidrolat-ezheviki.jpg?alt=media&token=48aaac1c-62b9-4b3e-8bd2-868b5e76b434","https://www.flip.kz/catalog?prod=3482172",,,"Антиоксидантное, омолаживающее, тонизирующее кожу, укрепляющее волосяные луковицы антисептическое средство. Нормализует секрецию сальных желёз, улучшает структуру волос. Применяется для ухода за жирной, нормальной, комбинированной и увядающей кожей лица, для ухода за телом, а также сухими и смешанными волосами.

<strong>Способ применения:</strong> распылять на кожу и волосы, протирать кожу смоченным ватным диском, использовать для обогащения косметических средств, в горячих и холодных компрессах, для приготовления косметического льда."
"p613","Без категории","Гидролат золотарника","100 мл","2715",,,"Россия","12 месяцев","4690324023623","","0","False","gidrolat-zolotarnika","https://firebasestorage.googleapis.com/v0/b/travnik-5cc55.firebasestorage.app/o/products%2Fgidrolat-zolotarnika.jpg?alt=media&token=4f80f4f6-7a06-4b20-b5ee-c1c84d2949eb","https://www.flip.kz/catalog?prod=3482175",,,"Противовоспалительное, антисептическое, сосудоукрепляющее, вяжущее, противоотечное, ранозаживляющее, жаропонижающее средство. Используется для заживления укусов насекомых, ожогов и ссадин, при угревой сыпи, дерматитах, ушибах и растяжениях, пародонтозе и стоматите. Применяют при жирной коже с расширенными порами, кандидозе. Рекомендован при куперозе, атоничной коже. Природный репеллент.

<strong>Способ применения:</strong> распылять на кожу и волосы, протирать кожу смоченным ватным диском, использовать для обогащения косметических средств, в горячих и холодных компрессах, для приготовления косметического льда."
"p614","Без категории","Гидролат сосны хвои","100 мл","2715",,,"Россия","12 месяцев","4690324023821","","0","False","gidrolat-sosny-khvoi","https://firebasestorage.googleapis.com/v0/b/travnik-5cc55.firebasestorage.app/o/products%2Fgidrolat-sosny-khvoi.jpg?alt=media&token=129168e2-53db-4d90-889e-05ba67fd1c79","https://www.flip.kz/catalog?prod=3482183",,,"Натуральный антисептик с выраженным противовоспалительным и противоотечным действием. Улучшает капиллярный кровоток и возвращает упругость кожи. Помогает при избыточном потоотделении, природный дезодорант. Улучшает состояние кожи головы и волос. Применяется для ухода за проблемной, жирной и смешанной кожей. Эффективен при угревой сыпи, герпесе, дерматитах и целлюлите. освежает дыхание и оздоравливает ротовую полость.

<strong>Способ применения:</strong> для улучшения состояния кожи и волос. Распылять на кожу и волосы, протирать кожу смоченным ватным диском. Использовать для обогащения косметических средств, в горячих и холодных компрессах, для полоскания рта, для ингаляций и ванн, для освежения воздуха в помещении и приготовления косметического льда."
"p615","Без категории","Гидролат лабазника","100 мл","2715",,,"Россия","12 месяцев","4690324023678","","0","False","gidrolat-labaznika","https://firebasestorage.googleapis.com/v0/b/travnik-5cc55.firebasestorage.app/o/products%2Fgidrolat-labaznika.jpg?alt=media&token=c380a2ee-7681-447c-8c20-b949829de3b3","https://www.flip.kz/catalog?prod=3482215",,,"Обладает общеукрепляющим противоотечным, ранозаживляющим, противозудным, успокаивающим, антиоксидантным действием. Укрепляет сосуды. Ускоряет регенерацию кожи. Обладает стрессопротективным действием. Рекомендуется для любого типа кожи. Как восстановительный уход после солнечных ванн, длительного нахождения в кондиционируемых помещениях, зимний уход, после перенесенных стрессов. Как обновляющее средство для вялой, возрастной кожи; как ускоряющее заживление для любого типа кожи с акне, постакне, царапинами, трещинками, порезами, ранками от укусов насекомых. Подходит для ухода за зрелой, а так же жирной, комбинированной кожей, склонной к образованию акне и комедонов. Эффективен при перхоти и жирной себорее. Подходит как средство после эпиляции и бритья."
"p616","Без категории","Гидролат ели хвои","100 мл","2715",,,"Россия","12 месяцев","4690324023838","","0","False","gidrolat-eli-khvoi","https://firebasestorage.googleapis.com/v0/b/travnik-5cc55.firebasestorage.app/o/products%2Fgidrolat-eli-khvoi.jpg?alt=media&token=ee7dedf1-c994-4a37-9065-748567b9b196","https://www.flip.kz/catalog?prod=3482234",,,"Натуральный антисептик и тоник. Благодаря широкой антимикробной (в т.ч. и против анаэробных микроорганизмов), противогрибковой активности; антиоксидантным, противоотечным, отхаркивающим, улучшающим микроциркуляцию крови, спазмолитическим, противовоспалительным, инсектицидным свойствам применяется при перхоти, угревой сыпи, выпадении волос, травмах, ушибах, гематомах, мышечных и суставных болях, а также при физическом и умственном истощении. Используется для профилактики сезонных простуд и облегчения состояния при бронхите, насморке, гайморите и синусите. Отпугивает насекомых. Эффективный репеллент в местах хранения круп и продуктов их переработки.

<strong>Применение:</strong> распылять на кожу и волосы, протирать кожу смоченным ватным диском. Используется в компрессах, для промывания носовых ходов и полоскания горла и рта, для ингаляций и ванн (с солью) для санации воздуха в помещения в аромалампах для дезинфекции воздуха в помещении. Распылять в местах хранения круп."
"p617","Без категории","Гидролат мяты","100 мл","2715",,,"Россия","12 месяцев","4690324023661","","0","False","gidrolat-myaty","https://firebasestorage.googleapis.com/v0/b/travnik-5cc55.firebasestorage.app/o/products%2Fgidrolat-myaty.jpg?alt=media&token=c0866979-109d-476c-b91e-589d0f84c2dc","https://www.flip.kz/catalog?prod=3482247",,,"Оказывает тонизирующее, охлаждающее и подтягивающее действие. Подходит для ухода за любой кожей, в том числе при пониженном тургоре, при тусклой, серой и вялой кожи, выравнивает цвет лица и тела.

<strong>Применение:</strong> распылять на кожу и волосы, протирать кожу смоченным ватным диском. использовать для обогащения косметических средств, в горя чих и холодных компрессах, для приготовления косметического льда."
"p622","Травяные сборы 100 г","Сбор травяной «Ванны для храбрости (детские)»","500 г","3965",,,"Россия","24 месяца","4690324022756","","0","False","sbor-travyanoi-vanny-dlya-khrabrosti-detskie","https://firebasestorage.googleapis.com/v0/b/travnik-5cc55.firebasestorage.app/o/products%2Fsbor-travyanoi-vanny-dlya-khrabrosti-detskie.jpg?alt=media&token=9b4928e2-ef63-4640-8bc3-598c722bb4d6","https://www.flip.kz/catalog?prod=3482327",,"25 г сбора залить 1-2 л воды, довести до кипения , варить 3 мин, настоять 1 час ⏳, процедить, влить в ванну Купать ребенка при температуре воды примерно 38°С 10-20 мин Общий курс 10-20 ванн  Условия хранения: хранить при относительной влажности воздуха не более 75%, в защищенном от света месте, отдельно от продуктов, имеющих запах После вскрытия упаковки хранить в сухом месте не более 6 месяцев","Основные показания: прекрасный адаптоген для боязливых детей, чувствительных к стрессу  Тревога или страх по поводу посещения детского сада или школы, боязнь общения со сверстниками, учителями, иные привычные страхи  Регулярное применение ванн позволяет ребенку справляться с тревогой, быстрее и легче адаптироваться к новой среде"
"p623","Травяные сборы 100 г","Сбор травяной «Ванны детские»","500 г","3965",,,"Россия","24 месяца","4690324022633","","0","False","sbor-travyanoi-vanny-detskie","https://firebasestorage.googleapis.com/v0/b/travnik-5cc55.firebasestorage.app/o/products%2Fsbor-travyanoi-vanny-detskie.jpg?alt=media&token=72eccecd-d4ac-4a46-a807-6f57474ed1c2","https://www.flip.kz/catalog?prod=3482330",,"25 г сбора залить 1-2 л воды, довести до кипения , варить 3 мин, настоять 1 час ⏳, процедить, влить в ванну Купать ребенка при температуре воды примерно 38°С 10-20 мин Общий курс 10-20 ванн  Противопоказания: индивидуальная непереносимость Условия хранения: хранить при относительной влажности воздуха не более 75%, в защищенном от света месте, отдельно от продуктов, имеющих запах После вскрытия упаковки хранить в сухом месте не более 6 месяцев","Основные показания: при кожных проявлениях у детей  Применяется при сыпи, экземе и кожном зуде аллергической или грибковой природы  Регулярное использование ванн способствует очищению и успокоению кожи"
"p624","Травяные сборы 100 г","Сбор травяной для отстающих в росте детей «Растишка»","50 г","1053",,,"Россия","24 месяца","4690324011217","","1","False","sbor-travyanoi-dlya-otstayushchikh-v-roste-detei-rastishka","https://firebasestorage.googleapis.com/v0/b/travnik-5cc55.firebasestorage.app/o/products%2Fsbor-travyanoi-dlya-otstayushchikh-v-roste-detei-rastishka.jpg?alt=media&token=ae4b5e6d-22dd-409a-ad39-a067d1f6897f","https://www.flip.kz/catalog?prod=3482340","Дрока, дурнишника, зюзника, кирказона, люцерны, пикульника трава; крапивы, мяты листья; одуванчика, окопника корневища; подсолнечника цветки; рябины красной плоды.","1—2 ст. л. сбора залить 0,2–0,4 л кипятка , настоять 1 час при комнатной температуре ⏳. Принимать в 3–4 приёма разными порциями в течение дня . Минимальный курс приёма: в зависимости от основного состояния — от 2–3 месяцев до 1–1,5 лет . После каждого месяца приёма рекомендуется делать перерыв 7–10 дней , в этот период принимать сбор «Щитовидная железа здоровая».","Основные показания : дефекты роста и развития у детей . При регулярном применении: • способствует росту и нормальному физическому развитию детей , отстающих по этим показателям от сверстников; • благодаря комплексу природных биологически активных веществ  гармонизует работу эндокринной системы у детей с преждевременным половым развитием и избыточным весом эндокринного происхождения ."
"p625","Травяные сборы 100 г","Укроп","35 г","1530",,,"Россия","24 месяца","4690324013471","","3","False","ukrop","https://firebasestorage.googleapis.com/v0/b/travnik-5cc55.firebasestorage.app/o/products%2Fukrop.jpg?alt=media&token=a21b14ac-6612-45d0-940e-cdd177ba2e10","https://www.flip.kz/catalog?prod=3485375",,,"Настой плодов укропа  используют как отхаркивающее и ветрогонное средство . Он помогает при профилактике приступов стенокардии , применяется при гипертонической болезни I–II степеней, хронической коронарной недостаточности и бессоннице . Настой эффективно снимает спастические явления в мышцах брюшной полости , облегчает состояние при аллергических и зудящих дерматитах, геморрое. Также используется как мягкое мочегонное , лёгкое слабительное и лактогенное (молокогонное) средство . Плоды и свежая зелень укропа улучшают аппетит , способствуют пищеварению, успокаивают кишечные колики. Растение входит в состав лечебных чаёв и сборов . Свежие листья применяют при анемии и стенокардии. Наружно настой плодов используют для примочек при глазных заболеваниях  и гнойничковых поражениях кожи . Способ приготовления и применения: 1 ст. ложку плодов залить стаканом горячей кипячёной воды  и нагревать на водяной бане 15 минут при частом помешивании ⏳. Остудить, отжать, объём..."
"p626","Травяные сборы 100 г","Фитосбор «Иммунитет здоровый»","100 г","1909",,,"Россия","24 месяца","4690324023579","","7","False","fitosbor-immunitet-zdorovyi","https://firebasestorage.googleapis.com/v0/b/travnik-5cc55.firebasestorage.app/o/products%2Ffitosbor-immunitet-zdorovyi.jpg?alt=media&token=7352b020-3e44-40c3-bebd-165fdf01cd88","https://www.flip.kz/catalog?prod=3485518",,,"Применяют при частых простудных заболеваниях, особенно у детей и лиц пожилого возраста, а также при ослабленном иммунитете и снижении умственной и физической работоспособности. Средство эффективно при «синдроме хронической усталости» (СХУ) и в период весеннего гиповитаминоза, помогает восстановить силы и повысить общий тонус организма. Способ приготовления и применения: 1—2 ст. л. сбора залить 0,2–0,3 л кипятка, настоять 1 час при комнатной температуре. Принимать по 1/3 от полученного объёма 3 раза в день, каждую порцию процеживая через ситечко. Противопоказания: не применять в разгар заболевания при высокой температуре — в этот период рекомендуется использовать напитки чайные «Гриппу стоп», «Аспирин-фито»; а также при индивидуальной непереносимости. Минимальный курс приёма: 1—2 месяца, 2–3 раза в год (особенно в весенне-осенний период и во время эпидемий гриппа)."
"p627","Травяные сборы 100 г","Копытня европейского корни","25 г","1563",,,"Россия","24 месяца","4690324011439","","19","False","kopytnya-evropeiskogo-korni","https://firebasestorage.googleapis.com/v0/b/travnik-5cc55.firebasestorage.app/o/products%2Fkopytnya-evropeiskogo-korni.jpg?alt=media&token=2e86184a-829a-4ba4-8033-f7058b62452d","https://www.flip.kz/catalog?prod=3485547",,,"Применяются: при сердечной недостаточности, миокардиодистрофии, гипотонии, водянке, алкоголизме; в качестве кардиотонического и рвотного средства. Способ приготовления и применения: 1—2 ст. л. корней залить 0,2–0,3 л воды, потомить 3–4 минуты, настоять до полного остывания, процедить. Принимать по 1/3 от полученного объёма 3 раза в день до еды."
"p628","Травяные сборы 100 г","Листья облепихи","50 г","593",,,"Россия","24 месяца","4690324021131","","61","False","listya-oblepikhi","https://firebasestorage.googleapis.com/v0/b/travnik-5cc55.firebasestorage.app/o/products%2Flistya-oblepikhi.jpg?alt=media&token=e0c1af2c-fa2f-4570-b88d-487a2cc2cdd4","https://www.flip.kz/catalog?prod=3485590",,"1 ст. л. листьев залить 0,2 л кипятка, настоять 1 час. Принимать в 3 приёма в течение дня за 10 минут до еды. Наружно: использовать в виде ванночек или повязок при кожных...","Применяются: в качестве противовоспалительного, антиоксидантного, противовирусного, спазмолитического, детоксикационного, ранозаживляющего и регенерирующего средства. Укрепляют иммунитет и сердечно-сосудистую систему, нормализуют стул, способствуют снижению уровня сахара и холестерина в крови. Улучшают зрение, омолаживают кожу, повышают качество волос и снижают чувствительность кожи к солнечному излучению. Используются при язвенной болезни желудка и других органов пищеварительной системы, гепатите, геморрое, ревматизме, подагре, сахарном диабете, атеросклерозе, метаболических нарушениях, пародонтозе, неврозах, анемии, а также для профилактики инсультов и инфарктов. Повышают вероятность зачатия, благоприятно влияют на развитие плода, повышают жизненный тонус и снимают усталость."
"p629","Бальзамы питьевые","Флорентинная вода (водный экстракт хвои ели)","1.5 л","3044",,,"Россия","24 месяца","4690324020899","","0","False","florentinnaya-voda-vodnyi-ekstrakt-khvoi-eli-2","https://firebasestorage.googleapis.com/v0/b/travnik-5cc55.firebasestorage.app/o/products%2Fflorentinnaya-voda-vodnyi-ekstrakt-khvoi-eli-2.jpg?alt=media&token=e1c90fa3-a4bb-4005-9bab-c8081d5c5003","https://www.flip.kz/catalog?prod=3486112",,,"Общетонизирующее, витаминно-минеральное и иммуностимулирующее природное средство. Эффективно при гнойничковой сыпи, повышенной сальности кожи, выпадении волос и перхоти. Тонизирует и оживляет тусклую кожу, усиливает дренажные свойства, улучшает общее состояние кожи и волос. Применяется как: • общеукрепляющее, противомикробное, противовоспалительное, потогонное, обезболивающее, желчегонное, противоцинготное и мочегонное средство; • средство профилактики и оздоровления при заболеваниях верхних дыхательных путей вирусного и бактериального происхождения (ринит, фарингит, гайморит, ларинготрахеит, бронхиальная астма); • вспомогательное средство при заболеваниях нижних дыхательных путей (пневмония, туберкулёз); • при воспалительных процессах выделительной системы и заболеваниях почек; • для восстановления эластичности сосудов, при варикозном расширении вен; • для поддержки и восстановления органов ЖКТ; • при грибковых и бактериальных поражениях кожи; • для ухода и..."
"p630","Травяные сборы 100 г","Петров крест, растение с корнями","50 г","2402",,,"Россия","24 месяца","4690324021308","","30","False","petrov-krest-rastenie-s-kornyami","https://firebasestorage.googleapis.com/v0/b/travnik-5cc55.firebasestorage.app/o/products%2Fpetrov-krest-rastenie-s-kornyami.jpg?alt=media&token=e76d0255-69b5-4366-ad63-54f37d8cda3e","https://www.flip.kz/catalog?prod=3486125",,,"Применяется при женском и мужском бесплодии — способствует стимуляции овуляции и сперматогенеза, поддерживая репродуктивную функцию организма.  Используется при тяжёлых заболеваниях печени (в том числе циррозе с асцитом), а также при онкологических и доброкачественных новообразованиях.  Отмечается, что при онкологии средство способствует разрушению опухолевых клеток, укреплению иммунитета, улучшению общего самочувствия и снижению воспалительных процессов в организме.  Дополнительно помогает очищать почки и мочевыводящие пути от песка и мелких камней, поддерживая здоровье мочевыделительной системы.  Способ приготовления и применения: 1 ст. л. измельчённого сырья залить 300 мл воды, потомить на медленном огне в течение 20 минут, затем настоять до остывания при комнатной температуре и процедить.  Принимать по ½ стакана 2 раза в день после еды в течение 1 месяца. ⏳ Рекомендуемый курс приёма — 30–40 дней."
"p631","Бальзамы питьевые","Флорентинная вода пихты сибирской","550 мл","1530",,,"Россия","24 месяца","4690324017707","","0","False","florentinnaya-voda-pikhty-sibirskoi","https://firebasestorage.googleapis.com/v0/b/travnik-5cc55.firebasestorage.app/o/products%2Fflorentinnaya-voda-pikhty-sibirskoi.jpg?alt=media&token=048ecb06-a9e1-441e-a2c6-e9ef94b36fca","https://www.flip.kz/catalog?prod=3486132","100% водный экстракт хвои пихты сибирской","по 50 мл 3 раза в день перед едой При повышенной кислотности после еды","Применяется как общетонизирующее, витаминно-минеральное и иммуномодулирующее природное средство  Используется для восстановления обмена веществ и укрепления кровеносных сосудов, в первую очередь капилляров  Способствует нейтрализации и выведению токсинов при отравлениях и химиотерапии  Применяется как общеукрепляющее средство при профилактике и оздоровлении опорно-двигательного аппарата, органов пищеварительной, бронхо-легочной и мочевыделительной систем, а также при гриппе и простудах"
"p632","Травяные сборы 100 г","Душицы трава","35 г","987",,,"Россия","24 месяца","4690324023531","","18","False","dushitsy-trava","https://firebasestorage.googleapis.com/v0/b/travnik-5cc55.firebasestorage.app/o/products%2Fdushitsy-trava.jpg?alt=media&token=e81c1042-c2af-41f9-a8e6-36a6dbae4fef","https://www.flip.kz/catalog?prod=3523415","Душицы трава","1-2 фильтр-пакета залить 0,2 л кипятка , настоять 30 минут при комнатной температуре ⏳, отжать Принимать по 1/3 от полученного объема 3 раза в день до еды","Применяется при бронхитах, кашле и ОРВИ, а также при головной боли  Используется при нарушении менструального цикла, в период климакса при приливах, потливости и смене настроения  Обладает спазмолитическим, сосудорасширяющим и фитоэстрогенным действием  Оказывает успокаивающее, потогонное и противовоспалительное действие, способствует улучшению пищеварения"
"p633","Уксусы","Уксус хлебный 4% на основе березового сока","550 мл","1366",,,"Россия","24 месяца","4690324022176","","5","False","uksus-khlebnyi-4-na-osnove-berezovogo-soka","https://firebasestorage.googleapis.com/v0/b/travnik-5cc55.firebasestorage.app/o/products%2Fuksus-khlebnyi-4-na-osnove-berezovogo-soka.jpg?alt=media&token=8db1ba32-fde7-4960-8dd6-ab007d184600","https://www.flip.kz/catalog?prod=3523425","березовый сок, мед, изюм","развести 1-2 ст. л. в воде по вкусу При наружном применении используется в чистом виде для протирания кожи при пигментных пятнах и для профилактики варикозного расширения вен Используется при мариновании овощей и фруктов, продуктов животного происхождения Противопоказания: индивидуальная непереносимость компонентов","Уксус богат витаминами группы B, содержит минеральные соли и органические кислоты  При употреблении после еды способствует восстановлению микрофлоры кишечника и нормализации пищеварения  Активизирует обмен веществ, снижает аппетит и ускоряет переваривание белков, жиров и углеводов  Способствует выведению шлаков и поддерживает нормализацию веса, применяется для профилактики возрастных изменений организма"
"p634","Травяные сборы 100 г","Ярутки полевой трава","50 г","576",,,"Россия","24 месяца","4610002419845","","0","False","yarutki-polevoi-trava","https://firebasestorage.googleapis.com/v0/b/travnik-5cc55.firebasestorage.app/o/products%2Fyarutki-polevoi-trava.jpg?alt=media&token=5077bc7f-7d76-4f5e-b317-7ac32bcee41d","https://www.flip.kz/catalog?prod=3523449","Ярутки трава","1-2 ст. л. травы залить 0,2-0,3 л кипятка , настоять 1 час при комнатной температуре ⏳ Принимать по 1/3 от полученного объема 3 раза в день Каждую порцию процеживать через ситечко","Обладает тестостеронстимулирующим действием и способствует повышению потенции  Применяется для поддержки мужского здоровья и физической активности  У женщин уменьшает объем и длительность менструальных выделений"
"p635","Травяные сборы 100 г","Набор чая «Татарстан»","120 г","5511",,,"Россия","24 месяца","4690324023791","","0","False","nabor-chaya-tatarstan","https://firebasestorage.googleapis.com/v0/b/travnik-5cc55.firebasestorage.app/o/products%2Fnabor-chaya-tatarstan.jpg?alt=media&token=d825cf65-0089-4d45-a170-9638cf93c55e","https://www.flip.kz/catalog?prod=3523457","душица, чабрец, меллиса, саган дайля, шиповник, малина, смородина, иванчай, мята, жасмин, зверобой, чага.",,"Ритуал чаепития занимает особое место в татарской культуре и сопровождает важные события и праздники  Чай принято пить из маленьких чашек, наслаждаясь неспешной беседой и свежезаваренным напитком в теплой компании В татарской традиции чай часто сочетают с травами, ягодами и фруктами  Русское чаепитие символизирует душевность, покой и радость, объединяя семью и друзей за одним столом  Чай пьют с угощениями, делятся разговорами и ценят атмосферу отдыха и уюта Способ приготовления: сполоснуть заварочный чайник горячей водой, насыпать чай из расчета 1 чайная ложка на чашку воды плюс 1 чайная ложка на чайник Чайник залить кипятком и настоять 5 минут"
"p636","Таблетки и капсулы","Экстракт чаги в капсулах","60 шт.","7224",,"капсулы","Россия","36 месяцев","4870234280051","","0","False","ekstrakt-chagi-v-kapsulakh","https://firebasestorage.googleapis.com/v0/b/travnik-5cc55.firebasestorage.app/o/products%2Fekstrakt-chagi-v-kapsulakh.jpg?alt=media&token=07f3faf4-5fe9-41b6-8c35-ed9bdd75350a","https://www.flip.kz/catalog?prod=3527777","экстракт","по 1 капсуле утром и вечером независимо от приёма пищи","Мощные антиоксиданты, содержащиеся в грибе , вызывают апоптоз раковых клеток, снижают гистамин-индуцированное воспаление, помогают при диабете второго типа, замедляют развитие болезни Альцгеймера  В составе гриба существует супероксиддисмутаза — фермент, защищающий кожу от действия ультрафиолетовых лучей , загрязненного воздуха, пыли и грязи, уменьшает воспалительные процессы, обладает противораковыми свойствами • повышает защитные реакции организма  • активизирует обмен веществ в мозговой ткани  • нормализует артериальное и венозное давление  • снижает уровень вредного холестерина и глюкозы в крови • замедляет скорость роста и снижает агрессивность новообразований • улучшает работу ЖКТ • придает силы, добавляет энергию"
"p637","Таблетки и капсулы","Противопаразитарные грибы в капсулах «Лисички»","60 шт.","7900",,"капсулы","Россия","36 месяцев","4870234280044","","101","False","protivoparazitarnye-griby-v-kapsulakh-lisichki","https://firebasestorage.googleapis.com/v0/b/travnik-5cc55.firebasestorage.app/o/products%2Fprotivoparazitarnye-griby-v-kapsulakh-lisichki.jpg?alt=media&token=71c8a61a-f46e-4c37-ba5e-ee5965009c5d","https://www.flip.kz/catalog?prod=3527802","сушёные плодовые тела гриба лисичка, желатин (оболочка капсулы)",,"Противопаразитарные грибы в капсулах «Лисички»  В связи с высоким содержанием витаминов, аминокислот и микроэлементов лисичка способствует улучшению зрения, а также многих глазных заболеваний  Западные фармацевтические фирмы закупают лисички, выделяют из них хитинманнозу и используют ее в чистом виде в составе медицинских антигельминтных препаратов  Показания к применению: • лечат заболевания печени и гепатит С; • способствует улучшению зрения, а также многих глазных заболеваний; • лечат от ожирения; • обладают противоопухолевым и иммуностимулирующим действием; • задерживают рост туберкулезной палочки; • выводят из организма паразитов и токсины; • способствуют выведению радионуклидов из организма  Способ применения и дозировка: по 1-2 капсуле утром и вечером вне зависимости от приема пищи Продолжительность приема: 1 месяц. При необходимости курс приема можно повторить"
"p638","Таблетки и капсулы","Исландский мох (от кашля, природный антибиотик)","60 шт.","5777",,"капсулы","Россия","36 месяцев","4870234280068","","0","False","islandskii-mokh-ot-kashlya-prirodnyi-antibiotik","https://firebasestorage.googleapis.com/v0/b/travnik-5cc55.firebasestorage.app/o/products%2Fislandskii-mokh-ot-kashlya-prirodnyi-antibiotik.jpg?alt=media&token=b89e9cfc-b180-43d6-b2fc-dc140a925e92","https://www.flip.kz/catalog?prod=3527815","сушёный исландский мох, желатин (оболочка капсулы)",,"Исландский мох Цетрария исландская нашла свое применение в официальной и народной медицине  В составе растения присутствует усниновая кислота, которая обладает сильной антибиотической активностью, поэтому исландский мох успешно используется при  Показания к применению: • лечении простудных заболеваний, воспалениях органов брюшной полости и кишечника; • при простудных заболеваниях и заболеваниях дыхательной системы ; • при заболеваниях ЖКТ; • как противовоспалительное, антисептическое средство  Способ применения и дозировка: по 2 капсулы утром и вечером вне зависимости от приема пищи. Продолжительность приема: 1 месяц. При необходимости курс приема можно повторить."
"p639","Уксусы","Уксус хлебный 4% на основе березового сока","1.55 л","2567",,,"Россия","24 месяца","4690324022183","","5","False","uksus-khlebnyi-4-na-osnove-berezovogo-soka-2","https://firebasestorage.googleapis.com/v0/b/travnik-5cc55.firebasestorage.app/o/products%2Fuksus-khlebnyi-4-na-osnove-berezovogo-soka-2.jpg?alt=media&token=736af7c5-1334-4c73-893d-0b8eeef2ab91","https://www.flip.kz/catalog?prod=3681595","березовый сок, мед, изюм","развести 1-2 ст.л. в воде по вкусу При наружном применении, используется в чистом виде для протирании кожи при пигментных пятнах, для профилактики варикозного расширения вен Используется при мариновании овощей и...","Уксус богат витаминами группы В  Содержит соли калия, кремния, магния, железа, меди, а также соединения кальция, фосфора, натрия, органические кислоты, витамины А, С, Е и другие аминокислоты  При употреблении после приема, особенно белковой пищи, восстанавливается микрофлора кишечника за счет комплекса ферментов, нормализуется пищеварение  Активизируется, тем самым, обмен веществ, снижается аппетит, ускоряется переваривание белков, жиров и углеводов  Выводит шлаки и благодаря этим свойствам способствует нормализации веса Применяется для профилактики и оздоровления при остеопорозе, артритах, для восстановления работы почек, пищеварительной системы, артериального давления и сердечного ритма и при всех возрастных изменениях организма"
"p640","Уксусы","Уксус из плодов груши","550 мл","2896",,,"Россия","24 месяца","4690324023289","","10","False","uksus-iz-plodov-grushi","https://firebasestorage.googleapis.com/v0/b/travnik-5cc55.firebasestorage.app/o/products%2Fuksus-iz-plodov-grushi.jpg?alt=media&token=67268e4f-2b1e-4aef-915a-7877a61c9c25","https://www.flip.kz/catalog?prod=3756521","плоды местных уральских сортов груши, вода из источника Красный Ключ","используется для заправки салатов и в качестве питья Для этого 1 ч. л. — 1 ст. л уксуса разбавить 100 мл воды и выпить натощак Количество повторений определяется самочувствием и индивидуальной потребностью","Эффективен при мочекаменной болезни и воспалительных процессах в мочевом пузыре  При воспалительных поражениях предстательной железы, для восстановления функции поджелудочной железы  Активизации процессов кроветворения, улучшение работы сердца, почек и печени  В зависимости от характера кашля и базового синдрома: эффективен при кашле с вязкой и трудноотделяемой мокротой тёмно — жёлтого цвета  Используется также для избавления от синдрома похмелья и утоления жажды в летнюю жару  Нежелательно употребление при синдроме «холода» (озноб, замерзание рук и ног, кашель с обильным выделением редкой бледной мокротой); после родов, при бледности и сухости кожи, головокружении и шуме в ушах"
"p641","Таблетки и капсулы","Живица сосновая","250 г","4343",,,"Россия","не ограничен","4690324022336","","0","False","zhivitsa-sosnovaya","https://firebasestorage.googleapis.com/v0/b/travnik-5cc55.firebasestorage.app/o/products%2Fzhivitsa-sosnovaya.jpg?alt=media&token=9621957b-97e6-45ec-8cc3-6836f7a38f0f","https://www.flip.kz/catalog?prod=3756606","натуральная смола сосны 100%","на проблемные участки кожи 1-3 раза в день Через 15 минут лишнее снять салфеткой","Обладает антисептическими, ранозаживляющими, рассасывающими, сосудо- и капилляроукрепляющими свойствами  Применяется в качестве компонента для приготовления бальзамов, мазей для кожи лица и тела  Приготовление 10% живицы: разогреть на водяной бане 200 мл растительного масла , добавить 2 ст. л. (20 мл) живицы сосновой, хорошо перемешать Выдержать 30 минут ⏳"
"p642","Травяные сборы 100 г","Сбор трав «Иммунофит с караганой»","50 г","1152",,,"Россия","24 месяца","4690324009702","","8","False","sbor-trav-immunofit-s-karaganoi","https://firebasestorage.googleapis.com/v0/b/travnik-5cc55.firebasestorage.app/o/products%2Fsbor-trav-immunofit-s-karaganoi.jpg?alt=media&token=557d4567-582a-4695-a62c-49cc13abcf29","https://www.flip.kz/catalog?prod=3756906","Караганы цветки, листья; бодяка, донника, зубчатки, таволги, синеголовника, левзеи трава; дуба листья; смородины почки; рябины красной плоды; исландского мха (цетрарии), кладонии слоевища.","1-3 ст. л. залить 0,2-0,5 л кипятка , настоять 1 час при комнатной температуре ⏳, процедить Принимать по 1/3 от полученного объема 3 раза в день за 10-15 минут до еды Не применять в разгар заболевания при высокой температуре  В это время необходимо принимать напиток чайный «Гриппу-стоп», «Аспиринфито детский»","При частых простудных заболеваниях с небольшой температурой (при ослабленном иммунитете), особенно у детей и лиц пожилого возраста  При снижении умственной и физической работоспособности  Эффективен при «синдроме хронической усталости» (СХУ) и весеннем гиповитаминозе"
"p643","Травяные сборы 100 г","Трава мелиссы лимонной «Котовник кошачий»","50 г","807",,,"Россия","24 месяца","4690324009429","","2","False","trava-melissy-limonnoi-kotovnik-koshachii","https://firebasestorage.googleapis.com/v0/b/travnik-5cc55.firebasestorage.app/o/products%2Ftrava-melissy-limonnoi-kotovnik-koshachii.jpg?alt=media&token=aae84640-681a-4fe1-b2bf-a6f27d01a857","https://www.flip.kz/catalog?prod=3756922","мелиссы лимонной (котовника кошачьего) трава",,"Применяется при неврозах, депрессиях, бессоннице , сердцебиениях, одышке, повышенном артериальном давлении, мигрени, болях в желудке, метеоризме, анемиях, болезненных менструациях  Как успокаивающее, гипотензивное, мочегонное, болеутоляющее, спазмолитическое средство  Способ приготовления и применения: 1-2 ст.л. травы залить 0,2-0,3 л кипятка , настоять 1 час при комнатной температуре ⏳, процедить Принимать по 1/3 от полученного объема 3 раза в день Противопоказания: индивидуальная непереносимость"
"p644","Травяные сборы 100 г","Сбор трав «Бюст идеальный»","50 г","1152",,,"Россия","24 месяца","4610002413003","","9","False","sbor-trav-byust-idealnyi","https://firebasestorage.googleapis.com/v0/b/travnik-5cc55.firebasestorage.app/o/products%2Fsbor-trav-byust-idealnyi.jpg?alt=media&token=4fc8ac0e-736e-4dcf-9f7e-b7de72dd18ab","https://www.flip.kz/catalog?prod=3756938",,,"Рекомендован в качестве средства, формирующего плоский живот и очень красивый идеальный бюст  Улучшающего липидный (углеводный, жировой) обмен веществ  Великолепный эффект достигается за счет устранения гипоксии и заметного уменьшения синтеза пролактина  Способ приготовления и применения: 3-4 ст. л сбора залить 0,3-0,4 л кипятка , настоять 1 час при комнатной температуре ⏳ Принимать по 1/3 от полученного объема 3-4 раза в день за 10-15 минут до еды Каждую порцию процеживая через ситечко"
"p645","Травяные сборы 100 г","Сбор трав «Фосфалит»","50 г","1152",,,"Россия","24 месяца","4610002412778","","8","False","sbor-trav-fosfalit","https://firebasestorage.googleapis.com/v0/b/travnik-5cc55.firebasestorage.app/o/products%2Fsbor-trav-fosfalit.jpg?alt=media&token=d3c94d1d-9a1e-4803-b484-1f6689332c5b","https://www.flip.kz/catalog?prod=3756941",,,"Основные показания: мочекаменная болезнь, острый и хронический пиелонефрит, отеки сердечного и почечного происхождения  Обладает мочегонным, уросептическим и противовоспалительным действием  Способствует отхождению песка и камней из почек, особенно фосфатов Способ приготовления и применения: 1 ст.л. сбора залить 0,2 л кипятка , настоять 1 час при комнатной температуре ⏳, процедить Принимать по 1/3 от полученного объема 3 раза в день за 10-15 минут до еды Особенности применения: при гломерулонефрите применяется в половинной дозировке  Минимальный курс приема: от 1-2 месяцев до полугода и более При необходимости курсы можно повторять до нескольких раз в год, делая перерывы между ними в 1-2 месяца Противопоказания: индивидуальная непереносимость"
"p646","Травяные сборы 100 г","Амми большой","50 г","1349",,"мелкий помол","Россия","24 месяца","4690324020714","","0","False","ammi-bolshoi","https://firebasestorage.googleapis.com/v0/b/travnik-5cc55.firebasestorage.app/o/products%2Fammi-bolshoi.jpg?alt=media&token=4c85db41-93eb-4cc9-9ddb-f7e546d9ee62","https://www.flip.kz/catalog?prod=4087286","амми большой трава",,"Применяется при витилиго, гнездном и тотальном облысении, псориазе, нейродермите, красном плоском лишае  В качестве средства, стимулирующего образование в коже пигмента меланина и способствующего восстановлению пигментации кожи  Также оказывает капилляроукрепляющее, седативное, желчегонное, мочегонное действия  Способ приготовления и применения: 5 ст.л. ряски малой, 1 ст.л. амми большой залить 0,15-0,2 л берёзового уксуса Все перемешать и настоять 3 суток в темном месте ⏳ Применять в виде примочек Внутрь 1 ст.л. травы залить 0,3 л кипятка , поставить на 15 минут на водяную баню, затем 3 часа настоять при комнатной температуре Принимать по 1 ст.л. 3 раза в день после еды Противопоказания: индивидуальная непереносимость"
"p647","Травяные сборы 100 г","Ятрышника клубеньки (для потенции и восстановления сил)","25 г","8949",,,"Россия","24 месяца","4690324007449","","0","False","yatryshnika-klubenki-dlya-potentsii-i-vosstanovleniya-sil","https://firebasestorage.googleapis.com/v0/b/travnik-5cc55.firebasestorage.app/o/products%2Fyatryshnika-klubenki-dlya-potentsii-i-vosstanovleniya-sil.jpg?alt=media&token=63d7adc5-2049-475e-9b3c-c065f17ae903","https://www.flip.kz/catalog?prod=4087511","ятрышника клубеньки",,"Применяются при половой слабости (импотенции), общем упадке сил, после перенесенных тяжелых заболеваний, физическом истощении  Способ приготовления и применения: клубеньки измолоть в кофемолке и 1/2 ч.л. полученного порошка залить 120-150 мл кипяченой воды, остуженной до 40°С , непрерывно помешивая, довести до состояния киселя Полученную массу принимать 3 раза в день перед едой Минимальный курс приема: 5-10 дней ⏳ Противопоказания: индивидуальная непереносимость"
"p648","Травяные сборы 100 г","Травяной сбор «Суставы здоровые»","","1152",,,"Россия","24 месяца","4610002410101","","0","False","travyanoi-sbor-sustavy-zdorovye","https://firebasestorage.googleapis.com/v0/b/travnik-5cc55.firebasestorage.app/o/products%2Ftravyanoi-sbor-sustavy-zdorovye.jpg?alt=media&token=b5a42f8c-b160-4f8d-996b-4b40acfc3c76","https://www.flip.kz/catalog?prod=4123546","Адониса, бедренцакамнеломки, василька, горца птичьего, донника, дурнишника, зверобоя, золотарника, зюзника, иванчая, хвоща, чернобыльника трава; березы листья; ели хвоя; марены, шиповника корневища; осины кора.","1-2 ст. л. сырья залить 0,2-0,3 л воды, довести до кипения потомить 3-4 мин , настоять до остывания, процедить, отжать Принимать по 1/3-1/4 от полученного объема 3-4 раза в день до еды Минимальный курс приема: 1-3 месяца (после каждого месяца приема перерыв в 7-10 дней) Во время перерыва применяются чаи, способствующие нормализации минерального обмена веществ При изменениях, связанных с остеопорозом, чередовать с напитком чайным «Кости молодые и прочные» Рекомендуется локально наносить «Мазь с сабельником» Противопоказания: индивидуальная непереносимость","Рекомендован при тугоподвижности суставов, ограниченности движений в них, хрусте, боли при движении, шипах, шпорах  В качестве солерастворяющего и выводящего, противовоспалительного, обезболивающего, способствующего нормализации минерального обмена веществ средства"
"p649","Травяные сборы 100 г","Сбор трав «Жаропонижающий»","50 г","1152",,,"Россия","24 месяца","4610002410910","","9","False","sbor-trav-zharoponizhayushchii","https://firebasestorage.googleapis.com/v0/b/travnik-5cc55.firebasestorage.app/o/products%2Fsbor-trav-zharoponizhayushchii.jpg?alt=media&token=827f7845-9beb-40c8-a399-8d8a520ad4f4","https://www.flip.kz/catalog?prod=4123685","Бадана, липы, малины листья; золотарника, зюзника, иванчая, таволги трава; липы, сирени, таволги цветки; ивы кора ; чага.","1—2 ст. л. сбора залить 0,2–0,3 л кипятка, настоять 1 час при комнатной температуре ⏱. Принимать по 1/3 от полученного объёма 3 раза в день, каждую порцию процеживая через ситечко. Минимальный курс приёма:  зависит от тяжести заболевания и может составлять от 2–3 дней и более. При высоком подъёме температуры рекомендуется дополнительно применять чайный напиток «Аспирин-фито детский» .","Рекомендован при респираторно-вирусных инфекциях  (в том числе гриппе) у взрослых и детей, сопровождающихся повышением температуры . Обладает антимикробным и противовирусным действием , оказывает потогонный и отхаркивающий эффект, способствует снижению жара. Не повреждает слизистые оболочки желудочно-кишечного тракта  и не нарушает работу печени и почек."
"p650","Травяные сборы 100 г","Травяной сбор «Стрессу — нет»","50 г","1152",,,"Россия","24 месяца","4610002413157","","0","False","travyanoi-sbor-stressu-net","https://firebasestorage.googleapis.com/v0/b/travnik-5cc55.firebasestorage.app/o/products%2Ftravyanoi-sbor-stressu-net.jpg?alt=media&token=854561ea-095d-4e38-a864-9ff8d191f5d4","https://www.flip.kz/catalog?prod=4124063","Берёзы, смородины листья; адониса, василистника, василька, володушки, горца перечного, горца почечуйного, горца птичьего, донника, дурнишника, душицы, зверобоя, змееголовника, золотарника, зюзника, иванчая, клевера, манжетки, мяты, полыни Божье дерево, пустырника, синеголовника, таволги, чабреца, чернобыльника трава; ели хвоя.","1—2 ст. л. сырья залить 0,2–0,3 л кипятка, настоять 1 час при комнатной температуре ⏱, процедить. Принимать по 1/3 от полученного объёма 3 раза в день за 10–15 минут до еды.","Травы, входящие в состав чайного напитка , рекомендованы при стрессах и неврозах, бессоннице , метеочувствительности, частых мигренеподобных головных болях  и повышенной тревожности. Оказывают мягкое успокаивающее действие , помогают снизить эмоциональное напряжение, улучшают настроение и формируют ощущение внутреннего комфорта и удовлетворённости жизнью ."
"p651","Травяные сборы 100 г","Леспедецы копеечниковой трава","50 г","1958",,,"Россия","24 месяца","4690324010883","","0","False","lespedetsy-kopeechnikovoi-trava","https://firebasestorage.googleapis.com/v0/b/travnik-5cc55.firebasestorage.app/o/products%2Flespedetsy-kopeechnikovoi-trava.jpg?alt=media&token=4a08c50a-5fc7-42fa-806f-aea8cd8e5891","https://www.flip.kz/catalog?prod=4124162","Леспедецы копеечниковой трава",,"Применяется при воспалительных заболеваниях почек (пиелонефритах, гломерулонефритах и др.), мочекаменной болезни, а также при заболеваниях, вызванных вирусами герпеса . Используется как противовоспалительное и противогерпетическое средство , обладает мочегонным действием , способствует стабилизации водно-солевого обмена, оказывает обезболивающий эффект и поддерживает иммунитет . Способ приготовления и применения:  2 ст. л. травы залить 0,5 л кипятка, настоять 1 час при комнатной температуре ⏱. Принимать по 1/3 от полученного объёма 3 раза в день за 30 минут до еды, каждую порцию процеживая через ситечко. Противопоказания:  индивидуальная непереносимость."
"p652","Травяные сборы 100 г","Лавра листья","50 г","1234",,,"Россия","24 месяца","4690324005179","","9","False","lavra-listya","https://firebasestorage.googleapis.com/v0/b/travnik-5cc55.firebasestorage.app/o/products%2Flavra-listya.jpg?alt=media&token=8629fc77-1f35-4ecb-89d0-27bade24ebed","https://www.flip.kz/catalog?prod=4124201","Лавра листья",,"Применяются при сахарном диабете  и суставных заболеваниях , используются как сахаропонижающее средство и способствуют выведению солей из суставных поверхностей . Поддерживают обмен веществ и общее самочувствие . Способ приготовления и применения:  1–2 ст. л. листьев залить 0,2–0,3 л кипятка, настоять 1 час при комнатной температуре ⏱. Принимать по 1/3 от полученного объёма 3 раза в день, каждую порцию процеживая через ситечко. Противопоказания:  индивидуальная непереносимость."
"p653","Полезное питание","Отруби пшеничные","200 г","1021",,,"Россия","24 месяца","4650057090712","",,"False","otrubi-pshenichnye","https://firebasestorage.googleapis.com/v0/b/travnik-5cc55.firebasestorage.app/o/products%2Fotrubi-pshenichnye.jpg?alt=media&token=ba3951e5-b9e0-48a3-8d53-ea9320eff120","https://www.flip.kz/catalog?prod=4124227","Содержат клетчатку, витамины, микроэлементыи макроэлементы.","3—4 ст. л. отрубей залить водой, подогретой до 60 °C (не кипячёной), и настоять 30 минут до полного набухания ⏱. Употребить в качестве самостоятельного ужина . Объём подбирается индивидуально — важно, чтобы утром был самостоятельный обильный стул .","Применяются при нарушении обмена веществ  (ожирение, атеросклероз, сахарный диабет и др.), аллергиях различной природы  и опухолях кишечника. Используются как средство для выведения из организма токсинов, аллергенов, радионуклидов, канцерогенов и тяжёлых металлов , а также для нормализации работы желудочно-кишечного тракта ."
"p654","Травяные сборы 100 г","Синюхи корни","50 г","3899",,,"Россия","24 месяца","4690324001638","","0","False","sinyukhi-korni","https://firebasestorage.googleapis.com/v0/b/travnik-5cc55.firebasestorage.app/o/products%2Fsinyukhi-korni.jpg?alt=media&token=0c8d4290-9e6e-4ac9-8d90-ca6a2f2e32c0","https://www.flip.kz/catalog?prod=4124235","Синюхи голубой корневища с корнями","1 ч. л. корней залить 0,2 л воды, довести до кипения, затем томить 3–4 минуты ⏱, настоять до остывания, процедить и отжать. Принимать по 1/2 от полученного объёма 2 раза в день.","Применяются при истерии и неврозах , пневмонии , язвенной болезни двенадцатиперстной кишки и желудка, гастрите и колите. Используются в качестве успокаивающего , отхаркивающего, болеутоляющего , противовоспалительного и противоязвенного средства ."
"p655","Травяные сборы 100 г","Подорожника семена","25 г","2567",,,"Россия","24 месяца","4690324006176","","18","False","podorozhnika-semena","https://firebasestorage.googleapis.com/v0/b/travnik-5cc55.firebasestorage.app/o/products%2Fpodorozhnika-semena.jpg?alt=media&token=72c304b6-07b6-4872-a175-18f5e93e36b8","https://www.flip.kz/catalog?prod=4127718","Семена подорожника","1 ч. л. семян запивать тёплой кипячёной водой одной порцией на ночь.","Применяются при женском бесплодии , выкидышах на ранних сроках и нерезультативных ЭКО. Используются как средство, способствующее прикреплению плодного яйца в полости матки  и поддержке репродуктивной функции ."
"p656","Травяные сборы 100 г","Аспирин-фито детский","50 г","1152",,,"Россия","24 месяца","4690324010081","","12","False","aspirin-fito-detskii","https://firebasestorage.googleapis.com/v0/b/travnik-5cc55.firebasestorage.app/o/products%2Faspirin-fito-detskii.jpg?alt=media&token=854ec78b-c7f5-4a13-a886-9ee7ad73fea2","https://www.flip.kz/catalog?prod=4127793","Березы, малины листья; душицы, зюзника, ряски, тысячелистника трава; ивы кора; липы, сирени, таволги цветки; шиповника плоды.","1—2 ст. л. сбора залить 0,2–0,3 л кипятка, настоять 1 час при комнатной температуре ⏱. Принимать по 1/3 от полученного объёма 3 раза в день, каждую порцию процеживая через ситечко. Минимальный курс приёма:  зависит от тяжести заболевания и может составлять от 2–3 дней и более. После нормализации температуры рекомендуется длительный приём чайного напитка «Иммунитет сильный» .","Применяется при респираторно-вирусных инфекциях  у детей и взрослых, сопровождающихся лихорадкой и высокой температурой . Обладает антимикробным и противовирусным действием , оказывает потогонный и отхаркивающий эффект, способствует снижению температуры и облегчению общего состояния ."
"p657","Травяные сборы 100 г","Травяной сбор для спящих с храпом «Сон-1»","50 г","1152",,,"Россия","24 месяца","4690324009849","","5","False","travyanoi-sbor-dlya-spyashchikh-s-khrapom-son-1","https://firebasestorage.googleapis.com/v0/b/travnik-5cc55.firebasestorage.app/o/products%2Ftravyanoi-sbor-dlya-spyashchikh-s-khrapom-son-1.jpg?alt=media&token=7589e10c-0caa-47e5-a688-10eb45ec7768","https://www.flip.kz/catalog?prod=4127873","Василистника, золотарника канадского, зюзника, люцерны, крапивы, живокости, дурнишника, первоцвета трава; малины листья; багульника побеги; ивы кора.","2–3 (до 4) ч. л. сбора залить 0,2 л кипятка, настоять 1 час при комнатной температуре ⏱. Выпить непосредственно перед сном . Рекомендуется сочетать с чайными напитками «Голова без слёз» и «Сон-4». Минимальный курс приёма:  на протяжении всего периода сна на левом боку. Важно соблюдать рекомендации по правильной организации сна .","Рекомендован для мужчин и женщин (в постменопаузе)  с выраженным покраснением лица, склонностью к куперозу и/или демодексу , а также при храпе и сне преимущественно на левом боку. Подходит людям, которые просыпаются с ощущением скованности в теле, тяжёлой головой  и недостатком восстановления после сна. Предназначен для «сов» , склонных к сосудистым нарушениям , варикозному расширению вен (чаще выраженному на правой ноге) и спастическому колиту."
"p658","Травяные сборы 100 г","Травяной сбор для спящих на правом боку «Сон-3»","50 г","1152",,,"Россия","24 месяца","4690324009863","","14","False","travyanoi-sbor-dlya-spyashchikh-na-pravom-boku-son-3","https://firebasestorage.googleapis.com/v0/b/travnik-5cc55.firebasestorage.app/o/products%2Ftravyanoi-sbor-dlya-spyashchikh-na-pravom-boku-son-3.jpg?alt=media&token=a90d3522-a4c4-40c5-85bf-dc07e1ff73af","https://www.flip.kz/catalog?prod=4127982","Аронии плоды; березы листья; василька, горца почечуйного, иссопа, чертополоха, дербенника, душицы, зверобоя, зюзника, люцерны, медуницы, первоцвета, полыни Божье дерево, синеголовника, чабреца, шикши трава; гречихи цветущие верхушки; ели хвоя; чага.","2 ст. л. сырья залить 0,2–0,3 л сырой воды, подогретой до 60 °C, настоять 1 час ⏱. Принимать по 1/3 от полученного объёма 3 раза в день до еды, каждую порцию процеживая через ситечко. Выпить непосредственно перед сном . Дневной приём свежеприготовленного настоя помогает снизить тревожность и агрессию . Рекомендуется чередовать с чайными напитками «Не боюсь» и «Нервы в норме». Минимальный курс приёма:  на весь период сна на правом боку. Важно соблюдать рекомендации по правильной организации сна .","Рекомендован для тех, кто не может уснуть из-за тревожных мыслей или страха «что произойдёт?» , спящих преимущественно на правом боку. Подходит людям, склонным к депрессии или агрессии , а также при варикозном расширении вен  (более выраженном на левой ноге), камнях в желчном пузыре и/или правой почке, в том числе при её опущении. Способствует снижению внутреннего напряжения, улучшению эмоционального состояния и качества сна ."
"p659","Мази и кремы","Бальзам «Полип-минус»","30 мл","2139",,,"Россия","24 месяца","4690324003038","","9","False","balzam-polip-minus","https://firebasestorage.googleapis.com/v0/b/travnik-5cc55.firebasestorage.app/o/products%2Fbalzam-polip-minus.jpg?alt=media&token=28087d01-aac6-4902-aa70-314402ae7a73","https://www.flip.kz/catalog?prod=4142002","масляный экстракт трав белены, белладонны, дурмана, золника, омелы, туи, чистотела.","по 1 капле бальзама в каждый носовой проход 1–2 раза в день. При вагинальных и ректальных полипах — в виде тампонов 1 раз в сутки, на ночь .","Применяется при полипах и аденоидах полости носа , допускается использование при вагинальных и ректальных полипах . Оказывает локальное поддерживающее действие и способствует улучшению состояния слизистых ."
"p660","Специи","Имбирь молотый","50 г","1810",,"молотый","Россия","24 месяца","4690324013464","","12","False","imbir-molotyi","https://firebasestorage.googleapis.com/v0/b/travnik-5cc55.firebasestorage.app/o/products%2Fimbir-molotyi.jpg?alt=media&token=b46bb2b0-4c53-4c47-b7d2-a9fb4abd034b","https://www.flip.kz/catalog?prod=4143295","имбирь молотый",,"Имбирь молотый — перемолотый до состояния порошка корень одноимённого травянистого растения . Обладает пикантным вкусом и тонким ароматом , а также богатой палитрой полезных свойств. Корень имбиря содержит эфирные масла, аминокислоты и витамины , включая A, C и группу B, а также железо, магний, фосфор и кальций. С древних времён арабы и греки использовали имбирь для восстановления мужской силы и поддержки женского здоровья . В современной практике имбирь ценится как продукт, способствующий усилению полового влечения и жизненного тонуса . Молотый имбирь обладает спазмолитическим действием  и применяется при метеоризме и вздутии, а также при заболеваниях дыхательных путей. В сочетании с зелёным чаем и мёдом имбирь является эффективным средством для профилактики простудных заболеваний . Имбирный чай также способствует нормализации обмена веществ и поддержке снижения веса ."
"p661","Специи","Корица молотая","35 г","1563",,"молотый","Россия","24 месяца","4690324013440","","17","False","koritsa-molotaya","https://firebasestorage.googleapis.com/v0/b/travnik-5cc55.firebasestorage.app/o/products%2Fkoritsa-molotaya.jpg?alt=media&token=5e3b965d-4339-4fba-90c6-04cde39ae103","https://www.flip.kz/catalog?prod=4143321","Корица молотая",,"Корица — это высушенный внутренний слой коры вечнозелёного дерева коричник цейлонский , произрастающего в Индии, Индонезии, Малайзии и на Шри-Ланке. Корица считается главной зимней специей  — её легко узнать по тёплым древесно-пряным нотам и способности создавать уютную атмосферу . Считается, что даже вдыхание аромата корицы способствует активации работы мозга . Также предполагается, что корица может оказывать поддерживающее действие при нейродегенеративных изменениях, помогая защищать клетки. Полезные свойства корицы включают поддержку при диабете , защиту от грибковых и бактериальных инфекций , улучшение когнитивных функций , поддержку пищеварения  и укрепление иммунной системы . В традиционной китайской медицине и аюрведе корица ценится за выраженные согревающие свойства . Она помогает облегчить состояние при простуде и гриппе, особенно в сочетании с имбирным чаем . Для приготовления аюрведического напитка заварите палочку корицы и пакетик зелёного чая в..."
"p662","Специи","Кардамон молотый","50 г","4442",,"молотый","Россия","24 месяца","4690324017691","","10","False","kardamon-molotyi","https://firebasestorage.googleapis.com/v0/b/travnik-5cc55.firebasestorage.app/o/products%2Fkardamon-molotyi.jpg?alt=media&token=68327ee6-7e1b-45dd-8c9e-bb739be72b11","https://www.flip.kz/catalog?prod=4143433","Кардамон молотый",,"«Царь специй»  — именно такое прозвище получил кардамон . Если на вашей кухне ещё нет этой пряности, самое время её приобрести, ведь она используется для приготовления самых разных блюд . Кардамон добавляют в выпечку и кофе , используют для маринадов. Специя ценится за яркий и насыщенный аромат с характерными камфорными нотами . Кардамон содержит 3–8% эфирного масла, а также жирные масла и ценный комплекс полезных веществ : кальций, фосфор, железо, магний, цинк, витамины группы B, C и PP. По содержанию цинка кардамон превосходит многие другие пряности . Благодаря богатому составу специя обладает рядом полезных свойств  — применяется при астме, бронхитах, простудных заболеваниях и кашле . Также кардамон благотворно влияет на нервную систему , улучшает настроение и способствует эмоциональному расслаблению . Нередко включается в травяные сборы для улучшения пищеварения ."
"p663","Специи","Куркума молотая","50 г","1810",,"порошок","Россия","24 месяца","4690324013419","","17","False","kurkuma-molotaya","https://firebasestorage.googleapis.com/v0/b/travnik-5cc55.firebasestorage.app/o/products%2Fkurkuma-molotaya.jpg?alt=media&token=7dc466a3-eb90-41e5-8f3f-734e9d0ede09","https://www.flip.kz/catalog?prod=4143466","корень куркумы молотый",,"Порошок куркумы получают из корневища многолетнего растения , являющегося сородичем имбиря. Свежее корневище куркумы обладает ярко выраженным пряным ароматом, а при сушке приобретает слегка лекарственный оттенок . Корни измельчают, и в результате получается ярко-жёлтый порошок с мягкой жгучестью и горьковатым вкусом, обладающий тонким своеобразным ароматом. Дегустаторы описывают его как тёплый, слегка перечный вкус чёрного перца с землистыми нотами горчицы . Куркума содержит около 2,5% жирных кислот , а также железо, фосфор, кальций, йод и витамины C, K и группы B . Допустимой нормой потребления считается до 5 граммов куркумы в день  — примерно 1 чайная ложка с горкой."
"p664","Специи","Розмарин сушеный","35 г","1728",,,"Россия","24 месяца","4690324013488","","18","False","rozmarin-sushenyi","https://firebasestorage.googleapis.com/v0/b/travnik-5cc55.firebasestorage.app/o/products%2Frozmarin-sushenyi.jpg?alt=media&token=686d0a4e-2a7a-4139-920d-0db64fb1ab5a","https://www.flip.kz/catalog?prod=4143494","Розмарин сушеный",,"Розмарин — многолетний вечнозелёный кустарник  из семейства яснотковых, родственник базилика, мяты, душицы, мелиссы и шалфея. Гурманы описывают его аромат как сосновый, смолистый, вяжущий, перечный и лимонно-древесный . В букете розмарина ощущаются ноты вечнозелёных растений, камфоры, цитрусовых, лаванды, шалфея и мяты . Розмарин использовался в лечебных целях ещё древними греками и римлянами . Он является источником витамина A, тиамина и магния , а также богат пищевыми волокнами, витаминами C и B6, фолиевой кислотой, кальцием, железом и марганцем . Эфирное масло розмарина содержит 10–20% камфоры, что придаёт ему выраженный аромат и свойства . В 1 столовой ложке измельчённых свежих листьев розмарина содержится около 1% суточной нормы витамина A . Общая суточная доза высушенной травы не должна превышать 4–6 граммов ."
"p665","Таблетки и капсулы","Капсулы для поддержки женского здоровья «Daily for women»","120 капсул","29375",,"капсулы","Казахстан","24 месяца","4870253160013","","0","False","kapsuly-dlya-podderzhki-zhenskogo-zdorovya-daily-for-women","https://firebasestorage.googleapis.com/v0/b/travnik-5cc55.firebasestorage.app/o/products%2Fkapsuly-dlya-podderzhki-zhenskogo-zdorovya-daily-for-women.jpg?alt=media&token=8dee1d32-5c0b-4378-9ba3-f743ce3cf7a0","https://www.flip.kz/catalog?prod=4143521","Красный аманит(мухомор) 50.00 мг	Фенугрек 25.00 мг Ежовик 50.00 мг	Цистанхэ 41.67 мг Кордицепс 50.00 мг	Змейголовник 16.67 мг Полынь 41.67 мг	Ферула омик 16.67 мг Родиола розовая 33.33 мг	Астрагал 16.67 мг Мака 41.67 мг	Боровая матка 25.00 мг Куркума 25.00 мг	Таволга цветки 16.67 мг",,"Капсулы для поддержки женского здоровья «Daily for women» 🌸 — это специализированный комплекс полезных растений и грибов для всесторонней поддержки женского здоровья и энергии. Концентрация экстрактов 30:1 обеспечивает выраженное и накопительное действие ✨. Средство предназначено для женщин от 18 до 45 лет и подходит для регулярного приёма 💗.

<strong>Преимущества:</strong> 🧩
• способствует регуляции гормонального баланса и поддержке нормального менструального цикла ⚖️;
• поддерживает репродуктивное здоровье и функции яичников 🌺;
• повышает уровень энергии и либидо 🔥, помогает справляться со стрессом и усталостью;
• поддерживает здоровье ЖКТ, печени и почек 🍽️🛡️.

<strong>Способ применения и дозировка:</strong> 🥄
4 капсулы 1 раз в день перед завтраком, запивая водой или безалкогольным напитком 🚰. Продолжительность приёма — 1–3 месяца 📅.
1 баночка = 120 капсул (1 курс)."
"p666","Таблетки и капсулы","Капсулы для поддержки женского здоровья «Daily for women 45+»","120 капсул","38000",,"капсулы","Казахстан","24 месяца","4870253160150","","2","False","kapsuly-dlya-podderzhki-zhenskogo-zdorovya-daily-for-women-45","https://firebasestorage.googleapis.com/v0/b/travnik-5cc55.firebasestorage.app/o/products%2Fkapsuly-dlya-podderzhki-zhenskogo-zdorovya-daily-for-women-45.jpg?alt=media&token=f136a665-ad53-4ef8-bde4-d0e05ed58c98","https://www.flip.kz/catalog?prod=4143596","Красный аманит(мухомор) 50.00 мг	Черника 41.67 мг Ежовик 50.00 мг	Цистанхэ 41.67 мг Кордицепс 50.00 мг	Змейголовник 16.67 мг Полынь 41.67 мг	Ферула омик 16.67 мг Ятрышник 16.67 мг	Астрагал 16.67 мг Якорцы 41.67 мг	Гинкго билоба 25.00 мг Окопник 16.67 мг	Таволга цветки 16.67 мг",,"Капсулы для поддержки женского здоровья «Daily for women 45+»  — специализированный комплекс полезных растений и грибов для мягкой поддержки возрастных изменений женского организма. Концентрация экстрактов 30:1 обеспечивает выраженное и накопительное действие . Средство предназначено для женщин от 45 лет и подходит для курсового приёма . Преимущества:  • способствует регуляции гормонального баланса в период менопаузы и облегчению симптомов климакса ; • поддерживает здоровье глаз  и память, способствует сохранению когнитивных функций ; • помогает снижать воспалительные процессы и поддерживать здоровье суставов ; • способствует заживлению тканей и поддерживает общее состояние организма . Способ применения и дозировка:  4 капсулы 1 раз в день перед завтраком, запивая водой или безалкогольным напитком . Продолжительность приёма — 1–3 месяца . 1 баночка = 120 капсул (1 курс)."
"p667","Таблетки и капсулы","Капсулы для поддержки мужского здоровья «Daily for men»","120 капсул","60630",,"капсулы","Казахстан","24 месяца","4870253160129","","1","False","kapsuly-dlya-podderzhki-muzhskogo-zdorovya-daily-for-men","https://firebasestorage.googleapis.com/v0/b/travnik-5cc55.firebasestorage.app/o/products%2Fkapsuly-dlya-podderzhki-muzhskogo-zdorovya-daily-for-men.jpg?alt=media&token=a5ed6849-daf0-4d51-97d6-26af69581c26","https://www.flip.kz/catalog?prod=4144275","Пантерный аманит (мухомор) 50.00 мг	Кыст аль хинди 8.33 мг Ежовик 50.00 мг	Цистанхэ 41.67 мг Кордицепс 50.00 мг	Змееголовник 16.67 мг Таволги цветки 16.67 мг	Ферула омик 16.67 мг Ятрышник 41.67 мг	Астрагал 16.67 мг Куркума 25.00 мг	Любисток 50.00 мг Гуарана экстракт 16.67 мг	Левзея 33.33 мг",,"Капсулы для поддержки мужского здоровья «Daily for men» 💪 — специализированный комплекс полезных растений и грибов для всесторонней поддержки мужского здоровья и силы. Концентрация экстрактов 30:1 обеспечивает выраженное и накопительное действие ✨. Средство предназначено для мужчин от 18 до 45 лет и подходит для курсового приёма 🔥.

<strong>Преимущества:</strong> 🧩
• способствует регуляции гормонального баланса и поддержке репродуктивного здоровья ⚖️;
• поддерживает здоровье сердечно-сосудистой системы ❤️;
• повышает физическую и умственную работоспособность 💥;
• улучшает когнитивные функции и память 🧠.

<strong>Способ применения и дозировка:</strong> 🥄
4 капсулы 1 раз в день перед завтраком, запивая водой или безалкогольным напитком 🚰. Продолжительность приёма — 1–3 месяца 📅.
1 баночка = 120 капсул (1 курс)."
"p668","Таблетки и капсулы","Капсулы для поддержки мужского организма «Daily for men 45+»","120 капсул","60630",,"капсулы","Казахстан","24 месяца","4870253160136","","0","False","kapsuly-dlya-podderzhki-muzhskogo-organizma-daily-for-men-45","https://firebasestorage.googleapis.com/v0/b/travnik-5cc55.firebasestorage.app/o/products%2Fkapsuly-dlya-podderzhki-muzhskogo-organizma-daily-for-men-45.jpg?alt=media&token=8cb8cbbb-5f1a-4572-a08f-3a4b23a0c8e1","https://www.flip.kz/catalog?prod=4144290","Пантерный аманит (мухомор) 50.00 мг	Мака перуанская 33.33 мг Ежовик 50.00 мг	Цистанхэ 41.67 мг Кордицепс 50.00 мг	Змееголовник 16.67 мг Родиола розовая 16.67 мг	Лимонник 16.67 мг Ятрышник 25.00 мг	Астрагал 16.67 мг Якорцы 41.67 мг	Гинкго билоба 16.67 мг Окопник 16.67 мг	Левзия 25.00 мг",,"Капсулы для поддержки мужского организма «Daily for men 45+» 💪 — специализированный комплекс полезных растений и грибов для мягкой поддержки возрастных изменений мужского организма. Концентрация экстрактов 30:1 обеспечивает выраженное и накопительное действие ✨. Средство предназначено для мужчин от 45 лет и подходит для курсового приёма 🔥.

<strong>Преимущества:</strong> 🧩
• поддерживает здоровье суставов и способствует их восстановлению 🦴;
• улучшает интеллектуальные способности, память и концентрацию 🧠;
• помогает справляться с гормональными и возрастными изменениями ⚖️;
• поддерживает общее состояние здоровья, повышает энергию и выносливость 💥.

<strong>Способ применения и дозировка:</strong> 🥄
4 капсулы 1 раз в день перед завтраком, запивая водой или безалкогольным напитком 🚰. Продолжительность приёма — 1–3 месяца 📅.
1 баночка = 120 капсул (1 курс)."
"p669","Специи","Гвоздика","35 г","2797",,,"Россия","24 месяца","4690324013600","","7","False","gvozdika","https://firebasestorage.googleapis.com/v0/b/travnik-5cc55.firebasestorage.app/o/products%2Fgvozdika.jpg?alt=media&token=16e720e2-e201-489c-9933-f8c85a9b2bc1","https://www.flip.kz/catalog?prod=4145175","Гвоздика сушеная",,"Гвоздика — пряность из серии «и в пир, и в мир» . Её добавляют в изысканные блюда из мяса и овощей , супы, соленья, выпечку , глинтвейны , а иногда даже просто жуют, чтобы освежить дыхание . Благодаря насыщенному составу гвоздика способна восполнять витаминно-минеральные дефициты даже при употреблении в минимальных количествах. В гвоздике содержатся почти все витамины группы B, мощный антиоксидант витамин E , а также калий, кальций, марганец, медь и цинк . Некоторые нутриенты представлены в особенно высокой концентрации, поэтому даже микроскопические порции поддерживают здоровье . Так, в 100 г гвоздики содержится около 60 мг марганца — это более 3000% суточной нормы . Даже 1 чайная ложка пряности обеспечивает до 150% дневной потребности в марганце, необходимом для регуляции уровня сахара в крови, выработки клеточной энергии и поддержания прочности костей . Кроме того, гвоздика является богатым источником витамина K , который играет важную роль в профилактике..."
"p670","Травяные сборы 100 г","Псиллиум (шелуха подорожника)","100 г","5166",,"порошок","Россия","24 месяца","4690324021445","","14","False","psillium-shelukha-podorozhnika","https://firebasestorage.googleapis.com/v0/b/travnik-5cc55.firebasestorage.app/o/products%2Fpsillium-shelukha-podorozhnika.jpg?alt=media&token=a2b36a5e-182b-4123-b402-dcb426451fce","https://www.flip.kz/catalog?prod=4174514","Шелуха семян подорожника",,"Псиллиум, или шелуха подорожника (испагол)  — это не привычное нам с детства растение, а его «благородный» родственник из индийского штата Гуджарат. Сегодня псиллиум ценят за рекордное содержание клетчатки  для мягкого очищения организма и поддержки снижения веса, а также как основу для безглютеновой выпечки . Он позволяет, например, готовить тонкие блинчики из гречневой муки без добавления пшеницы . • Псиллиум на 85% состоит из клетчатки , большая часть которой — растворимая. При добавлении воды шелуха превращается в киселеобразную массу, мягко обволакивающую стенки желудка и кишечника . Она способствует заживлению микротравм ЖКТ, снижает усвоение жиров, помогает очищению организма и служит благоприятной средой для роста полезной микрофлоры . • Псиллиум создаёт длительное ощущение сытости . В сочетании с выраженными очищающими свойствами это делает его эффективным компонентом программ по снижению веса . • Одно из ключевых свойств псиллиума — способность заменять..."
"p671","Травяные сборы 100 г","Амми плоды","50 г","905",,,"Россия","24 месяца","4690324021315","","1","False","ammi-plody","https://firebasestorage.googleapis.com/v0/b/travnik-5cc55.firebasestorage.app/o/products%2Fammi-plody.jpg?alt=media&token=3092435a-b5a0-487a-88b3-cad50253140f","https://www.flip.kz/catalog?prod=4174761","амми плоды",,"Ещё в древнем Египте  больные с «белыми пятнами» принимали внутрь растолчённые плоды амми и затем подвергали кожу солнечному облучению. О лечебных свойствах амми большой было известно уже в XIII веке . Арабские врачи применяли её для лечения лейкодермии, сочетая приём растения с воздействием солнечного света . Из сырья получают препараты «Аммифурин» и «Анмарин» . «Аммифурин» применяют при витилиго, гнёздном и тотальном облысении, псориазе, нейродермите и красном плоском лишае . При ограниченных кожных поражениях высыпания смазывают раствором аммифурина с последующим облучением . При обширных диффузных процессах назначают приём аммифурина внутрь, наружную обработку и облучение под контролем специалиста . «Анмарин» применяется как противогрибковое средство  для лечения дерматомикозов и других грибковых поражений кожи."
"p672","Сиропы/Варенье","Сироп из цветков одуванчика","240 мл","2172",,,"Россия","24 месяца","4690324019336","","35","False","sirop-iz-tsvetkov-oduvanchika","https://firebasestorage.googleapis.com/v0/b/travnik-5cc55.firebasestorage.app/o/products%2Fsirop-iz-tsvetkov-oduvanchika.jpg?alt=media&token=0dad188c-c14b-4fe7-9625-df505bbdd42c","https://www.flip.kz/catalog?prod=4174795","цветки одуванчика,родниковая вода Красный ключ,сахар",,"Одуванчиковый сироп — натуральный продукт  с богатым химическим составом и выраженными полезными свойствами. Энергетическая ценность готового продукта составляет примерно 180–200 ккал на 100 г . В составе сиропа присутствуют следующие полезные вещества:  • фосфор (P) — необходим для мышечной и умственной активности , участвует в обмене веществ, росте клеток и работе сердечной, нервной и костной систем; • калий (K) — поддерживает ритм сердца , улучшает проводимость нервных импульсов и работу мозга, помогает предотвращать отёки; • кальций (Ca) — важен для роста, здоровья зубов , свёртываемости крови и сокращения мышц; • железо (Fe) — обеспечивает доставку кислорода к тканям , поддерживает обмен веществ и иммунитет ; • цинк (Zn) — участвует в гормональном балансе, поддерживает иммунную и нервную системы, улучшает метаболизм ; • марганец (Mn) — регулирует углеводный и жировой обмен, выработку инсулина и процессы восстановления тканей ; • аскорбиновая кислота..."
"p673","Таблетки и капсулы","Мумиё «Горная слеза»","30 г","4277",,,"Россия","24 месяца","4627121940341","","0","False","mumie-gornaya-sleza","https://firebasestorage.googleapis.com/v0/b/travnik-5cc55.firebasestorage.app/o/products%2Fmumie-gornaya-sleza.jpg?alt=media&token=f478231e-4968-4b50-b560-f8f94c4cc787","https://www.flip.kz/catalog?prod=4228693","мумиё",,"Натуральный природный продукт мумие бальзам «Горная Слеза»  — средство широкого спектра действия с выраженными противовоспалительными и биостимулирующими свойствами . Способствует повышению иммунитета , ускоряет восстановительные процессы в повреждённых тканях, оказывает омолаживающее действие . Продукт упакован в полиэтилен высокого давления , что позволяет сохранить его качество и активные свойства. Мумие содержит богатый комплекс биологически активных веществ и микроэлементов , благодаря чему обладает противоболевым , противовоспалительным и восстановительным действием. Препарат помогает организму в восстановительный послеоперационный период , а также способствует снижению нежелательных последствий химио- и радиотерапии . Очищенное от примесей мумие хорошо растворяется и может применяться внутрь с водой, соками, мёдом , чаем  или молоком , а также наружно — в виде смазываний, закапываний, в составе мазей и шампуней . Эффективно используется при широком круге..."
"p674","Мази и кремы","Мазь для сосудов и разжижения крови «Сонарт»","60 г","2517",,,"Россия","24 месяца","4690324019626","","9","False","maz-dlya-sosudov-i-razzhizheniya-krovi-sonart","https://firebasestorage.googleapis.com/v0/b/travnik-5cc55.firebasestorage.app/o/products%2Fmaz-dlya-sosudov-i-razzhizheniya-krovi-sonart.jpg?alt=media&token=b5ef6abe-3d00-46fa-afec-120543661148","https://www.flip.kz/catalog?prod=4229155","вода, воск эмульсионный, оливковое масло, ланолин, экстракт плодов конского каштана, софоры японской, травы донника","2—3 раза в сутки мазь аккуратно втирают в область сонной артерии. Продолжительность применения — от нескольких недель, в зависимости от выраженности эффекта и тяжести состояния ⏱. При необходимости курс можно повторять несколько раз в год . Противопоказания:  индивидуальная непереносимость.","Важной особенностью фитомази является комплексное оздоровительное воздействие  не только на проблемные участки кожи, но и опосредованно на организм в целом. Средство способствует улучшению эластичности стенок сосудов , разжижению крови, уменьшению тромбов и сосудистых бляшек, а также нормализации мозгового кровообращения ."
"p675","Мази и кремы","Бальзам зимний восстанавливающий при витилиго","30 мл","2139",,,"Россия","24 месяца","2000000014906","","0","False","balzam-zimnii-vosstanavlivayushchii-pri-vitiligo","https://firebasestorage.googleapis.com/v0/b/travnik-5cc55.firebasestorage.app/o/products%2Fbalzam-zimnii-vosstanavlivayushchii-pri-vitiligo.jpg?alt=media&token=46060069-3bb6-4808-9a54-3aace01c11da","https://www.flip.kz/catalog?prod=4230327","корень крапивы, пиона; трава зюзника, золотарника канадского, дербенника, зверобоя, золотой розги, подмаренника, чистотела; хвоя ели, сосны; листья дягиля, семена пастернака, борщевика; стебли дягиля; плоды дягиля.","смазывать поражённые участки 5–6 раз в день, оставлять до полного высыхания ⏱. Желательна солнечная инсоляция .","Предназначен для восстановления пигмента при витилиго  в осенне-зимний период . Подходит для применения в программах фототерапии , включая облучение узкополосными ультрафиолетовыми лампами с длиной волны 311 нм ."
"p676","Травяные сборы 100 г","Ветреницы лютиковидной трава","25 г","971",,,"Россия","24 месяца","4690324009184","","8","False","vetrenitsy-lyutikovidnoi-trava","https://firebasestorage.googleapis.com/v0/b/travnik-5cc55.firebasestorage.app/o/products%2Fvetrenitsy-lyutikovidnoi-trava.jpg?alt=media&token=bff5dbdc-0b33-4af2-a147-63edf16522d5","https://www.flip.kz/catalog?prod=4230337","Ветреница лютиковая трава","1—2 ч. л. травы залить 0,2–0,4 л кипячёной воды, остуженной до комнатной температуры. Настоять 2 часа ⏱, процедить. Принимать по 1/4—1/3 от полученного объёма 3–4 раза в день после еды. Противопоказания:  индивидуальная непереносимость.","Назначение:  рекомендован при тяжёлых и запущенных инфекционных заболеваниях , в том числе в случаях, когда болезнетворная флора выработала устойчивость к антибиотикам. Применяется при пара- и венерических заболеваниях, инфекциях мочеполовой сферы . Используется как эффективное средство в сочетании с натуральными общеукрепляющими и иммунокорректирующими препаратами ."
"p677","Травяные сборы 100 г","Ландыш майский, лист","50 г","1004",,,"Россия","24 месяца","4610002416578","","10","False","landysh-maiskii-list","https://firebasestorage.googleapis.com/v0/b/travnik-5cc55.firebasestorage.app/o/products%2Flandysh-maiskii-list.jpg?alt=media&token=0e931bd6-fda1-4405-aa4f-35cf2acc242e","https://www.flip.kz/catalog?prod=4272770","ландыша майского лист",,"Применяется при заболеваниях сердца , глаз , горла, нервных расстройствах , эпилепсии, головной боли , бессоннице , лихорадке , водянке и отёках. Используется при базедовой болезни, для укрепления нервной системы , а также как средство, нормализующее функции сердца и гемодинамику . Оказывает общее тонизирующее и мягкое седативное действие . Способ приготовления и применения:  1—2 ст. л. сырья залить 0,2–0,3 л кипятка, настоять 1 час при комнатной температуре ⏱. Принимать по 1/3 от полученного объёма 3 раза в день, каждую порцию процеживая через ситечко. Противопоказания:  индивидуальная непереносимость."
"p678","Травяные сборы 100 г","Сбор для продуктивной овуляции «Женщина-красавица»","100 г","2057",,,"Россия","24 месяца","4690324018957","","7","False","sbor-dlya-produktivnoi-ovulyatsii-zhenshchina-krasavitsa","https://firebasestorage.googleapis.com/v0/b/travnik-5cc55.firebasestorage.app/o/products%2Fsbor-dlya-produktivnoi-ovulyatsii-zhenshchina-krasavitsa.jpg?alt=media&token=8b45ca8f-208e-48cd-9cea-93d185e7a03a","https://www.flip.kz/catalog?prod=4272819","Аронии плоды; боровой матки, горца птичьего, дербенника, дурнишника, золотарника, клевера, манжетки, первоцвета, полыни Божье дерево, синеголовника, чабреца, чернобыльника, шалфея трава.","1—2 ст. л. сырья залить 0,2–0,3 л кипятка, настоять 1 час при комнатной температуре ⏱. Принимать по 1/3 от полученного объёма 3 раза в день, каждую порцию процеживая через ситечко. Минимальный курс приёма:  5—12 «сухих» дней — после окончания менструации, каждый цикл до начала овуляции.","Способствует восстановлению системы гормональной регуляции менструального цикла женщины , в том числе за счёт поддержки активности ФСГ и снижения синтеза антител к его рецепторам. Поддерживает репродуктивное здоровье , повышает способность к зачатию и помогает сохранить молодость , улучшая упругость кожи и естественную женскую гармонию."
"p679","Таблетки и капсулы","Таблетки «Климаксу — стоп»","90 шт.","2715",,"таблетки","Россия","24 месяца","4690324024910","","80","False","tabletki-klimaksu-stop","https://firebasestorage.googleapis.com/v0/b/travnik-5cc55.firebasestorage.app/o/products%2Ftabletki-klimaksu-stop.jpg?alt=media&token=2fcb3dba-03e9-40ce-b5c7-2e92f81fba58","https://www.flip.kz/catalog?prod=4272867","Володушки золотистой, дербенника, дурнишника, душицы, золотарника канадского, зюзника, иванчая, клевера, мяты перечной, овса, первоцвета, полыни Божье дерево, пустырника, репешка, синеголовника, сушеницы, хмеля, чабреца, чернобыльника, ярутки трава; ламинарии слоевища; березы, ландыша, шалфея листья; льна семена; пиона корневища; ивы кора; вспомогательные вещества: аэросил, лактоза, кальция стеарат.","внутрь по 1–2 таблетки 3 раза в день за 10 минут до еды, запивая водой .","Используются при проявлениях, характерных для гормональных изменений у женщин в период климакса : вегетососудистая дистония, «приливы» , нервозность, повышенная потливость , бессонница , головные боли  и другие симптомы. Являются источником природных эстрогеноподобных веществ , помогают снижать функциональные расстройства, улучшают внешний вид  и общее самочувствие ."
"p680","Сиропы/Варенье","Сироп травяной «Для храбрости»","240 мл","3214",,,"Россия","24 месяца",,"",,"False","sirop-travyanoi-dlya-khrabrosti","https://firebasestorage.googleapis.com/v0/b/travnik-5cc55.firebasestorage.app/o/products%2Fsirop-travyanoi-dlya-khrabrosti.jpg?alt=media&token=0d444d32-80be-43d1-bcec-5b6ef644713d","https://www.flip.kz/catalog?prod=4405261","Водный экстракт травы чертополоха, синеголовника, дербенника, зюзника, сахар, регулятор кислотности (лимонная кислота), консерванты сорбат калия, бензоат натрия.","1—2 ч. л. сиропа 2–3 раза днём до достижения комфортного состояния, перед сном — 1–2 чайные ложки . Перед употреблением взбалтывать .","Прекрасный адаптоген в стрессовых ситуациях  — во время экзаменов, спортивных выступлений, собеседований при приёме на работу или смены привычного коллектива. Мягко успокаивает , пробуждает уверенность и ясность ума . Улучшает качество сна , не вызывая дневной сонливости и сохраняя работоспособность ."
"p681","Сиропы/Варенье","Сироп из цветков первоцвета","240 мл","4251",,"жидкость","Россия","24 месяца",,"",,"False","sirop-iz-tsvetkov-pervotsveta","https://firebasestorage.googleapis.com/v0/b/travnik-5cc55.firebasestorage.app/o/products%2Fsirop-iz-tsvetkov-pervotsveta.jpg?alt=media&token=676d9b6d-ff77-4404-8bcf-8fd1106b932d","https://www.flip.kz/catalog?prod=4409943","Цветки первоцвета, вода из родника Красный ключ, свекловичный сахар","по 2 ч. л. на 50 мл воды  3 раза в день ⏰.","От упрямства и ревности , полезен для умных людей , спящих на животе , склонных к вспыльчивости  и чрезмерному следованию устоявшимся привычкам. Помогает восстановить внутренний баланс , смягчает эмоциональные реакции и повышает гибкость мышления. Поддерживает при повышенных умственных нагрузках  и в периоды пониженного атмосферного давления ."
"p682","Сиропы/Варенье","Сироп из плодов шиповника","240 мл","1764",,"жидкость","Россия","24 месяца",,"",,"False","sirop-iz-plodov-shipovnika","https://firebasestorage.googleapis.com/v0/b/travnik-5cc55.firebasestorage.app/o/products%2Fsirop-iz-plodov-shipovnika.jpg?alt=media&token=5508d9c6-53af-46a4-a557-ccac89f9227a","https://www.flip.kz/catalog?prod=4409975","Водный экстракт плодов шиповника, сахар, регулятор кислотности лимонная кислота","детям от 3 до 12 лет — 1 ч. л. , взрослым и детям старше 12 лет — 1 ст. л.  3 раза в день ⏰","Шиповник  — мощный природный антиоксидант, содержащий богатейший комплекс витаминов и ценных микроэлементов . Он способствует образованию гемоглобина и созреванию эритроцитов , улучшает усвоение железа в пищеварительном тракте , участвует в процессах коагуляции крови и защищает капилляры . Благодаря стимуляции иммунитета и усилению регенерации тканей  применяется для профилактики последствий острого и хронического стресса , при острых и хронических инфекциях (в том числе бронхолёгочной системы), язвенных поражениях ЖКТ, а также при склонности к кровотечениям ."
"p683","Сиропы/Варенье","Сироп из плодов боярышника","240 мл","1971",,"жидкость","Россия","24 месяца",,"",,"False","sirop-iz-plodov-boyaryshnika","https://firebasestorage.googleapis.com/v0/b/travnik-5cc55.firebasestorage.app/o/products%2Fsirop-iz-plodov-boyaryshnika.jpg?alt=media&token=bff23fe3-e988-459e-ac03-7665954163c7","https://www.flip.kz/catalog?prod=4410016","Водный экстракт плодов боярышника, сахар, регулятор кислотности (лимонная кислота)","внутрь взрослым — по 1–2 ст. ложки , детям 5–8 лет — по 1 чайной ложке, 8–12 лет — по 1 десертной ложке 2–3 раза в день, запивая водой . Курс приёма: взрослым — 20–30 дней , детям — 10–20 дней.","Мощный антиоксидант , способствует расширению сосудов и улучшению питания мозга и сердца . Помогает снизить возбудимость нервной системы , устраняет ощущение сердцебиения и способствует нормализации сна . Поддерживает восстановление организма после перенесённого стресса или заболевания"
"p684","Сиропы/Варенье","Сироп из березового сока","240 мл","9052",,"жидкость","Россия","24 месяца",,"",,"False","sirop-iz-berezovogo-soka","https://firebasestorage.googleapis.com/v0/b/travnik-5cc55.firebasestorage.app/o/products%2Fsirop-iz-berezovogo-soka.jpg?alt=media&token=6b18477d-44b0-4aca-8602-eaaa38f3bd9c","https://www.flip.kz/catalog?prod=4410126","Сок березовый 100%","детям до 14 лет — 1 ч. л., взрослым — 1 ст. л. 1–3 раза в день","Уникальный сироп  изготовлен бережным выпариванием свежезаготовленного берёзового сока на открытом огне в лесу . Для получения 1 литра сиропа используется 100–120 литров сока, что обеспечивает высокую концентрацию природной пользы . Основной углевод — фруктоза , она легко усваивается организмом, имеет низкий гликемический индекс и подходит людям с сахарным диабетом 1 и 2 типов . Содержит: органические кислоты, сапонины, фитонциды, дубильные вещества , витамины группы B, а также H, E, P, C и минералы: железо, йод, марганец, калий, магний, натрий, кремний и другие . Показания: радикулит, артрит, бронхит, холецистит, туберкулёз, язва желудка, ревматизм, цинга, сахарный диабет . Свойства: препятствует образованию холестериновых бляшек , укрепляет кости, улучшает обмен веществ, активирует выработку желудочного сока, обладает антиоксидантным, мочегонным и противоопухолевым действием , служит натуральным заменителем сахара ."
"p685","Сиропы/Варенье","Сироп из веточек яблони","240 мл","1591",,"жидкость","Россия","24 месяца",,"",,"False","sirop-iz-vetochek-yabloni","https://firebasestorage.googleapis.com/v0/b/travnik-5cc55.firebasestorage.app/o/products%2Fsirop-iz-vetochek-yabloni.jpg?alt=media&token=605adc92-3de2-4943-b8d0-7ca167add780","https://www.flip.kz/catalog?prod=4410390","водный экстракт веточек яблони, сахар","от 1 ч. л. до 1 ст. л. сиропа на приём 2–3 раза в день . Курс приёма: взрослым — 20–30 дней ⏳, детям — 10–20 дней.","Принимают с целью нормализации пищеварения и обменных процессов , уменьшения отёчности и поддержки водного баланса . Средство помогает при хронической усталости , весеннем авитаминозе  и способствует повышению работоспособности . Благоприятно влияет при атеросклерозе, аритмии, анемии и варикозной болезни  благодаря противовоспалительному, сосудоукрепляющему, противомикробному и мочегонному действию . Содержит витамины C, B1, B2, B3, пектины, сахара, железо, калий, медь и другие важные для организма вещества ."
"p686","Бальзамы питьевые","Бальзам «Гепахол»","250 мл","5011",,"жидкость","Россия","24 месяца",,"",,"False","balzam-gepakhol","https://firebasestorage.googleapis.com/v0/b/travnik-5cc55.firebasestorage.app/o/products%2Fbalzam-gepakhol.jpg?alt=media&token=e317e8fd-df8d-4d04-8158-f247670a8fb8","https://www.flip.kz/catalog?prod=4410539","масляный экстракт плодов расторопши, можжевельника, травы репешка, володушки, корней одуванчика, дягиля, цветков бессмертника","по 1–3 ч. л.  1–2 раза в день перед едой (но не перед ужином) ⏰.","Гепахол  улучшает работу печени, оказывает противовоспалительное и обезболивающее действие, стимулирует выработку и отток желчи . Способствует нормализации перистальтики желудочно-кишечного тракта , улучшает отхождение слизи и нормализует биохимию желчи в желчевыводящей системе. Усиливает регенерационные процессы в печёночной паренхиме , поддерживая общее самочувствие и обмен веществ . Преимущества: • нормализация состава желчи и улучшение её оттока ; • поддержка и восстановление функции печени ; • улучшение пищеварения и активация перистальтики кишечника ; • восстановление слизистых органов ЖКТ ; • мягкие обволакивающие и регенерирующие свойства ."
"p687","Бальзамы питьевые","Бальзам «Антиболь»","100 мл","2731",,"жидкость","Россия","24 месяца",,"",,"False","balzam-antibol","https://firebasestorage.googleapis.com/v0/b/travnik-5cc55.firebasestorage.app/o/products%2Fbalzam-antibol.jpg?alt=media&token=d3ece2bf-8da3-4cfa-b872-ff20779036ed","https://www.flip.kz/catalog?prod=4410843","масляный экстракт трав живокости полевой и дербенника, дурмана (или белены), синяка, недоспеплки, ивы коры","• наружно  — втереть в больное место тонким слоем , дать впитаться в течение 10 минут ⏳, излишки масла удалить салфеткой; • внутрь  — по 1–3 ч. л.  до и после еды .","Применяется при болях после ушибов и растяжений , при невралгии и радикулите , а также при мышечных болях . Используется как дополнительное спазмолитическое, успокаивающее и обезболивающее средство . Помогает снять напряжение, уменьшить дискомфорт и поддержать восстановление тканей ."
"p688","Масла","Репейное масло","100 мл","1540",,,"Россия","36 месяцев","4690324023555","",,"False","repeinoe-maslo","https://firebasestorage.googleapis.com/v0/b/travnik-5cc55.firebasestorage.app/o/products%2Frepeinoe-maslo.jpg?alt=media&token=c03bac84-3060-459b-a8d5-bf2da91a9311","https://www.flip.kz/catalog?prod=4411389","масло соевое рафинированное, корневища лопуха","наносить масло желательно слегка подогретым на водяной бане : • на кожу головы — от 30 минут до 2 часов ⏳; • для несмываемого ухода — на кончики волос несколько раз в неделю курсом 2–3 месяца ‍. При необходимости, особенно при жирных волосах, промыть голову берёзовым щёлоком .","Репейное масло  — натуральная масляная вытяжка из однолетних корневищ лопуха, собранных весной и осенью . Оно богато полисахаридом инулином, витаминами A, B, C, D, K, а также микро- и макроэлементами (магний, кремний, железо, фосфор, сера, цинк, кальций, марганец, селен) и жирными кислотами . Масло активно питает волосяные луковицы ‍, усиливает микроциркуляцию и кровообращение кожи головы, способствует укреплению волос и стимуляции роста новых . Регулярное применение помогает справиться с сухостью, ломкостью, пушистостью и секущимися кончиками ."
"p689","Бальзамы питьевые","Бальзам при язвах слизистых и кожных заболеваниях «Мечта»","100 мл","2731",,"жидкость","Россия","24 месяца",,"",,"False","balzam-pri-yazvakh-slizistykh-i-kozhnykh-zabolevaniyakh-mechta","https://firebasestorage.googleapis.com/v0/b/travnik-5cc55.firebasestorage.app/o/products%2Fbalzam-pri-yazvakh-slizistykh-i-kozhnykh-zabolevaniyakh-mechta.jpg?alt=media&token=33a21d39-0014-4617-8589-07d051fad686","https://www.flip.kz/catalog?prod=4412943","масляный экстракт трав череды, зверобоя, тысячелистника, почек тополя, листьев подорожника, матьимачехи, цветков календулы, плодов софоры","• внутрь  — по 1 ч. л.  непосредственно до и после приёма пищи; • наружно  — нанести небольшое количество бальзама на повреждённый участок кожи 2–3 раза в день ; • при выраженных поражениях — компресс на 2–3 часа или на ночь ; • при гинекологических заболеваниях — тампон, смоченный бальзамом, вагинально на ночь .","Применяется при нарушении целостности эпителиальной и слизистой поверхности  — при язвах желудочно-кишечного тракта, в том числе на фоне опухолевых процессов . Эффективен при кожных поражениях : трофических язвах, рожистых воспалениях, ожогах, псориазе, экземе, нейродермите. Используется при гинекологических заболеваниях  (кольпиты, эрозии, дисплазии, воспаления), оказывает бактерицидное, противовоспалительное, противоаллергическое и выраженное ранозаживляющее действие ."
"p690","Мази и кремы","Бальзам масляный «Крауроз»","100 мл","2731",,"жидкость","Россия","24 месяца",,"",,"False","balzam-maslyanyi-krauroz","https://firebasestorage.googleapis.com/v0/b/travnik-5cc55.firebasestorage.app/o/products%2Fbalzam-maslyanyi-krauroz.jpg?alt=media&token=6dbf5393-363e-4d7f-85bd-e9b0f9d88837","https://www.flip.kz/catalog?prod=4412996","масляный экстракт листьев березы, девясила корневища; дурнишника, душицы, золотарника, клевера, мальвы, мяты, первоцвета, чернобыльника, шалфея, эспарцета трава; ели хвоя, чага; ивы кора","использовать для тампонов и смазывания наружных половых органов . Курс применения — 14 дней ⏳.","Применяется при возрастной атрофии и выраженном дискомфорте , включая краурозы, зуд и сухость кожи . Помогает восстановить эластичность тканей, снизить чувствительность и уменьшить склонность к лёгкой травматизации кожных покровов . Поддерживает комфорт и естественное состояние наружных половых органов ."
"p691","Мази и кремы","Бальзам для волос","100 мл","2731",,,"Россия","24 месяца",,"",,"False","balzam-dlya-volos","https://firebasestorage.googleapis.com/v0/b/travnik-5cc55.firebasestorage.app/o/products%2Fbalzam-dlya-volos.jpg?alt=media&token=1b2424f7-099b-4778-ab5c-17ce7cfe6dbc","https://www.flip.kz/catalog?prod=4413007","масляный экстракт цветков календулы, трав крапивы, ромашки, тысячелистника, корней лопуха.","втирать бальзам в кожу головы массирующими движениями , накрыть полиэтиленом и полотенцем, оставить на 1–2 часа ⏳. После процедуры волосы вымыть любым шампунем . Использовать бальзам 1 раз в 1–2 недели .","Питает и укрепляет волосяные фолликулы и корни ‍, глубоко увлажняет волосы и придаёт им шелковистый блеск . Помогает устранить ломкость, предупреждает расщепление и выпадение волос , стимулирует их рост и обновление . Нормализует работу сальных желёз, избавляет от перхоти и зуда кожи головы ."
"p692","Мази и кремы","Чудо-масло универсальное для лица и тела","10 мл","5403",,"масло","Россия","60 месяцев",,"","0","False","chudo-maslo-universalnoe-dlya-litsa-i-tela","https://firebasestorage.googleapis.com/v0/b/travnik-5cc55.firebasestorage.app/o/products%2Fchudo-maslo-universalnoe-dlya-litsa-i-tela.jpg?alt=media&token=9dc62d7b-14a4-45cd-bc40-039f90bc36ed","https://www.flip.kz/catalog?prod=4413038","масляный экстракт травы амаранта, корней аира, семян энотеры, галлерии",,"Для подтяжки мышц и контура лица ‍, разглаживания морщин  и профилактики растяжек при беременности . Помогает при угревой сыпи , улучшает общее самочувствие и настроение . Придаёт коже свежий, сияющий и ухоженный вид ."
"p693","Травяные сборы 100 г","Сбор противоопухолевый по прописи М.Н. Здренко","345 г","7861",,,"Россия","24 месяца",,"",,"False","sbor-protivoopukholevyi-po-propisi-m-n-zdrenko","https://firebasestorage.googleapis.com/v0/b/travnik-5cc55.firebasestorage.app/o/products%2Fsbor-protivoopukholevyi-po-propisi-m-n-zdrenko.jpg?alt=media&token=7c76ba95-b25b-48f5-bccc-072efb97ccf1","https://www.flip.kz/catalog?prod=4413065","Состав сбора №1: алтея, аира, барбариса, валерианы, девясила, окопника, таволги, щавеля конского корни; ириса, кубышки корневища; горца птичьего, сухоцвета, тысячелистника трава, можжевельника плоды. Состав сбора №2: адониса, василька, живучки, зопника, крапивы, лапчатки, нардосмии, полыни горькой, пустырника, хвоща, череды трава; бессмертника, пижмы, ромашки цветки; ландыша, мяты перечной, шалфея лист.",,"В своём «классическом» варианте этот сбор уникален и крайне сложен в производстве : помимо большого количества компонентов и редких трав, он не купажируется заранее, а ювелирно отвешивается — по 7 г каждой травы и по 20 г каждого корня в каждый пакет . Несмотря на официальное разрешение к применению как симптоматического противоопухолевого средства, сбор Здренко всегда оставался редким и недешёвым. Сбор Здренко показал устойчивые результаты при доброкачественных и злокачественных новообразованиях . Особенно хорошо зарекомендовал себя при миомах (в том числе в запущенных и хирургических случаях), полипозе кишечника и мочевого пузыря, кистах в гинекологии . Отмечались положительные эффекты при злокачественных образованиях различной локализации: пациенты легче переносили химиотерапию, были более подготовлены к операциям и демонстрировали стабилизацию онкомаркеров . Удобство приготовления (1 раз в неделю) позволяло брать микстуру с собой — на работу или в больницу ...."
"p694","Травяные сборы 100 г","Плоды витекса священного","20 г","3111",,"семена","Россия","24 месяца",,"",,"False","plody-viteksa-svyashchennogo","https://firebasestorage.googleapis.com/v0/b/travnik-5cc55.firebasestorage.app/o/products%2Fplody-viteksa-svyashchennogo.jpg?alt=media&token=50a4ae41-027a-4519-8860-4033f6d656bf","https://www.flip.kz/catalog?prod=4414232","семена витекса священного 100%",,"Витекс священный  — многолетний древовидный кустарник, известный с глубокой древности. Его листья и плоды богаты эфирными маслами и микроэлементами , обладают выраженными пряными свойствами. Сушёные листья и молотые плоды витекса используют как ароматную приправу  в разнообразных блюдах и соленьях. По вкусу и аромату приправа напоминает лавровый лист . В лечебных целях применяют плоды, побеги, цветы и кору . Препараты из витекса способствуют нормализации гормонального фона , менструального цикла, поддерживают работу печени и другие важные функции организма. Для женщин витекс священный часто становится настоящей «палочкой-выручалочкой»  при проблемах, связанных с женским бесплодием. Экстракты растения также рекомендуют при неврозах, подавленном настроении , головных болях  и бессоннице . Отвары витекса применяют при заболеваниях печени и селезёнки , а настои используют наружно при кожных заболеваниях и крапивнице , а также для ускорения заживления ран ."
"p695","Специи","Мускатный орех молотый","50 г","2092",,"семена","Россия","24 месяца",,"",,"False","muskatnyi-orekh-molotyi","https://firebasestorage.googleapis.com/v0/b/travnik-5cc55.firebasestorage.app/o/products%2Fmuskatnyi-orekh-molotyi.jpg?alt=media&token=055f297c-55b5-477e-b735-9b577ea0dc4d","https://www.flip.kz/catalog?prod=4414540","мускатный орех молотый",,"Мускатный орех  — пряность, ценимая с древних времён и занявшая прочное место в классической кулинарии . Он обладает утончённым, проникающим ароматом с тёплыми древесными нотами  и слегка жгучим вкусом. Традиционно используется в выпечке  и горячих напитках, отлично сочетается с пастой, овощами, рисом, грибами, морепродуктами и мясом . Способствует: • укреплению нервной системы ; • снижению воспалительных процессов ; • уменьшению вздутия и метеоризма ; • укреплению тканей и сосудов ; • улучшению кровообращения в мозге ; • нормализации сна и защите от стресса ; • улучшению аппетита ; • профилактике артрита, артроза и остеохондроза ; • поддержке почек и мочевыделительной системы ; • снижению болевого синдрома ; • расслаблению мышц после нагрузок . Важно учитывать, что мускатный орех вызывает энергетический подъём  — состояние возбуждения нервной системы может сохраняться до 3–4 часов ⏳. В умеренных количествах это полезно, но злоупотреблять..."
"p696","Специи","Шамбала (пажитник) молотая","50 г","1540",,"порошок","Россия","24 месяца",,"",,"False","shambala-pazhitnik-molotaya","https://firebasestorage.googleapis.com/v0/b/travnik-5cc55.firebasestorage.app/o/products%2Fshambala-pazhitnik-molotaya.jpg?alt=media&token=beb229f6-17d2-4da5-a317-d6246eb29ecb","https://www.flip.kz/catalog?prod=4416274","шамбала (семена пажитника) молотая",,"Специя стимулирует пищеварение , является натуральным афродизиаком для мужчин  и способствует укреплению иммунитета . Особенности: • усиливает периферическое кровообращение, благодаря чему в холодное время года меньше мёрзнут конечности ; • благоприятно влияет на суставы и позвоночник ; • поддерживает иммунную защиту организма ; • помогает снижать уровень холестерина в крови ; • поддерживает мочеполовую и сердечно-сосудистую системы ; • при употреблении натощак мягко расслабляет кишечник ; • снижает риск инфаркта и других сосудистых нарушений, помогает при аритмии ⏳; • ускоряет выведение продуктов обмена и очищение организма ; • облегчает изжогу даже при добавлении в пищу. Чай на основе пажитника часто пьют путешественники : при смене климата, воды и питания он помогает желудку адаптироваться и улучшает переваривание пищи . Для приготовления чая 1 ст. л. семян шамбалы заливают кипятком, настаивают 10 минут, процеживают и пьют с мёдом или небольшим..."
"p697","Без категории","Чеснок молотый","50 г","1712",,"порошок","Россия","24 месяца",,"",,"False","chesnok-molotyi","https://firebasestorage.googleapis.com/v0/b/travnik-5cc55.firebasestorage.app/o/products%2Fchesnok-molotyi.jpg?alt=media&token=1bc8b6fb-476a-467d-9b3e-819208593013","https://www.flip.kz/catalog?prod=4416325","чеснок молотый",,"Чеснок  — одна из самых популярных приправ в мире, которая обогащает вкус практически любых блюд : из мяса, овощей, рыбы, творога и сыра. Его одинаково ценят и мясоеды, и вегетарианцы . Чеснок незаменим при приготовлении маринадов, консерваций и солений . При ангине традиционно используют настой чеснока . Для его приготовления головку очищенного чеснока заливают 150 г тёплой воды  и настаивают 20 минут, затем процеживают. Принимают по 1 ст. л. каждый час в течение суток, запивая водой — это помогает ускорить выздоровление . При атеросклерозе применяют чесночную настойку . Для этого 50 г измельчённого чеснока заливают водкой и настаивают неделю в тёмном месте ⏳. Готовое средство принимают по 10 капель, разведённых в чайной ложке воды, 3 раза в день до полного использования настойки . Несмотря на характерный аромат, чеснок считается сильным природным афродизиаком . Регулярное употребление свежего чеснока способствует повышению мужской потенции  благодаря..."
"p698","Без категории","Пихтовое эфирное масло","30 мл","4113",,,"Россия","36 месяцев",,"",,"False","pikhtovoe-efirnoe-maslo","https://firebasestorage.googleapis.com/v0/b/travnik-5cc55.firebasestorage.app/o/products%2Fpikhtovoe-efirnoe-maslo.jpg?alt=media&token=54cc7948-cf4f-4a91-829b-66161e82f5b7","https://www.flip.kz/catalog?prod=4423076","эфирное масло пихты 100%",,"Эфирное масло пихты  — натуральный продукт, получаемый методом паровой дистилляции хвои и молодых побегов пихты. Обладает свежим, смолисто-хвойным ароматом с лёгкими камфорными нотками , создаёт ощущение чистоты, бодрости и природной свежести. Полезные свойства: • антисептическое  — помогает при простудах, очищает воздух от бактерий и вирусов; • противовоспалительное  — снижает боли в мышцах и суставах, поддерживает дыхательные пути; • успокаивающее  — снимает стресс и напряжение, улучшает сон; • иммуномодулирующее  — укрепляет защитные силы организма; • освежающее  — устраняет неприятные запахи, подходит для ароматизации помещений. Способы применения: • ароматерапия  — 3–5 капель в аромалампу или диффузор; • ингаляции  — 2–3 капли на литр горячей воды, вдыхать пар 5–10 минут; • массаж  — смешать с базовым маслом (1–2 капли на 10 мл) и втирать в кожу; • ванны  — 5–7 капель на эмульгатор, добавить в тёплую воду; • уборка  — несколько капель в воду..."
"p699","Без категории","Эфирное масло ели","30 мл","5253",,,"Россия","36 месяцев",,"",,"False","efirnoe-maslo-eli","https://firebasestorage.googleapis.com/v0/b/travnik-5cc55.firebasestorage.app/o/products%2Fefirnoe-maslo-eli.jpg?alt=media&token=48b2312e-8dc1-4f36-aafa-02c152cb9c1a","https://www.flip.kz/catalog?prod=4423106","эфирное масло пихты 100%",,"Эфирное масло ели — это натуральный продукт , получаемый методом паровой дистилляции хвои и молодых веточек ели. Оно обладает свежим, хвойно-смолистым ароматом с лёгкими древесными нотками, создавая атмосферу уюта и бодрости . Полезные свойства:  • антисептическое — очищает воздух, помогает бороться с вирусами и бактериями; • противовоспалительное — облегчает дыхание, снижает симптомы простуды и кашля; • расслабляющее — снимает стресс, тревожность, улучшает сон; • тонизирующее — повышает работоспособность, улучшает концентрацию; • обезболивающее — помогает при болях в мышцах, суставах и спазмах. Способы применения:  • ароматерапия: 3–5 капель в аромалампу или диффузор для свежести и дезинфекции воздуха; • ингаляции: 2–3 капли на литр горячей воды, вдыхать пар 5–10 минут ; • массаж: смешать с базовым маслом (1–2 капли на 10 мл) и наносить на тело для снятия напряжения; • ванны: 5–7 капель на эмульгатор (молоко, соль, мёд), добавлять в тёплую воду ; •..."
"p700","Без категории","Сосновое эфирное масло","30 мл","4130",,,"Россия","36 месяцев",,"",,"False","sosnovoe-efirnoe-maslo","https://firebasestorage.googleapis.com/v0/b/travnik-5cc55.firebasestorage.app/o/products%2Fsosnovoe-efirnoe-maslo.jpg?alt=media&token=3be42206-c4f7-4786-b67c-61009ce43081","https://www.flip.kz/catalog?prod=4423131","эфирное масло пихты 100%",,"Эфирное масло сосны получают методом паровой дистилляции хвои, побегов и молодых веточек сосны . Оно обладает свежим, древесно-хвойным ароматом с лёгкими камфорными нотками, напоминающими запах леса после дождя . Полезные свойства:  • антисептическое — эффективно очищает воздух, уничтожая бактерии и вирусы; • отхаркивающее — помогает при кашле, простудах, бронхитах; • противовоспалительное — снимает боль в мышцах и суставах, полезно при ревматизме и артрите; • тонизирующее — повышает концентрацию, снимает усталость, заряжает энергией ; • антистрессовое — успокаивает нервную систему, улучшает настроение. Способы применения:  • ароматерапия: 3–5 капель в аромалампу или диффузор для свежести воздуха и укрепления иммунитета; • ингаляции: 2–3 капли на литр горячей воды, вдыхать пар 5–10 минут для облегчения дыхания ; • массаж: смешать с базовым маслом (1–2 капли на 10 мл) и наносить на тело для снятия напряжения и боли; • ванны: 5–7 капель на эмульгатор..."
"p701","Без категории","Пихтовое эфирное масло","50 мл","6462",,,"Россия","36 месяцев",,"",,"False","pikhtovoe-efirnoe-maslo-2","https://firebasestorage.googleapis.com/v0/b/travnik-5cc55.firebasestorage.app/o/products%2Fpikhtovoe-efirnoe-maslo-2.jpg?alt=media&token=7969f183-9fd1-41bc-87e9-38eff127b9b4","https://www.flip.kz/catalog?prod=4423143","эфирное масло пихты 100%",,"Эфирное масло пихты — это натуральный продукт , получаемый методом паровой дистилляции хвои и молодых побегов пихты. Оно обладает свежим, смолисто-хвойным ароматом с лёгкими камфорными нотками, создавая ощущение чистоты и природной свежести . Эфирное масло пихты — это универсальное средство для здоровья, красоты и уюта в доме . Полезные свойства:  • антисептическое — помогает при простудах, очищает воздух от бактерий и вирусов; • противовоспалительное — используется для снятия боли в мышцах и суставах, при заболеваниях дыхательных путей; • успокаивающее — расслабляет, снимает стресс и улучшает сон ; • иммуномодулирующее — укрепляет защитные силы организма; • освежающее — устраняет неприятные запахи, подходит для ароматизации помещений. Способы применения:  • ароматерапия — добавьте 3–5 капель в аромалампу или диффузор; • ингаляции — 2–3 капли на литр горячей воды, вдыхать пар 5–10 минут ; • массаж — смешайте с базовым маслом (1–2 капли на 10 мл) и втирайте..."
"p702","Без категории","Масло эфирное пихтовое","100 мл","12421",,,"Россия","36 месяцев",,"",,"False","maslo-efirnoe-pikhtovoe","https://firebasestorage.googleapis.com/v0/b/travnik-5cc55.firebasestorage.app/o/products%2Fmaslo-efirnoe-pikhtovoe.jpg?alt=media&token=8351e9be-34e5-4200-afb5-afbd3b6f4e07","https://www.flip.kz/catalog?prod=4423152","эфирное масло пихты 100%",,"Эфирное масло пихты — это натуральный продукт , получаемый методом паровой дистилляции хвои и молодых побегов пихты. Оно обладает свежим, смолисто-хвойным ароматом с лёгкими камфорными нотками, создавая ощущение чистоты и природной свежести . Эфирное масло пихты — это универсальное средство для здоровья, красоты и уюта в доме . Полезные свойства:  • антисептическое — помогает при простудах, очищает воздух от бактерий и вирусов; • противовоспалительное — используется для снятия боли в мышцах и суставах, при заболеваниях дыхательных путей; • успокаивающее — расслабляет, снимает стресс и улучшает сон ; • иммуномодулирующее — укрепляет защитные силы организма; • освежающее — устраняет неприятные запахи, подходит для ароматизации помещений. Способы применения:  • ароматерапия — добавьте 3–5 капель в аромалампу или диффузор; • ингаляции — 2–3 капли на литр горячей воды, вдыхать пар 5–10 минут ; • массаж — смешайте с базовым маслом (1–2 капли на 10 мл) и втирайте..."
"p703","Сиропы/Варенье","Варенье из цветков одуванчиков","320 г","2541",,,"Россия","24 месяца",,"",,"False","varene-iz-tsvetkov-oduvanchikov","https://firebasestorage.googleapis.com/v0/b/travnik-5cc55.firebasestorage.app/o/products%2Fvarene-iz-tsvetkov-oduvanchikov.jpg?alt=media&token=22e68acb-8a4c-4547-8219-eb4b77283fc4","https://www.flip.kz/catalog?prod=4591340","одуванчика солнечного цветки, вода из родника Красный Ключ, сироп свекловичного сахара",,"Сила этого растения скрыта в уникальном витаминно-минеральном составе . В одуванчике содержится большое количество холина, каротина, токоферола, аскорбиновой и никотиновой кислоты, а также калия, кальция, марганца, фосфора и железа . Растение богато витаминами группы B и органическими кислотами, способствует нормализации пищеварения , улучшению обмена веществ и укреплению иммунитета . Используется при заболеваниях печени и желчного пузыря, атеросклерозе и подагре . Является эффективным и вкусным противовоспалительным, гепатопротекторным, бактерицидным, противовирусным и общеукрепляющим средством, помогает организму справляться со стрессом  и способствует повышению иммунитета. Рекомендации по применению: рекомендуется принимать утром и днём как варенье по потребности ⏰."
"p704","Мази и кремы","Бальзам «Женские секреты»","100 мл","2212",,"масло","Россия","24 месяца",,"",,"False","balzam-zhenskie-sekrety","https://firebasestorage.googleapis.com/v0/b/travnik-5cc55.firebasestorage.app/o/products%2Fbalzam-zhenskie-sekrety.jpg?alt=media&token=68a80fa1-06d8-43cc-a422-46b591ff299c","https://www.flip.kz/catalog?prod=4591555","масляный экстракт травы чабреца, тысячелистника, череды, коры дуба, ивы, осины, цветков календулы, корневищ кубышки","вагинально, 1–2 раза в день, обязательно на ночь .","Применяется при воспалительных процессах женской половой сферы , дисбактериозах и наружном зуде вульвы, вагинозах инфекционного и паравенерического характера. Используется в качестве противовоспалительного и антимикробного средства ."
"p705","Травяные сборы 100 г","Желтушника трава","50 г","1263",,"грубый помол","Россия","24 месяца",,"",,"False","zheltushnika-trava","https://firebasestorage.googleapis.com/v0/b/travnik-5cc55.firebasestorage.app/o/products%2Fzheltushnika-trava.jpg?alt=media&token=77719bd1-3054-459f-84e6-8206bab6bb73","https://www.flip.kz/catalog?prod=4591580","желтушника трава",,"Желтушник улучшает сердечную деятельность , нормализует пульс и замедляет ритм сердечных сокращений, расширяет периферические кровеносные сосуды и уменьшает застойные явления. Обладает выраженным мочегонным действием , а также оказывает успокаивающее влияние на центральную нервную систему, способствует крепкому сну  и улучшению настроения . Применяется при острой и хронической сердечной недостаточности II и III степени с тяжёлым нарушением кровообращения , гипертонии, ревматических пороках сердца, стенокардии и других заболеваниях сердца. В народной медицине также используется при туберкулёзе лёгких, водянке и отравлениях . Приготовление настоя: 1 ч. л. травы желтушника заливают 600 мл кипятка и настаивают 2 часа ⏱, затем процеживают. Принимают по 1 ст. л. 3 раза в день. Настой хранят в холодильнике . Желтушник противопоказан при резких органических изменениях сердца и сосудов, остром миокардите, эндокардите, кардиосклерозе и выраженном атеросклерозе ."
"p706","Травяные сборы 100 г","Полыни горькой цветки","25 г","1263",,,"Россия","24 месяца",,"",,"False","polyni-gorkoi-tsvetki","https://firebasestorage.googleapis.com/v0/b/travnik-5cc55.firebasestorage.app/o/products%2Fpolyni-gorkoi-tsvetki.jpg?alt=media&token=1cf44a12-b86b-484b-acbd-939b48262513","https://www.flip.kz/catalog?prod=4591594","полыни горькой цветки","в виде порошка после еды вечером  по возрастающей схеме: 1-й день — 1 цветок, 2-й день — 2 цветка и т. д. до 7 цветков, затем по убывающей обратно. После завершения курса сделать перерыв 2 недели ⏸ и повторить. Курс — 2 раза в год .","Применяются при аскаридозе, острицах, лямблиозе и других паразитарных заболеваниях , а также при заболеваниях печени и желчного пузыря. Используются в качестве антипаразитарного и желчегонного средства ."
"p707","Таблетки и капсулы","Капсулы «Рейши»","100 капсул","11792",,"капсулы","Казахстан","24 месяца",,"",,"False","kapsuly-reishi","https://firebasestorage.googleapis.com/v0/b/travnik-5cc55.firebasestorage.app/o/products%2Fkapsuly-reishi.jpg?alt=media&token=7a01fe06-acf5-4283-957d-179c623a0f10","https://www.flip.kz/catalog?prod=4945022","Плодовые тела и мицелий гриба рейши, вегетарианская hpmc оболочка капсулы",,"Польза:  • мощный адаптоген — снижает уровень стресса и тревожности ; • поддержка иммунной системы и гормонального баланса ; • улучшение качества сна и восстановление нервной системы ; • противовоспалительное и антиоксидантное действие . Кому подойдёт:  тем, кто испытывает повышенные ментальные и эмоциональные нагрузки, проблемы со сном, частые простуды или гормональные сбои. Особенности:  натуральный регулятор иммунитета и уровня кортизола. Мягкое накопительное действие. Подходит для длительного применения . Рекомендуемая комбинация:  • с кордицепсом — для усиления адаптогенного и энергетического эффекта ; • с ежовиком — для восстановления и укрепления нервной системы; • с ашвагандхой или магнием — для максимального антистресс-эффекта и улучшения сна. Когда принимать: ⏱ при хронической усталости, нарушениях сна, частых воспалениях, повышенном стрессе, а также в восстановительный период после заболеваний или операций. Способ..."
"p708","Травяные сборы 100 г","Капсулы «Траметес разноцветный»","100 капсул","11792",,"капсулы","Казахстан","24 месяца",,"",,"False","kapsuly-trametes-raznotsvetnyi","https://firebasestorage.googleapis.com/v0/b/travnik-5cc55.firebasestorage.app/o/products%2Fkapsuly-trametes-raznotsvetnyi.jpg?alt=media&token=ed3c2e88-4ba5-4ceb-905e-e86db133f1df","https://www.flip.kz/catalog?prod=4945317","Плодовые тела и мицелий гриба траметес разноцветный, вегетарианская hpmc оболочка капсулы",,"Польза:  • мощная поддержка иммунной системы ; • антиоксидантная и противовирусная активность ; • поддержка организма во время и после химио- и антибиотикотерапии; • улучшение микробиоты и работы ЖКТ . Кому подойдёт:  тем, кто хочет укрепить иммунитет, улучшить пищеварение, поддержать организм в восстановительный период или в сезон повышенной вирусной нагрузки. Особенности:  работает как иммуномодулятор — помогает сбалансировать и усилить естественные защитные силы организма. Обладает мягким накопительным эффектом и хорошо переносится при длительном применении . Рекомендуемая комбинация:  • с кордицепсом — для повышения жизненного тонуса и регенерации ; • с рейши — для сбалансированной адаптации к стрессу и снижения воспаления; • с пробиотиками или ферментами — для усиленной поддержки ЖКТ. Когда принимать: ⏱ при ослабленном иммунитете, в периоды ОРВИ и гриппа, во время приёма антибиотиков или химиотерапии, при нарушениях микрофлоры и..."
"p709","Таблетки и капсулы","Ежовик классический (гриб ноотроп)","120 шт.","11792",,"капсулы","Казахстан","24 месяца",,"",,"False","ezhovik-klassicheskii-grib-nootrop","https://firebasestorage.googleapis.com/v0/b/travnik-5cc55.firebasestorage.app/o/products%2Fezhovik-klassicheskii-grib-nootrop.jpg?alt=media&token=b6395df7-6ff0-4796-ab89-c85e4e077276","https://www.flip.kz/catalog?prod=5074400","Плодовые тела и мицелий гриба Ежовик гребенчатый, вегетарианская капсула hpmc оболочка капсулы","принимать 1 раз в день утром ,...","Комплекс оказывает мягкое ноотропное действие , поддерживает работу мозга и нервной системы, способствует улучшению концентрации и ясности мышления. Также положительно влияет на пищеварение и усвоение пищи  за счёт поддержки работы ЖКТ, улучшая общее самочувствие. Подходит тем, кто ищет устойчивый эффект улучшения когнитивных функций  и эмоционального фона, а также поддержание работоспособности в течение дня. Содержит широкий спектр витаминов и минералов в умеренной концентрации , что делает его оптимальным для длительного ежедневного применения. Особенно рекомендуется при дефиците витаминов группы B, магния, кальция и цинка , а также в периоды умственного напряжения и снижения концентрации внимания. Рекомендуется сочетать с Кордицепсом Военным  — для усиления энергетического обмена и мозговой активности, с лецитином — для питания нейронов, а также с сухим чесноком — для повышения биодоступности компонентов на 30%."
"p710","Таблетки и капсулы","Премиум ежовик гребенчатый","30 шт.","30915",,"капсулы","Казахстан","24 месяца",,"",,"False","premium-ezhovik-grebenchatyi","https://firebasestorage.googleapis.com/v0/b/travnik-5cc55.firebasestorage.app/o/products%2Fpremium-ezhovik-grebenchatyi.jpg?alt=media&token=868e1b8c-4b50-4a23-b8af-9745cd4e5655","https://www.flip.kz/catalog?prod=5075107","Плодовые тела и мицелий гриба Ежовик гребенчатый, вегетарианская капсула hpmc оболочка капсулы",,"Содержит широкий спектр витаминов и минералов для ежедневной поддержки организма . Обладает умеренной концентрацией активных веществ — идеально для длительного приёма . Подходит тем, кто ищет мягкий и устойчивый эффект улучшения когнитивных функций , эмоционального фона  и пищеварения . Содержит широкий спектр витаминов и минералов для ежедневной поддержки организма. Обладает умеренной концентрацией активных веществ — идеально для длительного приёма. Польза:  • поддержка работы мозга и нервной системы; • улучшение концентрации и ясности мышления ; • мягкое ноотропное действие; • улучшение работы ЖКТ и усвоения пищи. Рекомендуемая комбинация:  • с кордицепсом военным Classic — усиливает энергетический обмен и работу мозга ; • с лецитином — поддерживает структуру и питание нейронов; • с сухим чесноком — повышает усвоение на 30%. Когда принимать: ⏱ при дефиците витаминов группы B, магния, кальция и цинка, для профилактики стресса и поддержки мозговой..."
"p711","Таблетки и капсулы","Кордицепс классический","90 шт.","11792",,"капсулы","Казахстан","24 месяца",,"",,"False","korditseps-klassicheskii","https://firebasestorage.googleapis.com/v0/b/travnik-5cc55.firebasestorage.app/o/products%2Fkorditseps-klassicheskii.jpg?alt=media&token=d6f07565-0f4c-4fa0-90a9-96004bb64fba","https://www.flip.kz/catalog?prod=5075967","Плодовые тела и мицелий гриба Ежовик гребенчатый, вегетарианская капсула hpmc оболочка капсулы","1 раз в день утром по 2–3 капсулы перед завтраком, запивая водой или безалкогольным напитком.","Польза:  • повышение выносливости и энергии ; • поддержка иммунной и гормональной системы ; • восстановление после физических и ментальных нагрузок ; • детокс и защита от стресса . Кому подойдёт:  тем, кто испытывает упадок сил, снижение иммунитета, гормональный дисбаланс или активно тренируется . Особенности:  обогащён витаминами и минералами для поддержки функций организма. Подходит для длительного приёма с накопительным эффектом . Рекомендуемая комбинация:  с Ежовиком Classic — для баланса между телесной и ментальной энергией . Когда принимать: ⏱ при снижении энергии, иммунитета, либидо и в период длительного восстановления организма."
"p712","Таблетки и капсулы","Кордицепс Премиум","30 шт.","30915",,"капсулы","Казахстан","24 месяца",,"",,"False","korditseps-premium","https://firebasestorage.googleapis.com/v0/b/travnik-5cc55.firebasestorage.app/o/products%2Fkorditseps-premium.jpg?alt=media&token=904e4e1a-e2dc-4807-a9cb-2b221e7939a7","https://www.flip.kz/catalog?prod=5076052","Плодовые тела и мицелий гриба Кордицепс военный, вегетарианская капсула",,"Польза:  • повышение выносливости и энергии ; • поддержка иммунной и гормональной системы ; • восстановление после физических и ментальных нагрузок ; • детокс и защита от стресса . Кому подойдёт:  тем, кто испытывает упадок сил, снижение иммунитета, гормональный дисбаланс или активно тренируется . Особенности:  обогащён витаминами и минералами для поддержания функций организма. Подходит для длительного приёма с накопительным эффектом . Рекомендуемая комбинация:  с Ежовиком Classic — для баланса между телесной и ментальной энергией . Когда принимать: ⏱ при снижении энергии, иммунитета, либидо и в период длительного восстановления организма."
"p713","Ортопедические подушки","Подушка травяная гречишная ортопедическая","","5581",,,"Россия",,,"",,"False","podushka-travyanaya-grechishnaya-ortopedicheskaya","https://firebasestorage.googleapis.com/v0/b/travnik-5cc55.firebasestorage.app/o/products%2Fpodushka-travyanaya-grechishnaya-ortopedicheskaya.jpg?alt=media&token=58afb0a7-fdbc-4289-a66a-140d713a7384","https://www.flip.kz/catalog?prod=5106421","створки плодов гречихи",,"Рекомендуется при остеохондрозе, болях в шейном отделе позвоночника , для лечения и профилактики пролежней, а также для профилактики заболеваний опорно-двигательного аппарата у детей и взрослых. Благодаря уникальному строению створок и особым энергетическим свойствам гречишная подушка обладает выраженным лечебным действием : облегчает дыхание во сне  и способствует расслаблению мышц. При регулярном использовании со временем уменьшаются головные боли, проявления бессонницы, боли в шее и позвоночнике. Створки плодов гречихи мягко массируют кожу лица , улучшают кровообращение и способствуют разглаживанию мелких морщин . Подушку можно использовать не только для сна, но и для создания опоры позвоночнику при работе за компьютером  и других видах малоподвижной деятельности. Её удобно размещать за спиной при длительных поездках за рулём . При болях в пояснице рекомендуется лечь на пол и положить подушку под колени — это помогает снять напряжение и облегчить боль."
"p714","Ортопедические подушки","Подушка травяная гречишная ортопедическая","","7670",,,"Россия",,,"",,"False","podushka-travyanaya-grechishnaya-ortopedicheskaya-2","https://firebasestorage.googleapis.com/v0/b/travnik-5cc55.firebasestorage.app/o/products%2Fpodushka-travyanaya-grechishnaya-ortopedicheskaya-2.jpg?alt=media&token=b67dceec-4130-419d-98e9-a55065639be8","https://www.flip.kz/catalog?prod=5106422","створки плодов гречихи",,"Рекомендуется при остеохондрозе, болях в шейном отделе позвоночника , для лечения и профилактики пролежней, а также для профилактики заболеваний опорно-двигательного аппарата у детей и взрослых. Благодаря уникальному строению створок и особым энергетическим свойствам гречишная подушка обладает выраженным лечебным действием : облегчает дыхание во сне  и способствует расслаблению мышц. При регулярном использовании со временем уменьшаются головные боли, проявления бессонницы, боли в шее и позвоночнике. Створки плодов гречихи мягко массируют кожу лица , улучшают кровообращение и способствуют разглаживанию мелких морщин . Подушку можно использовать не только для сна, но и для создания опоры позвоночнику при работе за компьютером  и других видах малоподвижной деятельности. Её удобно размещать за спиной при длительных поездках за рулём . При болях в пояснице рекомендуется лечь на пол и положить подушку под колени — это помогает снять напряжение и облегчить боль."
"p715","Чайные напитки","Чайный напиток с яблоком и корицей на черном чае «Пряное яблоко»","90 г","1626",,"сублимированный","Россия","24 месяца",,"",,"False","chainyi-napitok-s-yablokom-i-koritsei-na-chernom-chae-pryanoe-yabloko","https://firebasestorage.googleapis.com/v0/b/travnik-5cc55.firebasestorage.app/o/products%2Fchainyi-napitok-s-yablokom-i-koritsei-na-chernom-chae-pryanoe-yabloko.jpg?alt=media&token=6134b867-dd9f-4291-bbfb-f7583b53bbde","https://www.flip.kz/catalog?prod=5107094","Плоды яблока, шиповника; гвоздика, корица, апельсина корочка, кардамон, имбирь, черный перец; листья бадана; чага; черный чай",,"Пряный, сладкий и бодрящий чай «Пряное яблоко»  на основе полезных растений и классического чёрного чая — это здоровая альтернатива кофеинсодержащим напиткам в любое время дня . Волнующий аромат гвоздики, корицы и кардамона придаёт букету лёгкий пряный оттенок , а освежающие цитрусовые ноты подчёркивают пикантный вкус и перекликаются с роскошным дуэтом уральских яблочек и плодов шиповника . Закройте глаза, сделайте вдох и позвольте богатому вкусу и аромату чая подарить ощущение гармонии и радости . Способ приготовления:  ополоснуть заварочный чайник горячей водой, насыпать чай из расчёта 1 чайная ложка на чашку воды, плюс одна чайная ложка на чайник. Залить кипятком и настоять 5 минут ⏱. Чай готов к употреблению."
"p716","Чайные напитки","Чайный напиток с иван-чаем «Таежный»","90 г","1626",,"сублимированный","Россия","24 месяца",,"",,"False","chainyi-napitok-s-ivan-chaem-taezhnyi","https://firebasestorage.googleapis.com/v0/b/travnik-5cc55.firebasestorage.app/o/products%2Fchainyi-napitok-s-ivan-chaem-taezhnyi.jpg?alt=media&token=b744bbb5-f844-43e4-aa6f-cda3045e8df1","https://www.flip.kz/catalog?prod=5107106","Чага, пихты хвоя; иванчая, малины, бадана листья; имбиря, солодки корень; шиповника плоды; каркаде (суданская роза); корица; люцерны, мелиссы трава; зеленый чай",,"Травяной чайный напиток «Таёжный»  — это 100% натуральный авторский купаж, разработанный травником Гордеевым из растений, выращенных и собранных в экологически чистых регионах . Его роскошный вкусовой профиль удивляет многообразием, а чайный напиток наполнен хвойным ароматом и глубоким травянистым вкусом. Богатый витаминами и полезными свойствами фиточай согревает в холодное время года , укрепляет иммунитет , снимает усталость и наполняет силой и энергией , даря внутреннюю гармонию и спокойствие . Представьте уютный вечер с чашечкой травяного чая : прочувствуйте его насыщенный вкус и ощутите момент, когда шум и суета современного мира отступают, уступая место тишине леса , где каждая травинка хранит секреты природы. Способ приготовления: ополоснуть заварочный чайник горячей водой, насыпать чай из расчёта 1 чайная ложка на чашку воды, плюс одна чайная ложка на чайник. Залить кипятком и настоять 5 минут ⏱. Чай готов к употреблению."
"p717","Чайные напитки","Чайный напиток с чабрецом и корицей на черном чае «Дыхание гор»","90 г","1626",,"сублимированный","Россия","24 месяца",,"",,"False","chainyi-napitok-s-chabretsom-i-koritsei-na-chernom-chae-dykhanie-gor","https://firebasestorage.googleapis.com/v0/b/travnik-5cc55.firebasestorage.app/o/products%2Fchainyi-napitok-s-chabretsom-i-koritsei-na-chernom-chae-dykhanie-gor.jpg?alt=media&token=7bbb97a1-6912-42ec-ba8d-889115dda105","https://www.flip.kz/catalog?prod=5107122","Чабреца трава; плоды шиповника; чага; кардамон, имбирь, корица, гвоздика; листья бадана; черный чай",,"Насыщенный аромат чая «Дыхание гор»  перенесёт вас на вершины Уральских гор, в мир лесов и первозданной природы . Чабрец придаёт напитку необыкновенный, запоминающийся вкус и аромат ; в переводе его название означает «сила духа». Чай помогает легче переносить эмоциональные и информационные перегрузки , укрепляет нервную систему и повышает жизненный тонус . Тонкий аромат и выразительный вкус раскрываются ещё глубже благодаря добавлению пряностей, чаги и плодов шиповника . Обязательно попробуйте этот природный напиток , который приносит ощущение внутренней гармонии и радость новых свершений. Способ приготовления: ополоснуть заварочный чайник горячей водой, насыпать чай из расчёта 1 чайная ложка на чашку воды, плюс одна чайная ложка на чайник. Залить кипятком и настоять 5 минут ⏱. Чай готов к употреблению."
"p718","Чайные напитки","Чайный напиток с листочками дикой мяты и малиной на чёрном чае «Мятная малина»","90 г","2576",,"сублимированный","Россия","24 месяца",,"",,"False","chainyi-napitok-s-listochkami-dikoi-myaty-i-malinoi-na-chernom-chae-myatnaya-mal","https://firebasestorage.googleapis.com/v0/b/travnik-5cc55.firebasestorage.app/o/products%2Fchainyi-napitok-s-listochkami-dikoi-myaty-i-malinoi-na-chernom-chae-myatnaya-mal.jpg?alt=media&token=78571c65-fbb4-49a0-8dba-bd6283761df7","https://www.flip.kz/catalog?prod=5107146","Листья смородины, мяты, душицы, бадана; ягоды малины, чага, каркаде (суданская роза), черный чай.",,"Авторский чайный напиток травника Гордеева «Мятная малина»  — это лёгкий освежающий ягодно-травяной сбор с приятной малиновой доминантой и мятным послевкусием . При первом знакомстве раскрывается насыщенный вкус каркаде с характерной кислинкой, который сменяется мятной прохладой , а затем проявляется свежесть листьев смородины как изысканный нюанс. Напиток насыщает организм витаминами, укрепляет иммунитет  и дарит ощущение лёгкости и свежести . Насладитесь домашним уютом с кружкой ароматного чая  из натуральных растительных компонентов. Напиток одинаково хорош как в горячем, так и в холодном виде , а также может использоваться как основа для приготовления чая со льдом. Способ приготовления: ополоснуть заварочный чайник горячей водой, насыпать чай из расчёта 1 чайная ложка на чашку воды, плюс одна чайная ложка на чайник. Залить кипятком и настоять 5 минут ⏱. Чай готов к употреблению."
"p719","Специи","Анис","50 г","2057",,"семена","Россия","24 месяца",,"",,"False","anis","https://firebasestorage.googleapis.com/v0/b/travnik-5cc55.firebasestorage.app/o/products%2Fanis.jpg?alt=media&token=6b71cb51-2096-40d4-8c45-42b1e8927144","https://www.flip.kz/catalog?prod=5107160","семена аниса","• в кулинарии — анис отлично подходит для выпечки, особенно пряников, печенья и кексов; его также добавляют в различные десерты и сладкие напитки ; • в мясных и овощных блюдах — используется в маринадах, соусах, супах, мясных и овощных блюдах, придавая им изысканный аромат ; • в напитках — применяется для ароматизации чая, горячих напитков и алкогольных коктейлей, включая анисовые настойки ; • для консервации — популярная специя для маринования овощей, таких как огурцы и помидоры . Как использовать:  • целые семена — подходят в качестве приправы для горячих блюд и маринадов; перед использованием можно слегка обжарить на сухой сковороде для раскрытия аромата ; • молотые семена — удобно добавлять в тесто, соусы и десерты, где...","Анис — ароматная пряность  с характерным сладковатым, слегка острым вкусом, которая придаёт блюдам особую пикантность. Используется в кулинарии с древнейших времён и ценится за свой узнаваемый вкус, напоминающий лакрицу ."
"p720","Специи","Бадьян (анис звездчатый)","20 г","1832",,"семена","Россия","24 месяца",,"",,"False","badyan-anis-zvezdchatyi","https://firebasestorage.googleapis.com/v0/b/travnik-5cc55.firebasestorage.app/o/products%2Fbadyan-anis-zvezdchatyi.jpg?alt=media&token=6b6b6401-4fd5-42ec-8a1d-0f33c2f1d87f","https://www.flip.kz/catalog?prod=5107169","100% бадьян (звёздчатый анис)","• в кулинарии — бадьян подходит для мясных, овощных и рыбных блюд; широко используется в индийской, китайской и тайской кухне; особенно хорош в маринадах, соусах и супах; • в выпечке — добавляется в тесто для пирогов, булочек, пряников и кексов, придавая насыщенный вкус и аромат ; • для напитков — применяется для ароматизации чая, глинтвейна и кофе, а также используется в ликёрах и коктейлях ; • в консервации — подходит для заготовок фруктов и овощей, придавая им выразительный пикантный вкус . Как использовать:  • целые плоды — используют для ароматизации горячих блюд, супов, соусов,...","Бадьян — экзотическая специя , получаемая из плодов растения, известного как звёздчатый анис. Его узнаваемая форма в виде звезды и насыщенный сладковато-пряный вкус делают бадьян важной частью восточной и европейской кулинарии . Специя ценится не только за яркий аромат, но и за полезные свойства , что делает её популярным выбором для разнообразных блюд и напитков."
"p721","Специи","Гвоздики плоды молотые","50 г","2265",,"семена","Россия","24 месяца",,"",,"False","gvozdiki-plody-molotye","https://firebasestorage.googleapis.com/v0/b/travnik-5cc55.firebasestorage.app/o/products%2Fgvozdiki-plody-molotye.jpg?alt=media&token=cefc42d4-8cb6-4cc4-8ac9-195958d98fe2","https://www.flip.kz/catalog?prod=5107186","100% плоды гвоздики молотые","• в кулинарии — молотая гвоздика подходит для выпечки, мясных и овощных блюд; её добавляют в маринады, соусы, супы и гарниры, особенно в восточных и индийских рецептах; • в сладких блюдах — используется в пирогах, печенье, кексах, конфетах и десертах ; в сочетании с корицей или кардамоном придаёт сладостям глубокий пряный вкус; • в напитках — применяется для ароматизации чая, глинтвейна, кофе и горячих напитков , а также входит в состав пряных настоек и коктейлей; • для консервации — добавляется в маринады, варенья и джемы, придавая им приятную остроту и насыщенный аромат . Как...","Гвоздика — одна из самых узнаваемых и ароматных специй в мире , известная своим тёплым, слегка сладковатым и пряным вкусом. Молотая гвоздика придаёт блюдам и напиткам насыщенный аромат , который глубоко раскрывается в составе и создаёт выразительный вкусовой акцент. Эта специя широко используется в кухнях разных стран  и ценится не только за вкус, но и за полезные свойства."
"p722","Специи","Кумин (зира)","1 шт.","2317",,"семена","Россия","24 месяца",,"",,"False","kumin-zira","https://firebasestorage.googleapis.com/v0/b/travnik-5cc55.firebasestorage.app/o/products%2Fkumin-zira.jpg?alt=media&token=cd861047-5f1a-4449-976a-d94326787c9f","https://www.flip.kz/catalog?prod=5107194","100% семена кумина (зиры)","• в кулинарии — незаменимая специя для супов, рагу, мясных и овощных блюд; особенно хорошо сочетается с карри и восточными специями, такими как кориандр, куркума и кардамон; • в выпечке — используется в хлебе, лепёшках, тесте для пиццы и пирогов ; • для маринадов — входит в состав маринадов для мяса, рыбы и овощей, придавая блюдам пикантность; • в напитках — применяется в национальных напитках, включая масала чай, а также в коктейлях ; • в консервации — подходит для заготовок овощей и фруктов . Как использовать:  • целые семена — добавляйте в супы, тушёные блюда, соусы и маринады;...","Семена кумина, также известные как зира , — это ароматная пряность с характерными орехово-пряными нотами, придающими блюдам глубокий и насыщенный вкус. Кумин широко используется в кулинарии разных стран , особенно в индийской, арабской, мексиканской и средиземноморской кухнях. Эти небольшие, но выразительные семена ценятся не только за вкус, но и за полезные свойства ."
"p723","Специи","Кориандра плоды","30 г","1332",,"плоды","Россия","24 месяца",,"",,"False","koriandra-plody","https://firebasestorage.googleapis.com/v0/b/travnik-5cc55.firebasestorage.app/o/products%2Fkoriandra-plody.jpg?alt=media&token=9f2c8c8e-438d-4848-a840-419fa05896a2","https://www.flip.kz/catalog?prod=5107206","100% плоды кориандра","• на кухне — подходит для выпечки, маринадов, мясных и овощных блюд, домашней колбасы, приправ и карри ; • в фитотерапии — оказывает мягкое спазмолитическое и противовоспалительное действие, улучшает пищеварение и нормализует аппетит ; • в быту — используется для натуральной ароматизации помещений, приготовления масел и настоев . Полезные свойства:  • снижает вздутие и колики; • стимулирует выработку пищеварительных соков; • обладает лёгким мочегонным эффектом ; • поддерживает иммунитет и работу печени ; • оказывает противомикробное и антиоксидантное действие .","Откройте для себя настоящий вкус Востока с плодами кориандра  — душистыми семенами, которые используются в кулинарии, фитотерапии и натуральной косметике. Плоды кориандра — это высушенные семена одноимённого растения с тёплым, слегка цитрусовым ароматом и пикантным вкусом ."
"p724","Специи","Барбариса плоды","30 г","1885",,"семена","Россия","24 месяца",,"",,"False","barbarisa-plody","https://firebasestorage.googleapis.com/v0/b/travnik-5cc55.firebasestorage.app/o/products%2Fbarbarisa-plody.jpg?alt=media&token=fd20d071-273d-48d1-8271-97a882477ae1","https://www.flip.kz/catalog?prod=5107280","100% натуральные сушёные ягоды барбариса","добавляйте в блюда во время приготовления или заваривайте как чай. Перед употреблением рекомендуется промыть .","Натуральные сушёные плоды барбариса  — ароматная пряность и ценный источник витаминов. Эти кисло-сладкие ягоды обладают насыщенным вкусом  и широко используются в кулинарии, медицине и косметологии. Идеально подходят для плова, мясных блюд, соусов, чая и компотов . Полезные свойства:  • богаты витамином C и антиоксидантами ; • способствуют улучшению пищеварения; • поддерживают иммунитет ; • обладают мягким антисептическим действием."
"p725","Травяные сборы 100 г","Полыни эстрагон (тархуна) трава","50 г","1021",,,"Россия","24 месяца",,"",,"False","polyni-estragon-tarkhuna-trava","https://firebasestorage.googleapis.com/v0/b/travnik-5cc55.firebasestorage.app/o/products%2Fpolyni-estragon-tarkhuna-trava.jpg?alt=media&token=fb0e5c37-7a9c-4afc-b226-7827fb26bae5","https://www.flip.kz/catalog?prod=5117695","полыни эстрагон (тархун) трава 100%",,"Применяется как пряность , а также при слабом пищеварении, тошноте и метеоризме. Используется при икоте, ревматизме, подагре и артритах , в качестве мочегонного , сокогонного, улучшающего аппетит и пищеварение средства, а также как витаминное и глистогонное средство . Способ приготовления и применения:  1 ст. л. травы залить 0,2–0,3 л воды, довести до кипения, потомить 3–4 минуты ⏱, настоять до остывания и процедить. Принимать по 1/3 от полученного объёма 3 раза в день до еды. Противопоказания:  индивидуальная непереносимость, беременность и период грудного вскармливания."
"p726","Травяные сборы 100 г","Подсолнечника лепестки","25 г","1971",,,"Россия","24 месяца",,"",,"False","podsolnechnika-lepestki","https://firebasestorage.googleapis.com/v0/b/travnik-5cc55.firebasestorage.app/o/products%2Fpodsolnechnika-lepestki.jpg?alt=media&token=a4e9fa08-cff2-43b8-b5e4-fbbbc43582eb","https://www.flip.kz/catalog?prod=5117707","Лепестки подсолнечника 100%",,"Благодаря отхаркивающему, жаропонижающему и противовирусному действию , а также антимикробным и противовоспалительным свойствам, средство способствует улучшению обмена веществ и поддержке иммунитета . Применяется при заболеваниях печени и желчевыводящих путей, мочекаменной болезни, астме , гриппе и ангине, отложении солей и ослабленном иммунитете . Способ приготовления и применения:  1 ст. л. лепестков заварить 0,2 л кипятка, настоять 1 час ⏱. Принимать в течение дня в 3–4 приёма до еды, каждую порцию процеживая через ситечко. Противопоказания:  индивидуальная непереносимость."
"p727","Таблетки и капсулы","Ежовик гребенчатый","150 г","11792",,"порошок","Казахстан","24 месяца",,"",,"False","ezhovik-grebenchatyi","https://firebasestorage.googleapis.com/v0/b/travnik-5cc55.firebasestorage.app/o/products%2Fezhovik-grebenchatyi.jpg?alt=media&token=8bb60902-e7ad-4226-9c3b-b0d941e476e9","https://www.flip.kz/catalog?prod=5119403","Плодовые тела и мицелий гриба ежовик гребенчатый","1 раз в день утром по 1 мерной ложке  перед завтраком, запивая водой или любым безалкогольным...","Комплекс оказывает мягкое ноотропное действие , поддерживает работу мозга и нервной системы, способствует улучшению концентрации и ясности мышления , а также эмоционального фона . Положительно влияет на пищеварение и усвоение пищи за счёт поддержки работы ЖКТ . Подходит тем, кто ищет устойчивый эффект улучшения когнитивных функций и общего самочувствия . Содержит широкий спектр витаминов и минералов в умеренной концентрации , что делает продукт оптимальным для длительного ежедневного применения . Особенно рекомендуется при дефиците витаминов группы B, магния, кальция и цинка, а также в периоды умственного напряжения и стресса. Рекомендуется сочетать с Кордицепсом Военным  — для усиления энергетического обмена и мозговой активности, с лецитином — для питания нейронов, а также с сухим чесноком — для повышения биодоступности компонентов на 30% ⬆."
"p728","Таблетки и капсулы","Кордицепс военный","150 г","11792",,"порошок","Казахстан","24 месяца",,"",,"False","korditseps-voennyi","https://firebasestorage.googleapis.com/v0/b/travnik-5cc55.firebasestorage.app/o/products%2Fkorditseps-voennyi.jpg?alt=media&token=c4921b6a-ecc4-401a-8d23-cdf3f89092a0","https://www.flip.kz/catalog?prod=5119409","Плодовые тела и мицелий гриба кордицепс военный","1 раз в день утром по 1/3 мерной ложки перед завтраком, запивая водой или безалкогольным напитком . С 12 лет — до 1/2 от взрослой дозировки (строго по назначению врача). Противопоказания:  аутоиммунные заболевания, беременность, период лактации,...","Кордицепс военный — природный адаптоген  для повышения энергии и выносливости , а также поддержки иммунной системы . Помогает справляться с физическими и умственными перегрузками , восстанавливает силы после тренировок и стресса, способствует детоксикации и укреплению гормонального фона . Особенно эффективен при упадке сил, снижении иммунитета и активных физических нагрузках. Обогащён витаминами и минералами для комплексной поддержки организма  и подходит для длительного приёма с накопительным эффектом . Рекомендуется сочетать с Ежовиком Classic  для баланса телесной и ментальной энергии. Идеален в периоды восстановления, при низком уровне энергии, ослабленном иммунитете и снижении либидо."
"p729","Таблетки и капсулы","Рейши","100 г","11792",,"порошок","Казахстан","24 месяца",,"",,"False","reishi","https://firebasestorage.googleapis.com/v0/b/travnik-5cc55.firebasestorage.app/o/products%2Freishi.jpg?alt=media&token=20c5e1fb-b2ef-496c-a2e9-d5268355707b","https://www.flip.kz/catalog?prod=5119417","Плодовые тела и мицелий гриба рейши","1...","Рейши (порошок) — мощный натуральный адаптоген , помогающий организму справляться с ментальными и физическими перегрузками . Снижает уровень стресса и тревожности , поддерживает иммунную и гормональную систему , улучшает качество сна  и способствует восстановлению нервной системы. Обладает выраженным противовоспалительным и антиоксидантным действием , помогает нормализовать давление и снизить уровень холестерина. Подходит при эмоциональном напряжении, бессоннице, частых простудах и гормональных сбоях. Является мягким регулятором иммунитета и уровня кортизола , действует накопительно и подходит для длительного приёма . Рекомендуется сочетать с кордицепсом  — для усиления энергии и адаптационного ресурса, с ежовиком — для поддержки нервной системы, с ашвагандхой или магнием — для глубокого расслабления и здорового сна. Оптимален при хронической усталости, стрессах, нарушениях сна и в периоды восстановления после заболеваний или операций ."
"p730","Таблетки и капсулы","Траметес разноцветный (иммунитет, вирусы, опухоли)","100 г","11792",,"порошок","Казахстан","24 месяца",,"",,"False","trametes-raznotsvetnyi-immunitet-virusy-opukholi","https://firebasestorage.googleapis.com/v0/b/travnik-5cc55.firebasestorage.app/o/products%2Ftrametes-raznotsvetnyi-immunitet-virusy-opukholi.jpg?alt=media&token=bf927d31-dace-4c17-8bc3-cddf828747aa","https://www.flip.kz/catalog?prod=5119431","Плодовые тела и мицелий гриба траметес разноцветный",,"Траметес разноцветный — один из наиболее изученных лечебных грибов , широко применяемый для иммунной поддержки и в восстановительных программах. Обладает выраженным иммуномодулирующим действием : помогает организму противостоять вирусам и бактериям, способствует восстановлению после химио- и радиотерапии, снижает риск рецидивов и образования опухолей. Поддерживает здоровую микрофлору кишечника и способствует восстановлению слизистой ЖКТ , оказывает антиоксидантное и противовоспалительное действие . Подходит тем, кто проходит или завершил онкологическое лечение, часто сталкивается с вирусными инфекциями (в том числе герпесом и вирусом Эпштейна—Барр), нарушениями пищеварения или сниженным иммунитетом . Обладает мягким накопительным эффектом и хорошо переносится при длительном применении . Эффективен в сочетании с кордицепсом  — для повышения жизненного тонуса и восстановления, с рейши — для снижения стресса и воспаления, с пробиотиками или ферментами — для комплексной..."
"p731","Без категории","Полбяная мука","500 г","3682",,,"Россия","12 месяцев",,"",,"False","polbyanaya-muka","https://firebasestorage.googleapis.com/v0/b/travnik-5cc55.firebasestorage.app/o/products%2Fpolbyanaya-muka.jpg?alt=media&token=0eb47297-5b17-42bd-b43c-96ecc91e9cb3","https://www.flip.kz/catalog?prod=5145715","полбяная мука",,"Полбяная мука — цельнозерновая мука из полбы , древнейшей культуры, считающейся прародительницей современной пшеницы. В России полба была распространена на побережьях рек Волги и Камы. Культура известна также под названиями двузернянка, камут, спельта и эммер. Зёрна обмолачиваются вместе с оболочками, что позволяет сохранить максимум полезных веществ . В полбяной муке содержится значительно меньше глютена, чем в пшеничной, поэтому она подходит людям с чувствительностью к пшеничной клейковине . Полба богата клетчаткой, белком и незаменимыми аминокислотами, витаминами группы B, E, H и PP, а также минералами — магнием, кальцием, калием, цинком, селеном и железом . Мука поддерживает пищеварение , помогает контролировать уровень сахара и холестерина, укрепляет мышцы , стабилизирует гормональный фон и поддерживает иммунитет . Полбяную муку используют для приготовления выпечки — пирогов, блинов, оладий, хлеба и печенья , а также добавляют в соусы, каши и супы , придавая..."
"p732","Без категории","Полба","500 г","2351",,,"Россия","36 месяцев",,"",,"False","polba","https://firebasestorage.googleapis.com/v0/b/travnik-5cc55.firebasestorage.app/o/products%2Fpolba.jpg?alt=media&token=58068cc0-cbe8-4608-a615-8efc06284b98","https://www.flip.kz/catalog?prod=5167415","зерно",,"Полба — мать и хранительница изначального генетического кода пшеницы . До начала XX века именно эта крупа составляла основу питания и поддерживала силы и здоровье населения Российской Империи. Включение блюд из полбы в ежедневный рацион обеспечивает поступление ценных питательных веществ : 18 незаменимых аминокислот, железа, белка, олигосахаридов, витаминов группы B и других элементов. Низкое содержание глютена позволяет использовать полбу в питании людей с чувствительностью к глютену . Способ приготовления и применения:  для приготовления каши зёрна промыть и замочить в воде для набухания, желательно на ночь . Утром воду слить и при желании использовать её для умывания . Затем набухшие зёрна залить водой в соотношении 1:3 и варить на медленном огне до готовности ⏱. В конце варки добавить масло, соль и сахар по вкусу. Противопоказания:  индивидуальная непереносимость. Условия хранения:  хранить при относительной влажности воздуха не более 75%, в..."
"p733","Чайные напитки","Башкирский традиционный чай","70 г","1626",,"среднелистовой","Россия","24 месяца",,"",,"False","bashkirskii-traditsionnyi-chai","https://firebasestorage.googleapis.com/v0/b/travnik-5cc55.firebasestorage.app/o/products%2Fbashkirskii-traditsionnyi-chai.jpg?alt=media&token=aed24d82-386e-4ec2-8b53-e10f1ebe6a9e","https://www.flip.kz/catalog?prod=5306822","Цветки липы (йүкә сәскәһе); листья и почки смородины (ҡарағат япрағы, ҡарағат бөрөһө); травы чабреца (кейәү үләне, ҡан үлән), зверобоя (һары мәтрүшкә), душицы (мәтрүшкә, еҫле үлән); листья бадана, чага, черный чай (ҡара сәй)",,"У башкир издревле чай подают дважды : перед едой и после. Перед плотным обедом обязательно предлагали травяной чай с мёдом или пастилой , без сдобы и печенья. После еды, спустя 20–30 минут ⏱, чай подавали второй раз. Для заварки сушёные травы растирали руками в порошок и заливали кипятком. Непосредственно перед угощением немного заварки сначала наливали в чашу, затем возвращали обратно в чайник — этот жест символизировал уважение к гостю и внимание хозяев дома . Главный рецепт — готовить чай в хорошем расположении духа , ведь каждая травинка впитывает настроение и помыслы того, кто к ней прикасается. Как принимать:  сполоснуть заварочный чайник горячей водой, насыпать чай из расчёта 1 чайная ложка на чашку воды плюс 1 чайная ложка на чайник. Чайник сразу залить кипятком и настоять 5 минут ⏱."
"p734","Бальзамы питьевые","Флорентинная вода","1.5 кг","3044",,,"Россия","24 месяца","4690324025351","","10","False","florentinnaya-voda","https://firebasestorage.googleapis.com/v0/b/travnik-5cc55.firebasestorage.app/o/products%2Fflorentinnaya-voda.jpg?alt=media&token=ca8b3f06-4ac9-4226-bf1f-8a6135d54029","https://www.flip.kz/catalog?prod=5316511","100% водный экстракт хвои пихты сибирской","по 50 мл 3 раза в день перед едой. При повышенной кислотности — после еды.","Экстракт применяется как общетонизирующее , витаминно-минеральное и иммуномодулирующее природное средство . Способствует восстановлению обмена веществ  и укреплению кровеносных сосудов, в первую очередь капилляров. Помогает нейтрализовать и выводить токсины при отравлениях и в период химиотерапии . Используется как общеукрепляющее средство  в профилактике и оздоровлении нарушений опорно-двигательного аппарата , восстановлении функций пищеварительной , бронхо-лёгочной  и мочевыделительной систем, а также при гриппе и простудных заболеваниях ."
"p735","Травяные сборы 100 г","Напиток чайный для гормонального баланса «Женщина-красавица»","50 г","1176",,,"Россия","24 месяца",,"",,"False","napitok-chainyi-dlya-gormonalnogo-balansa-zhenshchina-krasavitsa","https://firebasestorage.googleapis.com/v0/b/travnik-5cc55.firebasestorage.app/o/products%2Fnapitok-chainyi-dlya-gormonalnogo-balansa-zhenshchina-krasavitsa.jpg?alt=media&token=10327aaf-3e14-4083-b07b-f6df9ea52898","https://www.flip.kz/catalog?prod=5332561","Аронии плоды; боровой матки, горца птичьего, дербенника, дурнишника, золотарника, клевера, манжетки, первоцвета, полыни Божье дерево, синеголовника, чабреца, чернобыльника, шалфея трава.","1–2 ст. л. сырья залить 0,2–0,3 л кипятка, настоять 1 час при комнатной температуре ⏱. Принимать по 1/3 от полученного объёма 3 раза в день, каждую порцию процеживая через ситечко. Минимальный курс приёма:  принимать по 5–12 «сухих» дней — после окончания менструации, каждый цикл до начала овуляции.","Способствует восстановлению системы гормональной регуляции менструального цикла женщины , в том числе за счёт поддержки активности ФСГ и подавления синтеза антител к его рецепторам. Помогает восстановлению репродуктивного здоровья , повышает способность к зачатию и поддерживает естественные гормональные процессы. Способствует продлению молодости , повышению упругости кожи и гармоничному проявлению женственности ."
"p736","Травяные сборы 100 г","Напиток чайный для гормонального баланса «Женщина-красавица»","100 г","0",,,"Россия","24 месяца",,"","0","False","napitok-chainyi-dlya-gormonalnogo-balansa-zhenshchina-krasavitsa-2","https://firebasestorage.googleapis.com/v0/b/travnik-5cc55.firebasestorage.app/o/products%2Fnapitok-chainyi-dlya-gormonalnogo-balansa-zhenshchina-krasavitsa-2.jpg?alt=media&token=9ca6a7b4-7b4c-4e46-a34b-6587928a1fc6","https://www.flip.kz/catalog?prod=5354107","Аронии плоды, боровой матки, горца птичьего, дербенника, дурнишника, золотарника, клевера, манжетки, первоцвета, полыни Божье дерево, синеголовника, чабреца, чернобыльника, шалфея трава.","1—2 ст. л. сырья залить 0,2–0,3 л кипятка, настоять 1 час при комнатной температуре ⏱. Принимать по 1/3 от полученного объёма 3 раза в день, каждую порцию процеживая через ситечко. Минимальный курс приёма:  принимать по 5–12 «сухих» дней — после окончания менструации, каждый цикл до начала овуляции.","Способствует восстановлению системы гормональной регуляции менструального цикла женщины , в том числе за счёт поддержки активности ФСГ и подавления синтеза антител к его рецепторам. Помогает восстановлению репродуктивного здоровья , повышает способность к зачатию и поддерживает естественные гормональные процессы. Способствует продлению молодости , повышению упругости кожи и гармоничному проявлению женственности ."
"p737","Травяные сборы 100 г","Напиток чайный «Женщина-красавица»","250 г","0",,,"Россия","24 месяца",,"","0","False","napitok-chainyi-zhenshchina-krasavitsa","https://firebasestorage.googleapis.com/v0/b/travnik-5cc55.firebasestorage.app/o/products%2Fnapitok-chainyi-zhenshchina-krasavitsa.jpg?alt=media&token=20384d07-ea9b-4c5e-8880-9493d67eaa43","https://www.flip.kz/catalog?prod=5354221","Аронии плоды, боровой матки, горца птичьего, дербенника, дурнишника, золотарника, клевера, манжетки, первоцвета, полыни Божье дерево, синеголовника, чабреца, чернобыльника, шалфея трава.","1—2 ст. л. сырья залить 0,2–0,3 л кипятка, настоять 1 час при комнатной температуре ⏱. Принимать по 1/3 от полученного объёма 3 раза в день, каждую порцию процеживая через ситечко. Минимальный курс приёма:  принимать по 5–12 «сухих» дней — после окончания менструации, каждый цикл до начала овуляции.","Способствует восстановлению системы гормональной регуляции менструального цикла женщины , в том числе за счёт поддержки активности ФСГ и подавления синтеза антител к его рецепторам. Помогает восстановлению репродуктивного здоровья , повышает способность к зачатию и поддерживает естественные гормональные процессы. Способствует продлению молодости , повышению упругости кожи и гармоничному проявлению женственности ."
"p738","Травяные сборы 100 г","Фиточай «Цистанхе» (сунгыла)","500 г","0",,,"Россия","24 месяца",,"","0","False","fitochai-tsistankhe-sungyla","https://firebasestorage.googleapis.com/v0/b/travnik-5cc55.firebasestorage.app/o/products%2Ffitochai-tsistankhe-sungyla.jpg?alt=media&token=7f0995c9-285c-41f6-9e1d-7359bf7c655e","https://www.flip.kz/catalog?prod=5354244","корень цистанхе",,"Цистанхе — «женьшень пустыни» , растение с выраженной иммуномодулирующей активностью . Его лечебные свойства известны более 2000 лет и широко применяются в народной медицине восточных стран. В китайской и арабской традиции отвар цистанхе используют как мощное средство для поддержания репродуктивного здоровья , при общей слабости, истощении и склонности к запорам. Цистанхе оказывает благотворное влияние при воспалениях мочеполовой системы, заболеваниях почек и мочевыводящих путей , способствует уменьшению отёков и болевых ощущений. Растение эффективно при нефрогенной артериальной гипертензии, улучшает когнитивные функции , концентрацию внимания и умственную активность. Обладает общетонизирующим действием , активирует иммунную систему, повышает тонус сосудов и поддерживает процессы регенерации печени и костного мозга . Показания к применению:  • противовоспалительное; • антиоксидантное; • омолаживающее действие; • мочегонное ; • желчегонное и мягкое..."
"p739","Травяные сборы 100 г","Левзеи корневища (для спортсменов, повышает выносливость)","50 г","2300",,,"Россия","24 месяца",,"",,"False","levzei-kornevishcha-dlya-sportsmenov-povyshaet-vynoslivost","https://firebasestorage.googleapis.com/v0/b/travnik-5cc55.firebasestorage.app/o/products%2Flevzei-kornevishcha-dlya-sportsmenov-povyshaet-vynoslivost.jpg?alt=media&token=74fdf6a1-c8e4-448b-b9d4-144f8953fa12","https://www.flip.kz/catalog?prod=5434030","левзеи корень",,"Действие:  • стимулирует и тонизирует  — повышает умственную и физическую работоспособность, снижает усталость и раздражительность; • оказывает адаптогенное действие  — помогает организму легче переносить стресс и адаптироваться к изменениям окружающей среды; • улучшает кровообращение  — способствует расширению сосудов, улучшает кровоток и нормализует давление; • улучшает состав крови  — снижает уровень холестерина и поддерживает нормальный уровень гемоглобина и эритроцитов; • поддерживает нервную систему  — улучшает память, внимание и помогает справляться со стрессом; • укрепляет иммунитет  — повышает сопротивляемость организма инфекциям; • ускоряет восстановление  — способствует заживлению и восстановлению после заболеваний; • поддерживает половую функцию  — благоприятно влияет на мужское здоровье. Способ приготовления и применения: 1-2 ст. л. корней залить 0,2-0,3 л воды, довести до кипения, потомить 3-4 мин, настоять до остывания, процедить. Принимать..."
"p740","Травяные сборы 100 г","Осины кора микронизированная","3 шт.","6500",,"порошок","Россия","24 месяца",,"","0","False","osiny-kora-mikronizirovannaya-2","https://firebasestorage.googleapis.com/v0/b/travnik-5cc55.firebasestorage.app/o/products%2Fosiny-kora-mikronizirovannaya-2.jpg?alt=media&token=debd5891-7e37-4a88-9336-5abbdce7322f","https://www.flip.kz/catalog?prod=5498317","кора осины микронизированная 100%",,"Показана к применению при диабете 2-го типа  — способствует снижению уровня глюкозы в крови и активизации эндокринной системы. Оказывает благотворное влияние на поджелудочную железу, стимулируя выработку инсулина . Помогает нейтрализовать воспалительные процессы мочеполовой системы ; при цистите, нефритах и уретритах курсовой приём отваров и настоев даёт выраженный эффект. Кора осины эффективна при суставных и мышечных болях  — применяется как внутрь в виде отваров и настоев, так и наружно для растираний спиртовой настойкой. Используется при аденоме простаты, импотенции и внутреннем геморрое , курсами до 30 дней. При диарее, метеоризме, дискинезии желчных путей и жировом гепатозе печени способствует улучшению пищеварения  и общего состояния. Полоскание отварами полости рта помогает при зубной боли, стоматитах, пародонтозе, ангине и воспалениях после удаления зуба . Кора осины также известна как средство против паразитов  — отвары и настойки применяются при..."
"p741","Травяные сборы 100 г","Набор фильтр-пакетов «Бактериям-стоп»","100 г","0",,"фильтр-пакеты","Россия","24 месяца",,"","0","False","nabor-filtr-paketov-bakteriyam-stop","https://firebasestorage.googleapis.com/v0/b/travnik-5cc55.firebasestorage.app/o/products%2Fnabor-filtr-paketov-bakteriyam-stop.jpg?alt=media&token=5d4751ab-8554-4fc6-aabc-a10c701fcdb2","https://www.flip.kz/catalog?prod=5498488","Березы, тополя почки; медуницы, володушки, горца, гречихи, дербенника, дурнишника, зверобоя, золотарника, зюзника, люцерны, первоцвета, полыни Божье дерево, ряски, синеголовника, таволги, тысячелистника, чабреца, чистотела, эхинацеи трава; берёзы листья; ели, сосны, пихты хвоя; льна семена; можжевельника плоды; пижмы цветки; ивы, осины кора.","1—2 фильтр-пакета залить 0,2 л кипятка, настоять 1 час при комнатной температуре ⏱, отжать. Принимать по 1/3 от полученного объёма 3 раза в день за 10–15 минут до еды. Минимальный курс приёма:  зависит от тяжести заболевания и может составлять от полугода до нескольких лет. Каждые 30 дней рекомендуется делать перерыв 7–10 дней .","Рекомендован при заболеваниях бактериальной и микробной этиологии , в том числе органов дыхания : хроническом обструктивном бронхите, хронической пневмонии, бронхоэктатической болезни, туберкулёзе и саркоидозе лёгких. Применяется в составе комплексной терапии при раке лёгкого и метастазах в лёгких . Способствует улучшению газообмена в лёгких и поддержке дыхательной функции ."
"p742","Травяные сборы 100 г","Набор фильтр-пакетов «Вирусам-стоп»","100 г","0",,"фильтр-пакеты","Россия","24 месяца",,"","0","False","nabor-filtr-paketov-virusam-stop","https://firebasestorage.googleapis.com/v0/b/travnik-5cc55.firebasestorage.app/o/products%2Fnabor-filtr-paketov-virusam-stop.jpg?alt=media&token=598ab5f4-7ad1-42e0-ac9f-c19ef25ef683","https://www.flip.kz/catalog?prod=5498554","Кладонии, цетрарии слоевища; таволги, полыни Божье дерево, горца почечуйного, душицы, зюзника, зверобоя, золотарника, мяты, синеголовника, тысячелистника, чертополоха трава; березы листья; рябины плоды; ели хвоя; ивы, осины кора; багульника побеги.","1—2 фильтр-пакета залить 200 мл кипятка, настоять 30 минут при комнатной температуре ⏱, отжать. Принимать 3–4 раза в день до еды. Минимальный курс приёма:  от 2–3 дней и более. Далее рекомендуется заменить или сочетать с чайным напитком «Иммунитет сильный» .","Высокоэффективное средство для профилактики и при проявлениях гриппа и ОРВИ  в любом возрасте. Способствует быстрому выздоровлению  и снижает риск развития осложнений. Укрепляет противовирусный и антимикробный иммунитет . Максимальная эффективность достигается при профилактическом приёме и использовании на ранних стадиях заболевания ."
"p743","Травяные сборы 100 г","Фиточай «Витаминов баланс»","100 г","0",,"фильтр-пакеты","Россия","24 месяца",,"","0","False","fitochai-vitaminov-balans","https://firebasestorage.googleapis.com/v0/b/travnik-5cc55.firebasestorage.app/o/products%2Ffitochai-vitaminov-balans.jpg?alt=media&token=56ecd462-1118-4430-ad70-b908a5dc7f73","https://www.flip.kz/catalog?prod=5498571","Аронии, калины, можжевельника, рябины, шиповника плоды; горца перечного и почечуйного, дербенника, душицы, зверобоя, золотарника, зюзника, иванчая, иссопа, медуницы, мяты, первоцвета трава; крапивы майской, облепихи листья; ели хвоя; льна семена; чага.","1—2 фильтр-пакета залить 0,2 л кипятка, настоять 1 час при комнатной температуре ⏱, отжать. Принимать по 1/3 от полученного объёма 3 раза в день за 10–15 минут до еды. Минимальный курс приёма:  1—2 месяца.","Обладает общеукрепляющим , иммуномодулирующим и антиоксидантным действием , способствует эффективной противоопухолевой защите , особенно у пациентов из групп риска. Помогает организму противостоять патогенным факторам, опасным для здоровья. В осенне-весенний период регулярный приём напитка является надёжной профилактикой вирусных инфекций . Рекомендуется взрослым и детям любого возраста как источник витаминов, макро- и микроэлементов ."
"p744","Травяные сборы 100 г","Набор фильтр-пакетов «Витамины для мозга»","100 г","0",,"фильтр-пакеты","Россия","24 месяца",,"","0","False","nabor-filtr-paketov-vitaminy-dlya-mozga","https://firebasestorage.googleapis.com/v0/b/travnik-5cc55.firebasestorage.app/o/products%2Fnabor-filtr-paketov-vitaminy-dlya-mozga.jpg?alt=media&token=5bbcc2ab-176c-453f-b1ee-9aaeaf4644f1","https://www.flip.kz/catalog?prod=5498820","Адониса, василистника, горца, дербенника, донника, душицы, зверобоя, золотарника, иссопа, зюзника, клевера, медуницы, мяты, первоцвета, полыни Божье дерево, синеголовника, чабреца, шалфея трава; аронии, боярышника, рябины, шиповника плоды; березы листья; гречихи цветущие верхушки; ели хвоя; льна семена; пиона, солодки корневища; чага.","1—2 фильтр-пакета залить 0,2 л кипятка, настоять 1 час при комнатной температуре ⏱, отжать. Принимать по 1/3 от полученного объёма 3 раза в день за 15 минут до еды. Минимальный курс приёма:  от 2–3 месяцев до полугода.","Рекомендован при нарушениях мозгового и периферического кровообращения  различной этиологии, недостаточности мозгового кровообращения, после инсультов, инфарктов и при параличах. Применяется при варикозной болезни , а также в качестве сосудоукрепляющего средства, улучшающего реологию крови и её подвижность , с выраженным антиагрегатным (кроворазжижающим) действием ."
"p745","Травяные сборы 100 г","Набор фильтр-пакетов «Гельминтам (глистам) и паразитам-стоп»","100 г","0",,"фильтр-пакеты","Россия","24 месяца",,"","0","False","nabor-filtr-paketov-gelmintam-glistam-i-parazitam-stop","https://firebasestorage.googleapis.com/v0/b/travnik-5cc55.firebasestorage.app/o/products%2Fnabor-filtr-paketov-gelmintam-glistam-i-parazitam-stop.jpg?alt=media&token=821aab6a-c308-44ed-977f-0e9c02ea327d","https://www.flip.kz/catalog?prod=5498856","Папоротника корневища и листья; конского щавеля корневища; осины кора; березы листья; гвоздики бутоны; конского щавеля плоды; зюзника, льнянки, пижмы, полыни Божье дерево, полыни горькой, чабреца трава; гречихи цветущие верхушки.","1—2 фильтр-пакета залить 0,2 л кипятка, настоять 1 час при комнатной температуре ⏱, отжать. Принимать по 1/3 от полученного объёма 3 раза в день за 10–15 минут до еды. Минимальный курс приёма:  в зависимости от степени поражения — от 1–2 до 6–8 месяцев. Важным условием оздоровления является ежедневный мягкий стул 2–4 раза в день .","Эффективен не только при заражении гельминтами (глистами) , но и при поражении простейшими паразитами , включая хламидии, лямблии, трихомонады и лейшмании. Напиток способствует выведению паразитов и гельминтов из организма , помогает восстановлению слизистых оболочек желудочно-кишечного тракта  и улучшает общее самочувствие."
"p746","Травяные сборы 100 г","Набор фиточая «Глюкоза норма»","100 г","0",,"фильтр-пакеты","Россия","24 месяца",,"","0","False","nabor-fitochaya-glyukoza-norma","https://firebasestorage.googleapis.com/v0/b/travnik-5cc55.firebasestorage.app/o/products%2Fnabor-fitochaya-glyukoza-norma.jpg?alt=media&token=a19b5fa5-882c-48bb-8217-98b89dd2651b","https://www.flip.kz/catalog?prod=5499175","Черники побеги; фасоли створки; топинамбура клубни; березы почки и листья; лавра, смородины, шелковицы, лещины листья; володушки, галеги, гречихи, дербенника, дурнишника, душицы, зверобоя, золотарника, зюзника, крапивы, люцерны, мяты, первоцвета, полыни Божье дерево, пустырника, репешка, синеголовника, топинамбура, чабреца трава; ели, сосны хвоя; ивы кора; солодки корневища.","1—2 фильтр-пакета залить 0,2 л кипятка, настоять 1 час при комнатной температуре ⏱, отжать. Принимать по 1/3 от полученного объёма 3 раза в день за 10–15 минут до еды. Минимальный курс приёма:  принимать на постоянной основе.","Обладает сахароснижающим действием . Способствует улучшению работы поджелудочной железы , блокирует механизмы развития аутоиммунных реакций, что приводит к повышению активности и выработки инсулина. Помогает снижать риск осложнений сахарного диабета  со стороны сосудистой системы, сетчатки глаз , почек и печени."
"p747","Травяные сборы 100 г","Набор фильтр-пакетов «Голова без слёз»","100 г","0",,"фильтр-пакеты","Россия","24 месяца",,"","0","False","nabor-filtr-paketov-golova-bez-slez","https://firebasestorage.googleapis.com/v0/b/travnik-5cc55.firebasestorage.app/o/products%2Fnabor-filtr-paketov-golova-bez-slez.jpg?alt=media&token=334e9118-8cf5-43d1-9056-c474727929f6","https://www.flip.kz/catalog?prod=5499201","Березы, смородины листья; гречихи, дербенника, золотарника, иванчая, первоцвета, синеголовника, хвоща, шикши трава; таволги цветки.","1—2 пакета залить 0,2 л воды, нагретой до 80 °C, настоять 15 минут при комнатной температуре ⏱, отжать. Принимать 3–5 раз в день, обязательно перед сном — по 1/4 стакана .","Рекомендован для восстановления умственной и физической работоспособности . Эффективен при плохой переносимости жары и духоты , ощущениях разбитости, вялости и слабости, «мутной голове», повышенной потливости. Помогает при непродуктивном сне , эмоциональном истощении и снижении жизненного тонуса. Укрепляет нервную систему , повышает физическую и умственную активность, улучшает настроение и дарит ощущение оптимизма ."
"p748","Травяные сборы 100 г","Набор чая «Голова умная»","3 шт.","0",,"фильтр-пакеты","Россия","24 месяца",,"","0","False","nabor-chaya-golova-umnaya","https://firebasestorage.googleapis.com/v0/b/travnik-5cc55.firebasestorage.app/o/products%2Fnabor-chaya-golova-umnaya.jpg?alt=media&token=864a8eb0-b0ee-469e-a5c0-d94999e5cfdd","https://www.flip.kz/catalog?prod=5500734","Адониса, дербенника, горца, золотарника, зюзника, медуницы, мяты, первоцвета, полыни Божье дерево, синеголовника, татарника, чабреца, шикши трава; березы листья; ивы кора; сосны, ели хвоя; рябины плоды.","2–3 фильтр-пакета залить 0,2–0,3 л кипятка, настоять 1 час при комнатной температуре ⏱. Выпить в течение дня произвольно. В первые дни возможен небольшой дискомфорт — это реакция на восстановление кровообращения . Минимальный курс приёма:  от 2–3 недель до 5–6 месяцев. При необходимости после перерыва 1–2 недели возможны повторные курсы.","Эффективен при умственных нагрузках , стрессовых ситуациях и эмоциональной нестабильности, повышенной утомляемости и рассеянности. Помогает при давящих (сжимающих) головных болях  и способствует улучшению общего самочувствия. Оказывает положительное влияние на состояние нервной системы , поддерживая её восстановление и устойчивость."
"p749","Бальзамы питьевые","Таежное мумие (для омоложения)","240 мл","6721",,"жидкость","Россия","12 месяцев",,"",,"False","taezhnoe-mumie-dlya-omolozheniya","https://firebasestorage.googleapis.com/v0/b/travnik-5cc55.firebasestorage.app/o/products%2Ftaezhnoe-mumie-dlya-omolozheniya.jpg?alt=media&token=34bd824c-4f55-41d1-8dfe-8f29620e427d","https://www.flip.kz/catalog?prod=5712314","водные экстракты хвои и коры молодых веточек кедра (заготовлено в Забайкалье), пихты, сосны, ели (урочище Красивая поляна), вода с источника Красный Ключ.","взрослым по 1-3 ч. ложки мумиё развести в 20-100 мл. теплой воды. Детям в 2-3 раза меньше. Принимать 2-3...","Один литр концентрата готовится из 10 литров Таёжного мумиё, на приготовление которого используется 10 кг хвои ели, кедра и сосны. Стимулирует капиллярный кровоток, устраняет застой и способствует росту капилляров. Действует на восстановление эндотелия, укрепляет все 3 слоя стенок артерий и вен. Улучшает состояние кожи, омолаживает и предупреждает преждевременное её старение, защищает клетки от повреждающего действия свободных радикалов и перекистных продуктов. Улучшает тканевое дыхание, предотвращает тромбообразование, оказывает помощь в блокировании воспалительных процессов. Стимулирует лимфодренаж, помогает устранить отечность. Мумиё является мощным, источником всех водорастворимых витаминов, макро и микроэлементов, биологически активных веществ, что позволяет считать Таёжное мумиё Гордеева иммуностимулирующим и геронтологическим эффективным средством."
"p750","Травяные сборы 100 г","Пырей корневища","50 г","866",,,"Россия","24 месяца",,"",,"False","pyrei-kornevishcha","https://firebasestorage.googleapis.com/v0/b/travnik-5cc55.firebasestorage.app/o/products%2Fpyrei-kornevishcha.jpg?alt=media&token=779ccb1b-ffab-41cc-a046-f9cd0544c341","https://www.flip.kz/catalog?prod=5712357","пырея корневища",,"Пырей корневища  Корневища пырея ползучего — природная поддержка суставов и мягкого очищения организма. Пырей известен способностью выводить излишки солей и продуктов обмена, которые со временем накапливаются в суставах и мочевыводящей системе . Регулярная поддержка на его основе помогает снизить ощущение скованности, улучшить подвижность суставов и создать условия для естественного восстановления тканей. Активные компоненты корневищ способствуют мягкому диуретическому эффекту, поддерживают работу почек и помогают процессам выведения камней и песка, не перегружая организм . Одновременно пырей оказывает противовоспалительное действие, что важно при хронических нагрузках на суставы и возрастных изменениях. Натуральное средство для тех, кто делает ставку на физиологичное очищение, поддержку суставов и внутренний баланс без агрессивного вмешательства . Способ приготовления и применения: 1-3 ст. л. корней залить 0,2-0,5 л воды, довести до кипения, потомить 3-4 мин ,..."
"p751","Таблетки и капсулы","Капсулы для желудка и кишечника «Стомах»","30 капсул","4251",,"капсулы","Россия","24 месяца",,"",,"False","kapsuly-dlya-zheludka-i-kishechnika-stomakh","https://firebasestorage.googleapis.com/v0/b/travnik-5cc55.firebasestorage.app/o/products%2Fkapsuly-dlya-zheludka-i-kishechnika-stomakh.jpg?alt=media&token=84aaa4e6-83a2-4dce-92a4-79cf4b7c7084","https://www.flip.kz/catalog?prod=5721726","чага, подорожник, семена льна, семена расторопши, корень аира, корень лопуха, корень одуванчика, пижма, тысячелистник, ромашка, золотарник, золототысячник, календула. Вспомогательные компоненты: оболочка капсулы (желатин)",,"Натуральный фитокомплекс для комфортного пищеварения и здоровья ЖКТ. Мягкое, но эффективное решение для тех, кто устал от тяжести, вздутия и нестабильной работы кишечника. Сбор создан для системного восстановления желудочно-кишечного тракта и подходит для регулярного применения. Формула работает комплексно: • снижает воспаление; • восстанавливает микрофлору; • улучшает переваривание пищи; • поддерживает слизистую желудка и кишечника.  Как действует сбор • уменьшает дискомфорт, вздутие и ощущение тяжести после еды; • способствует восстановлению здоровой микрофлоры кишечника; • защищает и успокаивает слизистую желудка и кишечника; • нормализует процессы пищеварения при хронических заболеваниях ЖКТ.  Сила природных компонентов • чага  — снижает воспаление, поддерживает слизистую ЖКТ, способствует мягкому восстановлению; •  подорожник  — заживляющее и обволакивающее действие, защита слизистой желудка; •  семена льна  — улучшают..."
"p752","Таблетки и капсулы","Капсулы для желудка и кишечника «Стомах»","60 капсул","7689",,"капсулы","Россия","24 месяца",,"",,"False","kapsuly-dlya-zheludka-i-kishechnika-stomakh-2","https://firebasestorage.googleapis.com/v0/b/travnik-5cc55.firebasestorage.app/o/products%2Fkapsuly-dlya-zheludka-i-kishechnika-stomakh-2.jpg?alt=media&token=91ab08fe-9134-457f-8d46-dc8977283143","https://www.flip.kz/catalog?prod=5721768","чага, подорожник, семена льна, семена расторопши, корень аира, корень лопуха, корень одуванчика, пижма, тысячелистник, ромашка, золотарник, золототысячник, календула. Вспомогательные компоненты: оболочка капсулы (желатин)",,"Натуральный фитокомплекс для комфортного пищеварения и здоровья ЖКТ. Мягкое, но эффективное решение для тех, кто устал от тяжести, вздутия и нестабильной работы кишечника. Сбор создан для системного восстановления желудочно-кишечного тракта и подходит для регулярного применения. Формула работает комплексно: • снижает воспаление; • восстанавливает микрофлору; • улучшает переваривание пищи; • поддерживает слизистую желудка и кишечника.  Как действует сбор • уменьшает дискомфорт, вздутие и ощущение тяжести после еды; • способствует восстановлению здоровой микрофлоры кишечника; • защищает и успокаивает слизистую желудка и кишечника; • нормализует процессы пищеварения при хронических заболеваниях ЖКТ.  Сила природных компонентов • чага  — снижает воспаление, поддерживает слизистую ЖКТ, способствует мягкому восстановлению; •  подорожник  — заживляющее и обволакивающее действие, защита слизистой желудка; •  семена льна  — улучшают..."
"p753","Таблетки и капсулы","Травяные капсулы от кист «Кустис»","30 капсул","4631",,"капсулы","Россия","24 месяца",,"",,"False","travyanye-kapsuly-ot-kist-kustis","https://firebasestorage.googleapis.com/v0/b/travnik-5cc55.firebasestorage.app/o/products%2Ftravyanye-kapsuly-ot-kist-kustis.jpg?alt=media&token=d7be7bb6-6091-4b87-8893-90bdaa5894fe","https://www.flip.kz/catalog?prod=5723367","почки сосны, тысячелистник. Вспомогательные компоненты: оболочка капсулы (желатин)",,"Натуральная поддержка для профилактики и уменьшения кистозных образований. Растительная формула направленного действия , созданная для мягкой и регулярной поддержки организма. Средство разработано на основе экстрактов почек сосны и тысячелистника  — компонентов, известных своими антиоксидантными и регуляторными свойствами. Комплексно работает на: •  защиту клеток; •  поддержку обменных процессов; •  снижение риска кистообразования; •  общее самочувствие.  Как действует средство: • способствует снижению риска образования кист; • поддерживает естественные процессы регресса уже существующих кист; • оказывает антиоксидантное действие, защищая клетки от повреждений; • мягко поддерживает обмен веществ и общее состояние организма.  Сила активных компонентов: •  почки сосны  — источник биологически активных веществ с выраженным антиоксидантным и защитным действием; •  тысячелистник  — способствует регуляции внутренних процессов, поддерживает баланс..."
"p754","Таблетки и капсулы","Травяные капсулы от кист «Кустис»","60 капсул","9140",,"капсулы","Россия","24 месяца",,"",,"False","travyanye-kapsuly-ot-kist-kustis-2","https://firebasestorage.googleapis.com/v0/b/travnik-5cc55.firebasestorage.app/o/products%2Ftravyanye-kapsuly-ot-kist-kustis-2.jpg?alt=media&token=30e73f5a-9656-40d1-8bc8-29e220d9a25f","https://www.flip.kz/catalog?prod=5723374","почки сосны, тысячелистник. Вспомогательные компоненты: оболочка капсулы (желатин)",,"Натуральная поддержка для профилактики и уменьшения кистозных образований. Растительная формула направленного действия , созданная для мягкой и регулярной поддержки организма. Средство разработано на основе экстрактов почек сосны и тысячелистника  — компонентов, известных своими антиоксидантными и регуляторными свойствами. Комплексно работает на: •  защиту клеток; •  поддержку обменных процессов; •  снижение риска кистообразования; •  общее самочувствие.  Как действует средство: • способствует снижению риска образования кист; • поддерживает естественные процессы регресса уже существующих кист; • оказывает антиоксидантное действие, защищая клетки от повреждений; • мягко поддерживает обмен веществ и общее состояние организма.  Сила активных компонентов: •  почки сосны  — источник биологически активных веществ с выраженным антиоксидантным и защитным действием; •  тысячелистник  — способствует регуляции внутренних процессов, поддерживает баланс..."
"p755","Таблетки и капсулы","Противоопухолевые травяные капсулы «Онколит»","30 капсул","4631",,"капсулы","Россия","24 месяца",,"",,"False","protivoopukholevye-travyanye-kapsuly-onkolit","https://firebasestorage.googleapis.com/v0/b/travnik-5cc55.firebasestorage.app/o/products%2Fprotivoopukholevye-travyanye-kapsuly-onkolit.jpg?alt=media&token=525ff1e7-d092-49fb-9ff1-776d4b0df9dc","https://www.flip.kz/catalog?prod=5726488","лопух корень, чага гриб, чёрный орех, бессмертник, крапива, пижма, рейши гриб, шиитаке гриб, корень пырея, татарник, зверобой, клевер, корень одуванчика, рябина красная, спорыш, хвощ полевой, чертополох (расторопша). Вспомогательные компоненты: оболочка капсулы (желатин)",,"Комплексная фитоформула для защиты, поддержки и восстановления организма Мощная натуральная поддержка для профилактики и комплексного сопровождения при опухолевых процессах. Этот фитосбор создан как глубоко продуманная формула , работающая сразу по ключевым направлениям: • иммунитет; • противоопухолевая защита; • детоксикация; • нервная система; • печень и кровь. Как работает сбор Состав подобран так, чтобы: • активировать естественные механизмы противоопухолевого иммунитета; • снизить токсическую нагрузку на печень и организм в целом; • поддержать кровь, нервную систему и общее состояние; • помочь организму восстановиться в период и после химио-/лучевой терапии.  Сила компонентов: • чага — универсальная поддержка при всех видах опухолевых процессов, укрепляет организм и повышает устойчивость; • лопух, расторопша, бессмертник, пижма, корень одуванчика — мощный гепатопротекторный блок, поддержка печени и выведение токсинов, особенно при интоксикации и..."
"p756","Таблетки и капсулы","Противоопухолевые травяные капсулы «Онколит»","60 шт.","8414",,"капсулы","Россия","24 месяца",,"",,"False","protivoopukholevye-travyanye-kapsuly-onkolit-2","https://firebasestorage.googleapis.com/v0/b/travnik-5cc55.firebasestorage.app/o/products%2Fprotivoopukholevye-travyanye-kapsuly-onkolit-2.jpg?alt=media&token=f47dc1db-83cf-46ab-80e4-9b22bc5e329f","https://www.flip.kz/catalog?prod=5726603","лопух корень, чага гриб, чёрный орех, бессмертник, крапива, пижма, рейши гриб, шиитаке гриб, корень пырея, татарник, зверобой, клевер, корень одуванчика, рябина красная, спорыш, хвощ полевой, чертополох (расторопша). Вспомогательные компоненты: оболочка капсулы (желатин)",,"Комплексная фитоформула для защиты, поддержки и восстановления организма Мощная натуральная поддержка для профилактики и комплексного сопровождения при опухолевых процессах. Этот фитосбор создан как глубоко продуманная формула , работающая сразу по ключевым направлениям: • иммунитет; • противоопухолевая защита; • детоксикация; • нервная система; • печень и кровь. Как работает сбор Состав подобран так, чтобы: • активировать естественные механизмы противоопухолевого иммунитета; • снизить токсическую нагрузку на печень и организм в целом; • поддержать кровь, нервную систему и общее состояние; • помочь организму восстановиться в период и после химио-/лучевой терапии.  Сила компонентов: • чага — универсальная поддержка при всех видах опухолевых процессов, укрепляет организм и повышает устойчивость; • лопух, расторопша, бессмертник, пижма, корень одуванчика — мощный гепатопротекторный блок, поддержка печени и выведение токсинов, особенно при интоксикации и..."
"p757","Таблетки и капсулы","Панкреас при диабете и панкреатите","30 капсул","4130",,"капсулы","Россия","24 месяца",,"",,"False","pankreas-pri-diabete-i-pankreatite","https://firebasestorage.googleapis.com/v0/b/travnik-5cc55.firebasestorage.app/o/products%2Fpankreas-pri-diabete-i-pankreatite.jpg?alt=media&token=3f1bdf08-652e-4a33-bf9c-cc47d94a7d08","https://www.flip.kz/catalog?prod=5729610","галега лекарственная, топинамбур, кукурузный волос, стручки фасоли зеленой, овёс, побеги черники обыкновенной. Вспомогательные компоненты: оболочка капсулы (желатин)",,"Травяные капсулы «Панкреас» от бренда «Древний Лекарь» Натуральная поддержка поджелудочной железы и углеводного обмена, разработанная специально для людей с нарушениями работы поджелудочной железы и склонностью к повышению уровня сахара в крови. Формула действует комплексно: •  Контроль сахара; •  Поддержка обмена веществ; •  Помощь поджелудочной; •  Профилактика осложнений. Как работает комплекс: • Способствует нормализации уровня глюкозы в крови; • Поддерживает функцию поджелудочной железы; • Улучшает метаболические процессы; • Стимулирует работу пищеварительных желёз; • Мягко поддерживает ЖКТ при хронических состояниях. Активные растительные компоненты: •  Галега лекарственная — традиционно применяется для поддержки углеводного обмена и снижения уровня сахара. •  Топинамбур — источник инулина, способствует нормализации гликемии и улучшению метаболизма. •  Кукурузный волос — поддерживает желчеотток, снижает нагрузку на поджелудочную..."
"p758","Таблетки и капсулы","Панкреас. При диабете и панкреатите","60 шт.","7689",,"капсулы","Россия","24 месяца",,"",,"False","pankreas-pri-diabete-i-pankreatite-2","https://firebasestorage.googleapis.com/v0/b/travnik-5cc55.firebasestorage.app/o/products%2Fpankreas-pri-diabete-i-pankreatite-2.jpg?alt=media&token=6ccc5683-429b-4bef-95f5-566b947c5dd5","https://www.flip.kz/catalog?prod=5729611","галега лекарственная, топинамбур, кукурузный волос, стручки фасоли зеленой, овёс, побеги черники обыкновенной. Вспомогательные компоненты: оболочка капсулы (желатин)",,"Травяные капсулы «Панкреас» от бренда «Древний Лекарь» Натуральная поддержка поджелудочной железы и углеводного обмена, разработанная специально для людей с нарушениями работы поджелудочной железы и склонностью к повышению уровня сахара в крови. Формула действует комплексно: •  Контроль сахара; •  Поддержка обмена веществ; •  Помощь поджелудочной; •  Профилактика осложнений. Как работает комплекс: • Способствует нормализации уровня глюкозы в крови; • Поддерживает функцию поджелудочной железы; • Улучшает метаболические процессы; • Стимулирует работу пищеварительных желёз; • Мягко поддерживает ЖКТ при хронических состояниях. Активные растительные компоненты: •  Галега лекарственная — традиционно применяется для поддержки углеводного обмена и снижения уровня сахара. •  Топинамбур — источник инулина, способствует нормализации гликемии и улучшению метаболизма. •  Кукурузный волос — поддерживает желчеотток, снижает нагрузку на поджелудочную..."
"p759","Таблетки и капсулы","Фитокапсулы для печени «Пещь»","30 капсул","4528",,"капсулы","Россия","24 месяца",,"",,"False","fitokapsuly-dlya-pecheni-peshch","https://firebasestorage.googleapis.com/v0/b/travnik-5cc55.firebasestorage.app/o/products%2Ffitokapsuly-dlya-pecheni-peshch.jpg?alt=media&token=bc613171-2be7-42b3-83e9-e77dd09776d9","https://www.flip.kz/catalog?prod=5729616","лопух корень, пырей, репешок, пижма, тысячелистник, расторопша, лён, одуванчик корень, корень цикория, календула, шиповник. Вспомогательные компоненты: оболочка капсулы (желатин)",,"Травяные капсулы «Пещь» Поддержка печени и естественное очищение организма. Натуральный растительный комплекс для мягкой поддержки печени, детокс-функций организма и нормализации пищеварения. Подходит для курсового и регулярного применения. Действие комплекса: •  поддержка печени •  помощь в выведении токсинов •  поддержка обмена веществ •  забота о ЖКТ  Как действует: • Способствует поддержанию клеток печени; • Помогает организму справляться с продуктами обмена; • Поддерживает нормальный желчеотток; • Снижает нагрузку на печень при образе жизни с повышенным стрессом; • Подходит в период приёма медикаментов*. Не является лекарственным средством.  Натуральный состав • Формула содержит 10 растительных компонентов, традиционно используемых для поддержки печени и пищеварительной системы: • Расторопша — источник силимарина, поддержка функций печени • Корень одуванчика — поддержка желчеоттока • Пижма и тысячелистник — поддержка ЖКТ • Лён —..."
"p760","Таблетки и капсулы","Фитокапсулы для печени «Пещь»","60 шт.","7153",,"капсулы","Россия","24 месяца",,"",,"False","fitokapsuly-dlya-pecheni-peshch-2","https://firebasestorage.googleapis.com/v0/b/travnik-5cc55.firebasestorage.app/o/products%2Ffitokapsuly-dlya-pecheni-peshch-2.jpg?alt=media&token=70e943c6-ea07-4afc-8c47-d19fea3072fb","https://www.flip.kz/catalog?prod=5729620","лопух корень, пырей, репешок, пижма, тысячелистник, расторопша, лён, одуванчик корень, корень цикория, календула, шиповник. Вспомогательные компоненты: оболочка капсулы (желатин)",,"Травяные капсулы «Пещь» Поддержка печени и естественное очищение организма. Натуральный растительный комплекс для мягкой поддержки печени, детокс-функций организма и нормализации пищеварения. Подходит для курсового и регулярного применения. Действие комплекса: •  поддержка печени •  помощь в выведении токсинов •  поддержка обмена веществ •  забота о ЖКТ  Как действует: • Способствует поддержанию клеток печени; • Помогает организму справляться с продуктами обмена; • Поддерживает нормальный желчеотток; • Снижает нагрузку на печень при образе жизни с повышенным стрессом; • Подходит в период приёма медикаментов*. Не является лекарственным средством.  Натуральный состав • Формула содержит 10 растительных компонентов, традиционно используемых для поддержки печени и пищеварительной системы: • Расторопша — источник силимарина, поддержка функций печени • Корень одуванчика — поддержка желчеоттока • Пижма и тысячелистник — поддержка ЖКТ • Лён —..."
"p761","Таблетки и капсулы","Травяные капсулы «Сердечный друг»","30 капсул","3699",,"капсулы","Россия","24 месяца",,"","0","False","travyanye-kapsuly-serdechnyi-drug","https://firebasestorage.googleapis.com/v0/b/travnik-5cc55.firebasestorage.app/o/products%2Ftravyanye-kapsuly-serdechnyi-drug.jpg?alt=media&token=7d0d9edb-86d0-4c54-8478-4bb51fffe541","https://www.flip.kz/catalog?prod=5771147","Астрагал, плод боярышника, бессмертник, пустырник, хмель, золотарник, кипрей, сушеница топяная, пижма, спорыш, календула, репешок, лист берёзы, лист дуба, мокрица, желатин (оболочка капсулы)",,"«Сердечный друг» — натуральный фитокомплекс для поддержки сердца и сосудов. Формула на основе проверенных лекарственных трав помогает мягко и системно поддерживать сердечно-сосудистую систему без химии и агрессивного воздействия.   Ключевые преимущества:  100% натуральный состав — астрагал, боярышник, пустырник и другие травы без красителей, талька и консервантов;  комплексное действие — поддержка работы сердца, сосудов и кровообращения;  поддержка при повышенном давлении — способствует мягкой нормализации показателей;  удобный формат — всего 1 капсула 1–2 раза в день;  гипоаллергенно — подходит для длительных курсов;  срок хранения до 2 лет — стабильность и сохранность полезных свойств.  Дозировка: 500 мг — оптимальная концентрация для ежедневного применения.  Показания: • профилактика рисков сердечно-сосудистых заболеваний; • в составе комплексной терапии при нарушениях работы сердца и сосудов; • повышенное артериальное давление. ..."
"p762","Таблетки и капсулы","Травяные капсулы «Сердечный друг»","60 капсул","7239",,"капсулы","Россия","24 месяца",,"",,"False","travyanye-kapsuly-serdechnyi-drug-2","https://firebasestorage.googleapis.com/v0/b/travnik-5cc55.firebasestorage.app/o/products%2Ftravyanye-kapsuly-serdechnyi-drug-2.jpg?alt=media&token=7d57df9a-98c4-4d4c-b3a7-645c30d189fa","https://www.flip.kz/catalog?prod=5771170","Астрагал, плод боярышника, бессмертник, пустырник, хмель, золотарник, кипрей, сушеница топяная, пижма, спорыш, календула, репешок, лист берёзы, лист дуба, мокрица, желатин (оболочка капсулы)",,"«Сердечный друг» — натуральный фитокомплекс для поддержки сердца и сосудов. Формула на основе проверенных лекарственных трав помогает мягко и системно поддерживать сердечно-сосудистую систему без химии и агрессивного воздействия.   Ключевые преимущества:  100% натуральный состав — астрагал, боярышник, пустырник и другие травы без красителей, талька и консервантов;  комплексное действие — поддержка работы сердца, сосудов и кровообращения;  поддержка при повышенном давлении — способствует мягкой нормализации показателей;  удобный формат — всего 1 капсула 1–2 раза в день;  гипоаллергенно — подходит для длительных курсов;  срок хранения до 2 лет — стабильность и сохранность полезных свойств.  Дозировка: 500 мг — оптимальная концентрация для ежедневного применения.  Показания: • профилактика рисков сердечно-сосудистых заболеваний; • в составе комплексной терапии при нарушениях работы сердца и сосудов; • повышенное артериальное давление. ..."
"p763","Таблетки и капсулы","Травяные капсулы «Тройчатка гинекологическая»","30 капсул","5581",,"капсулы","Россия","24 месяца",,"",,"False","travyanye-kapsuly-troichatka-ginekologicheskaya","https://firebasestorage.googleapis.com/v0/b/travnik-5cc55.firebasestorage.app/o/products%2Ftravyanye-kapsuly-troichatka-ginekologicheskaya.jpg?alt=media&token=1d174628-05c2-48eb-829e-5adfb79b9427","https://www.flip.kz/catalog?prod=5771173","Листья ортилии однобокой (боровая матка), грушанки круглолистной, зимолюбки зонтичной, желатин (оболочка капсулы)","взрослым принимать по...","«Тройчатка гинекологическая» — специализированный фитокомплекс для поддержки женского здоровья. Разработан для мягкого и системного воздействия при гинекологических нарушениях, гормональном дисбалансе и воспалительных процессах.   Действие и преимущества:  натуральная формула — боровая матка, грушанка и зимолюбка;  противовоспалительное действие — поддержка при хронических и острых процессах;  регуляция менструального цикла — помощь при сбоях и ПМС;  поддержка репродуктивной функции — применяется при бесплодии и спаечных процессах;  чистый состав — без талька, парабенов и аммиака;  удобный прием — 1–2 капсулы в день.  Дозировка: 500 мг.  Показания: • фиброма и миома матки; • спаечные процессы; • бесплодие; • эрозия шейки матки; • нарушения менструального цикла, ПМС; • маточные кровотечения; • сальпингиты; • цистит, пиелонефрит.  Противопоказания: индивидуальная непереносимость компонентов."
"p764","Таблетки и капсулы","Травяные капсулы «Тройчатка гинекологическая»","60 капсул","9743",,"капсулы","Россия","24 месяца",,"","0","False","travyanye-kapsuly-troichatka-ginekologicheskaya-2","https://firebasestorage.googleapis.com/v0/b/travnik-5cc55.firebasestorage.app/o/products%2Ftravyanye-kapsuly-troichatka-ginekologicheskaya-2.jpg?alt=media&token=b748839a-6710-416a-a463-6047ded50a2d","https://www.flip.kz/catalog?prod=5771180","Листья ортилии однобокой (боровая матка), грушанки круглолистной, зимолюбки зонтичной, желатин (оболочка капсулы)","взрослым принимать по...","«Тройчатка гинекологическая» — специализированный фитокомплекс для поддержки женского здоровья. Разработан для мягкого и системного воздействия при гинекологических нарушениях, гормональном дисбалансе и воспалительных процессах.   Действие и преимущества:  натуральная формула — боровая матка, грушанка и зимолюбка;  противовоспалительное действие — поддержка при хронических и острых процессах;  регуляция менструального цикла — помощь при сбоях и ПМС;  поддержка репродуктивной функции — применяется при бесплодии и спаечных процессах;  чистый состав — без талька, парабенов и аммиака;  удобный прием — 1–2 капсулы в день.  Дозировка: 500 мг.  Показания: • фиброма и миома матки; • спаечные процессы; • бесплодие; • эрозия шейки матки; • нарушения менструального цикла, ПМС; • маточные кровотечения; • сальпингиты; • цистит, пиелонефрит.  Противопоказания: индивидуальная непереносимость компонентов."
"p765","Таблетки и капсулы","Успокаивающие травяные капсулы «Увер»","30 капсул","4044",,"капсулы","Россия","24 месяца",,"",,"False","uspokaivayushchie-travyanye-kapsuly-uver","https://firebasestorage.googleapis.com/v0/b/travnik-5cc55.firebasestorage.app/o/products%2Fuspokaivayushchie-travyanye-kapsuly-uver.jpg?alt=media&token=dd714baa-20b1-46c2-8248-2891704d3328","https://www.flip.kz/catalog?prod=5771190","пустырник трава, валерьяна корень, мелисса, пион, душица, плод боярышника, синюха голубая, зверобой. Вспомогательные компоненты: оболочка капсулы (желатин)",,"«Увер» — натуральный фитокомплекс для поддержки нервной системы и эмоционального баланса. Создан для людей, живущих в режиме стресса, переутомления и постоянной умственной нагрузки. Мягко успокаивает, улучшает сон и снижает внутреннее напряжение без привыкания.   Основные эффекты:  Снижение раздражительности и эмоционального напряжения;  Улучшение качества сна и облегчение засыпания;  Восстановление после переутомления;  Поддержка нервной системы при стрессах и психоэмоциональных нагрузках;  Помощь при климактерических расстройствах.  Преимущества: • комплекс из 8 лекарственных растений; • натуральное успокоительное без химии; • без красителей, талька и синтетических добавок; • подходит для регулярного и курсового применения.  Дозировка: 500 мг.  Форма выпуска: 30 капсул. Удобно хранить и брать с собой.  Показания: • раздражительность; • эмоциональная лабильность; • нарушения сна; • переутомление; • климактерические расстройства; •..."
"p766","Таблетки и капсулы","Успокаивающие травяные капсулы «Увер»","60 капсул","7844",,"капсулы","Россия","24 месяца",,"",,"False","uspokaivayushchie-travyanye-kapsuly-uver-2","https://firebasestorage.googleapis.com/v0/b/travnik-5cc55.firebasestorage.app/o/products%2Fuspokaivayushchie-travyanye-kapsuly-uver-2.jpg?alt=media&token=9a04bc43-33a1-44c1-a326-7a82ca661510","https://www.flip.kz/catalog?prod=5771194","пустырник трава, валерьяна корень, мелисса, пион, душица, плод боярышника, синюха голубая, зверобой. Вспомогательные компоненты: оболочка капсулы (желатин)",,"«Увер» — натуральный фитокомплекс для поддержки нервной системы и эмоционального баланса. Создан для людей, живущих в режиме стресса, переутомления и постоянной умственной нагрузки. Мягко успокаивает, улучшает сон и снижает внутреннее напряжение без привыкания.   Основные эффекты:  Снижение раздражительности и эмоционального напряжения;  Улучшение качества сна и облегчение засыпания;  Восстановление после переутомления;  Поддержка нервной системы при стрессах и психоэмоциональных нагрузках;  Помощь при климактерических расстройствах.  Преимущества: • комплекс из 8 лекарственных растений; • натуральное успокоительное без химии; • без красителей, талька и синтетических добавок; • подходит для регулярного и курсового применения.  Дозировка: 500 мг.  Форма выпуска: 60 капсул (6 блистеров по 10 капсул). Удобно хранить и брать с собой.. Удобно хранить и брать с собой.  Показания: • раздражительность; • эмоциональная лабильность; • нарушения..."
"p767","Таблетки и капсулы","Травяные капсулы для сосудов «Чистое русло»","30 капсул","3699",,"капсулы","Россия","24 месяца",,"",,"False","travyanye-kapsuly-dlya-sosudov-chistoe-ruslo","https://firebasestorage.googleapis.com/v0/b/travnik-5cc55.firebasestorage.app/o/products%2Ftravyanye-kapsuly-dlya-sosudov-chistoe-ruslo.jpg?alt=media&token=89c57d2e-be91-44f6-9109-5af0798dcf69","https://www.flip.kz/catalog?prod=5771199","софора японская, скорлупа кедрового ореха, клевер, астрагал, пустырник, кора лиственницы, лабазник. Вспомогательные компоненты: оболочка капсулы (желатин)",,"«Чистое русло» — поддержка сосудов и здоровья крови. «Чистое русло» — натуральный фитокомплекс для поддержки сосудистой системы и нормализации кровообращения. Формула направлена на укрепление сосудов, улучшение микроциркуляции и снижение рисков возрастных сосудистых изменений.   Основное действие:  укрепляет стенки сосудов и повышает их эластичность;  улучшает микроциркуляцию и кровоток;  поддерживает мозговое и коронарное кровообращение;  снижает воспалительные процессы в сосудистой системе;  подходит для профилактики и восстановительных периодов.  Преимущества: • комплекс из лекарственных растений с синергетическим действием; • мягкое воздействие без агрессивных компонентов; • без красителей, талька и искусственных добавок; • подходит для регулярного курсового применения.  Дозировка: 500 мг.  Показания: • атеросклероз; • профилактика атеросклероза; • профилактика нарушений мозгового кровообращения; • профилактика нарушений коронарного..."
"p768","Травяные сборы 100 г","Гинекологический противоопухолевый сбор","100 г","2075",,,"Россия","24 месяца",,"",,"False","ginekologicheskii-protivoopukholevyi-sbor","https://firebasestorage.googleapis.com/v0/b/travnik-5cc55.firebasestorage.app/o/products%2Fginekologicheskii-protivoopukholevyi-sbor.jpg?alt=media&token=9261b1a1-d202-43d6-a25b-d535abb4c99c","https://www.flip.kz/catalog?prod=5771226","березы листья; володушки, горца птичьего, гречихи дербенника, зверобоя, зюзника, манжетки, мокрицы, первоцвета, сурепки, тысячелистника, хвоща, чистотела, шалфея, ярутки трава; ольхи почки; осины кора; чага",,"Женский травяной сбор для здоровья малого таза Фито чай для женщин — натуральный травяной комплекс, разработанный для поддержки женской репродуктивной системы. Эффективен при гиперпластических процессах, миомах, эндометриозе, фибромиомах и варикозных изменениях сосудов матки.   Основные эффекты •  нормализация работы органов малого таза •  поддержка при гиперплазии эндометрия и эндометриозе •  замедление и остановка роста доброкачественных новообразований •  снижение кровоснабжения органов малого таза для уменьшения опухолей •  поддержка состояния при злокачественных новообразованиях матки, маточных труб и яичников •  регулирование гормонального фона и снижения ФСГ  Преимущества:  полностью натуральный состав  мягкое воздействие без химии  подходит для регулярного употребления  поддержка даже при сложных гинекологических состояниях  Показания  гиперпластические процессы органов малого таза  эндометриоз  доброкачественные..."
"p769","Чайные напитки","Татарский традиционный чай","70 г","1505",,"среднелистовой","Россия","24 месяца",,"",,"False","tatarskii-traditsionnyi-chai-2","https://firebasestorage.googleapis.com/v0/b/travnik-5cc55.firebasestorage.app/o/products%2Ftatarskii-traditsionnyi-chai-2.jpg?alt=media&token=1701dced-4fa9-4162-84a4-c9d16d444cb1","https://www.flip.kz/catalog?prod=5784954","Трава душицы (мәтрүшкә үләне), чабреца (кияү үләне), мелиссы (мелисса үләне); плоды шиповника (гөлҗимеш); листья малины (кура җиләк яфрагы), смородины (карлыган яфрагы), сагандайля (сагандайля яфрагы), бадана; чага; черный чай (кара чәй)",,"« Чайный стол — душа семьи », — говорят татары, подчёркивая особую роль чая в семейных и праздничных традициях. Ни одно важное событие — свадьба, рождение ребёнка, сабантуй  — не обходится без чаепития. Чай пьют из маленьких чашек, чтобы он не успевал остыть, а беседа за столом продолжается, пока хозяйка подаёт всё новые чашки со свежезаваренным чаем. Издревле татары предпочитают чай с  травами, ягодами и фруктами . Среди народа бытует поговорка: «Зверобой от шестидесяти болезней, душица — от семидесяти болезней» .  Способ приготовления: ополоснуть заварочный чайник горячей водой. Засыпать чай из расчёта 1 чайная ложка на чашку воды + 1 чайная ложка на чайник . Залить кипятком и настоять 5 минут . Назначение: для ежедневного чаепития, семейных встреч и праздничного стола."
"p772","Травяные сборы 100 г","Липы цветки","","2420",,,"Россия","24 месяца",,"",,"False","lipy-tsvetki","https://firebasestorage.googleapis.com/v0/b/travnik-5cc55.firebasestorage.app/o/products%2Flipy-tsvetki.jpg?alt=media&token=d3458a51-233c-41db-9b58-c9467f469ba3","https://www.flip.kz/catalog?prod=5959632","липы цветки",,"Ищете проверенное временем и подкрепленное современной наукой натуральное средство для здоровья всей семьи? Встречайте — легендарный липовый цвет, собранный вручную и высушенный в идеальных условиях для сохранения всей силы природы. ПОЧЕМУ ЛИПА — ВАША ДОМАШНЯЯ ФИТОАПТЕКА? Наши цельные цветки липы — это не просто ароматный напиток, а мощный природный комплекс. Научные исследования подтверждают наличие в их составе уникальных активных соединений, которые помогают организму справляться с самыми разными недугами. 1. МОЩНЫЙ УДАР ПО ПРОСТУДЕ И ТЕМПЕРАТУРЕ Забудьте о высокой температуре и изнуряющем кашле. Липовый чай — это: Природный жаропонижающий и потогонный бустер: Флавоноиды (кверцетин, кемпферол) и эфирные масла (например, фарнезол) в составе липы способствуют расширению сосудов и активизации потоотделения, что помогает организму быстро и мягко сбить температуру. Противокашлевая и отхаркивающая помощь: Содержащаяся в цветках слизь мягко обволакивает раздраженные..."
"p773","Травяные сборы 100 г","Аронии (черноплодной рябины) плоды","100 г","1332",,"плоды","Россия","24 месяца",,"",,"False","aronii-chernoplodnoi-ryabiny-plody","https://firebasestorage.googleapis.com/v0/b/travnik-5cc55.firebasestorage.app/o/products%2Faronii-chernoplodnoi-ryabiny-plody.jpg?alt=media&token=1d04dfe1-8eaa-4452-89cd-f7c3d632ecbb","https://www.flip.kz/catalog?prod=6029946","сушеные плоды аронии черноплодной 100%",,"1. Заголовок Плоды аронии (черноплодная рябина) сушеные 100г — натуральный контроль давления и укрепление сосудов Природная поддержка при гипертонии и атеросклерозе. Концентрат витаминов P, C и йода для эластичности сосудов и чистой крови без лишней химии. Мягкое снижение давления: Спазмолитическое действие ягод помогает стабилизировать АД без резких скачков. Чистые и крепкие сосуды: Укрепляет стенки капилляров и снижает риск образования тромбов при атеросклерозе и тромбофлебите. Йод для щитовидной железы: Восполняет дефицит микроэлементов, помогая при профилактике зоба. Ясность ума: Улучшает кровоток в мозге, устраняя шум в ушах и поддерживая память. В чем преимущество перед другими производителями: Контроль качества: Соответствует стандарту СТО 0088418944-005-2021. 100% Натурально: Только цельные ягоды, без добавления сахара и консервантов. Прозрачность:..."
"p774","Травяные сборы 100 г","Зимолюбки зонтичной трава","50 г","2991",,,"Россия","24 месяца",,"",,"False","zimolyubki-zontichnoi-trava","https://firebasestorage.googleapis.com/v0/b/travnik-5cc55.firebasestorage.app/o/products%2Fzimolyubki-zontichnoi-trava.jpg?alt=media&token=055604ad-eca0-4ab1-80c7-9f44e861fc5c","https://www.flip.kz/catalog?prod=6030769",,,"Природная помощь при воспалениях и отеках Чистые почки и мочевой пузырь: Содержит арбутин, который блокирует размножение бактерий при цистите и пиелонефрите, облегчая состояние уже с первых дней приема. Легкость без отеков: Обладает мягким диуретическим эффектом — выводит лишнюю воду, избавляя от «мешков» под глазами и тяжести в ногах, не перегружая сердце. Поддержка мужского здоровья: Снимает воспаление и отек тканей при аденоме простаты, помогая восстановить нормальный ритм жизни и здоровый сон. Редкий моно-состав: В отличие от аптечных сборов, здесь только чистая зимолюбка в высокой концентрации — вы платите за действующее вещество, а не за дешевые наполнители. Простой способ применения для максимального эффекта Приготовление настоя: 1–2 столовые ложки травы залить 0,2–0,3 л кипятка (примерно один стакан). Настаивание:..."
"p775","Без категории","Укропное семя","45 г","1677",,,"Россия","24 месяца",,"",,"False","ukropnoe-semya","https://firebasestorage.googleapis.com/v0/b/travnik-5cc55.firebasestorage.app/o/products%2Fukropnoe-semya.jpg?alt=media&token=755eb7f1-784e-4c97-b9d9-0ddbd9982645","https://www.flip.kz/catalog?prod=6048859","100% семена укропа",,"Природная аптека для всей семьи Легкость пищеварения: Эффективное ветрогонное средство, которое быстро снимает спазмы в животе, успокаивает колики и нормализует аппетит. Поддержка сердца и сосудов: Помогает при гипертонии I–II степеней и коронарной недостаточности, способствует профилактике приступов стенокардии. Здоровый сон и спокойствие: Мягко воздействует на нервную систему, помогая справиться с бессонницей и накопленным стрессом. Очищение и детокс: Работает как мягкое мочегонное и легкое слабительное, помогая организму избавляться от лишней жидкости и токсинов. Забота о маме и коже: Обладает лактогенным эффектом, а наружно помогает при воспалениях кожи и глазных заболеваниях. Рецепт целебного настоя Заваривание: 1 столовую ложку плодов залить стаканом горячей кипяченой воды. Водяная баня: Нагревать на водяной бане 15 минут, часто помешивая. Подготовка: Остудить, отжать и..."
"p776","Без категории","Тмина плоды","50 г","2092",,,"Россия","24 месяца",,"",,"False","tmina-plody","https://firebasestorage.googleapis.com/v0/b/travnik-5cc55.firebasestorage.app/o/products%2Ftmina-plody.jpg?alt=media&token=2fd226d1-5b34-4b13-a279-0030dc4ecd36","https://www.flip.kz/catalog?prod=6048870","100% семена тмина",,"Откройте для себя двойную пользу тмина: идеальная пряность для ваших блюд и мощный природный помощник для здоровья. Тмин эффективно устраняет тяжесть в желудке, снимает спазмы и вздутие, а также является ценным источником эфирных масел для укрепления иммунитета. 100% натуральный цельный плод высшего качества. Здоровье и вкус в каждой зернышке Комфорт пищеварения: Оказывает мощное ветрогонное и спазмолитическое действие. Быстро избавляет от метеоризма, брожения в кишечнике и желудочных колик. Желчегонный эффект: Стимулирует работу печени и желчного пузыря, улучшая усвоение тяжелой и жирной пищи. Кулинарный шедевр: Незаменимая специя для выпечки хлеба, закваски капусты, приготовления мясных блюд и соусов. Придает еде неповторимый пряный аромат. Поддержка кормящих мам: Обладает выраженным лактогонным свойством, увеличивая количество и качество грудного молока. Природный антисептик: Эфирные масла тмина подавляют развитие..."
"p777","Травяные сборы 100 г","Калины плоды","","1263",,"плоды","Россия","24 месяца",,"",,"False","kaliny-plody","https://firebasestorage.googleapis.com/v0/b/travnik-5cc55.firebasestorage.app/o/products%2Fkaliny-plody.jpg?alt=media&token=bb78ad46-c1d6-4fbb-aca6-9430f7035074","https://www.flip.kz/catalog?prod=6049099","плоды калины 100%",,"Природная аптечка в каждой ягоде Сушеные плоды калины от Фитоцентра Гордеева — это источник витаминов C и K, созданный самой природой для вашей бодрости и долголетия. Почему стоит выбрать калину? Здоровое сердце и сосуды: Обладает гипотензивным и спазмолитическим действием, помогая мягко нормализовать давление и укрепить капилляры. Крепкий иммунитет: Выраженный потогонный и общетонизирующий эффект незаменим в сезон простуд для быстрого восстановления организма. Забота о пищеварении: Традиционно применяется при язвенной болезни желудка и кишечника, оказывая мягкую поддержку слизистым. Детокс-эффект: Обладает легким диуретическим (мочегонным) свойством, помогая организму избавляться от лишней жидкости и токсинов. Простой способ приготовления Заваривание: 1–2 ст. л. плодов залить 0,2–0,3 л воды. Томление: Довести до кипения и потомить на слабом огне 3–4 минуты...."
"p778","Травяные сборы 100 г","Погремка трава","50 г","831",,,"Россия","24 месяца",,"",,"False","pogremka-trava","https://firebasestorage.googleapis.com/v0/b/travnik-5cc55.firebasestorage.app/o/products%2Fpogremka-trava.jpg?alt=media&token=89860d34-5f69-4181-bcf6-1004a8dc4152","https://www.flip.kz/catalog?prod=6049119",,,"Погремок (трава) — природная помощь при головной боли и очищении организма Трава погремка от Фитоцентра Гордеева — это редкое и ценное растение, обладающее мощным воздействием на сосудистую систему и обменные процессы. Чистый моно-состав для тех, кто ищет эффективное натуральное решение. Почему стоит выбрать погремок? Свобода от головной боли: Настой растения эффективно снимает спазмы сосудов, помогая быстро справиться с мигренью и тяжестью в голове. Нормализация кровотока: Уникальное свойство погремка — улучшение притока артериальной крови, что важно для питания тканей и общего тонуса. Поддержка при зависимостях: Отвар травы традиционно используется в качестве вспомогательного средства при лечении алкоголизма, снижая тягу и помогая организму в детоксикации. Очищение и антисептика: Применяется в народной медицине для борьбы со специфическими инфекциями и общего очищения лимфы. Способ..."
"p779","Травяные сборы 100 г","Сбор трав «Катаракты нет»","50 г","1176",,,"Россия","24 месяца",,"",,"False","sbor-trav-katarakty-net","https://firebasestorage.googleapis.com/v0/b/travnik-5cc55.firebasestorage.app/o/products%2Fsbor-trav-katarakty-net.jpg?alt=media&token=e8061ced-4b9e-4b64-bf8c-db09c4229f3a","https://www.flip.kz/catalog?prod=6049194","березы листья; василистника, василька, горца птичьего, гречихи, дербенника, золотарника, льнянки, очанки, первоцвета, таволги, шикши трава; сабельника корневища",,"Чайный напиток «Катаркты нет» (серия Иремель №36) — природная поддержка вашего зрения Верните взгляду четкость и ясность с помощью силы алтайских и башкирских трав. Сбор «Катаркты нет» от Фитоцентра Гордеева разработан специально для комплексной поддержки здоровья глаз при возрастных изменениях и повышенных нагрузках на зрение. Почему этот сбор эффективен? Профилактика помутнения хрусталика: Уникальное сочетание очанки, василька и шикши помогает замедлить дегенеративные процессы и сохранить прозрачность хрусталика. Улучшение микроциркуляции: Листья березы, золотарник и таволга способствуют очищению сосудов и улучшению кровоснабжения тканей глаза. Питание и укрепление: Травы первоцвета, гречихи и дербенника насыщают орган зрения необходимыми микроэлементами и антиоксидантами. Снятие усталости: Компоненты сбора помогают устранить чувство «песка» и напряжения в глазах после работы за компьютером...."
"p780","Травяные сборы 100 г","Панцерии шерстистой трава","","1349",,,"Россия","24 месяца",,"",,"False","pantserii-sherstistoi-trava","https://firebasestorage.googleapis.com/v0/b/travnik-5cc55.firebasestorage.app/o/products%2Fpantserii-sherstistoi-trava.jpg?alt=media&token=bf42b227-186d-4e87-bf94-591633e90fca","https://www.flip.kz/catalog?prod=6049322",,,"Панцерия шерстистая (трава) — природный кардиопротектор и мягкое успокаивающее Откройте для себя силу Травник Гордеев . Трава панцерии — это уникальное растение, которое эффективно поддерживает сердце и успокаивает нервную систему без лишней химии. Идеальный выбор для тех, кто ценит спокойствие и стабильный ритм жизни. Почему стоит выбрать Панцерию? Здоровое сердце и давление: Оказывает гипотензивное и антиаритмическое действие, помогая при гипертонии, стенокардии и кардионеврозах. Антистресс-эффект: Эффективно снижает повышенную нервную возбудимость, помогает при мигренях и облегчает состояние в период климакса. Забота о ЖКТ: Снимает спастические колиты и помогает при неврозах желудка и кишечника, возвращая комфорт пищеварению. Чистый моно-состав: 100% натуральная трава панцерии шерстистой высшего качества. Способ приготовления и приема: Заваривание: 1 столовую ложку травы залить 0,2 л..."
"p781","Мази и кремы","При витилиго бальзам летний","30 мл","2110",,"масло","Россия","24 месяца",,"",,"False","pri-vitiligo-balzam-letnii","https://firebasestorage.googleapis.com/v0/b/travnik-5cc55.firebasestorage.app/o/products%2Fpri-vitiligo-balzam-letnii.jpg?alt=media&token=bfc88396-06da-4c7e-81be-bdb62a9d4cd7","https://www.flip.kz/catalog?prod=6049329",,,"Масло для восстановления пигмента при витилиго (летний период) Специализированное средство на основе густых масляных экстрактов, разработанное для естественного восстановления пигментации кожи в период высокой солнечной активности. Состав направлен на защиту депигментированных участков и стимуляцию работы меланоцитов. Преимущества и особенности действия: Эффективность в летний период: Формула адаптирована для использования летом, когда кожа наиболее подвержена воздействию ультрафиолета. Совместимость с фототерапией: Масло идеально подходит для применения в ходе аппаратного лечения, включая облучение узкополосными лампами (Уфб-311 нм). Мощный растительный комплекс: Масляные экстракты чистотела, зверобоя (зюзника), золотарника и корней крапивы способствуют накоплению пигмента в пораженных зонах. Защита и питание: Хвоя ели и сосны в сочетании с корнем пиона успокаивают кожу и укрепляют ее защитный барьер...."
"p782","Травяные сборы 100 г","Грецкого ореха лист","50 г","745",,,"Россия","24 месяца",,"",,"False","gretskogo-orekha-list","https://firebasestorage.googleapis.com/v0/b/travnik-5cc55.firebasestorage.app/o/products%2Fgretskogo-orekha-list.jpg?alt=media&token=1ca0281e-54e2-4577-b348-8a850ea71f95","https://www.flip.kz/catalog?prod=6089543","листья грецкого ореха 100%",,"Грецкий орех лист Фитоцентр Гордеева 50г — натуральный источник йода, антисептик и детокс-средство Лист грецкого ореха — это мощное природное средство для комплексного очищения организма, поддержки эндокринной системы и здоровья кожи. Продукт содержит высокую концентрацию органически связанного йода, дубильных веществ и витаминов для поддержания естественного баланса и крепкого иммунитета. Основные целебные свойства: Поддержка щитовидной железы: Является богатым источником органически связанного йода, помогая нормализовать работу и компенсировать пониженную функцию щитовидной железы. Чистая кожа без воспалений: Выраженные противовоспалительные и антимикробные свойства эффективно помогают в комплексной терапии экземы, диатезов и рахита. Очищение от паразитов (Детокс): Работает как мягкое и безопасное глистогонное средство, избавляя организм от глистных инвазий и продуктов их жизнедеятельности. Витаминный..."
"p783","Травяные сборы 100 г","Фиалки полевой трава","50 г","693",,,"Россия","24 месяца",,"",,"False","fialki-polevoi-trava","https://firebasestorage.googleapis.com/v0/b/travnik-5cc55.firebasestorage.app/o/products%2Ffialki-polevoi-trava.jpg?alt=media&token=48d29936-853e-4a72-a0fa-1b67314713bd","https://www.flip.kz/catalog?prod=6089547","фиалки полевой трава 100%",,"Трава фиалки полевой — проверенное природное средство комплексного действия. Она эффективно работает как мягкое отхаркивающее при заболеваниях дыхательных путей, помогает очистить кожу при аллергических проявлениях и нормализует обменные процессы в организме. 100% чистый моно-состав без химических добавок. Основные целебные свойства: Легкое дыхание: Обладает выраженным отхаркивающим и противовоспалительным действием, помогая облегчить состояние при кашле и астматических бронхитах. Чистая и здоровая кожа: Эффективно применяется при различных кожных заболеваниях, включая золотуху, угри, экзему и кожный зуд, снижая воспаление и проявления аллергии. Детокс и обмен веществ: Работает как мягкое мочегонное и улучшающее обмен веществ средство, способствуя бережному очищению организма. Противоаллергическая защита: Помогает снизить чувствительность организма к внешним раздражителям и купировать кожные реакции...."
"p784","Травяные сборы 100 г","Черемухи цветки","25 г","917",,,"Россия","24 месяца",,"",,"False","cheremukhi-tsvetki","https://firebasestorage.googleapis.com/v0/b/travnik-5cc55.firebasestorage.app/o/products%2Fcheremukhi-tsvetki.jpg?alt=media&token=c8b7b8c4-31f0-4e77-afb2-d659a68d76c1","https://www.flip.kz/catalog?prod=6136409","цветки черемухи 100%",,"Цветки черемухи обыкновенной — природный антисептик с мощным фитонцидным действием Откройте для себя силу дикорастущей природы, подтвержденную современной наукой. Цветки черемухи — это не просто ароматный весенний сбор, а мощный источник природных фитонцидов, биологически активных флавоноидов и антиоксидантов, способных эффективно противостоять патогенной микрофлоре и поддерживать защитные силы организма. Научно доказанные свойства компонентов: Уничтожение бактерий и простейших: Согласно исследованиям, цветки черемухи производят мощнейшие летучие фитонциды. В научных экспериментах простейшие микроорганизмы погибают под их воздействием всего за 5 минут ( КиберЛенинка, 2021 ). Противовоспалительный и противоболевой эффект: Экстракты на основе цветков и листьев черемухи обладают выраженной способностью подавлять воспалительные процессы и ускорять заживление поврежденных тканей ( КиберЛенинка, 2017 ). Антиоксидантная защита сосудов:..."
"p785","Травяные сборы 100 г","Черемухи плоды","100 г","1954",,,"Россия","24 месяца",,"",,"False","cheremukhi-plody","https://firebasestorage.googleapis.com/v0/b/travnik-5cc55.firebasestorage.app/o/products%2Fcheremukhi-plody.jpg?alt=media&token=5c393890-093c-4957-bab9-9c24d0e803d8","https://www.flip.kz/catalog?prod=6136620","плоды черемухи 100%",,"Плоды черемухи обыкновенной сушеные Фитоцентр Гордеева 100 г — природное вяжущее средство и антиоксидант Проверенное временем и доказанное наукой решение для здоровья кишечника и крепкого иммунитета. Сушеные плоды черемухи от Фитоцентра Гордеева — это 100% натуральный моно-продукт, богатый дубильными веществами, органическими кислотами и витаминами. Сбор незаменим для бережной стабилизации пищеварения и защиты клеток от окислительного стресса. Научно подтвержденные свойства: Эффективное закрепляющее действие: Высокое содержание дубильных веществ (танинов) обеспечивает мощный вяжущий эффект. Клинические исследования подтверждают высокую эффективность плодов черемухи в комплексной терапии неинфекционных диарей, расстройств ЖКТ и энтеритов ( КиберЛенинка, 2017 ). Антибактериальная активность: За счет природных фитонцидов и антоцианов отвары плодов подавляют рост патогенной микрофлоры в кишечнике, не нарушая при этом естественный баланс организма. Защита..."
"p786","Травяные сборы 100 г","Лебеды (Марь белая) трава","50 г","675",,,"Россия","24 месяца",,"",,"False","lebedy-mar-belaya-trava","https://firebasestorage.googleapis.com/v0/b/travnik-5cc55.firebasestorage.app/o/products%2Flebedy-mar-belaya-trava.jpg?alt=media&token=a8c68930-3c69-4326-951f-8611e516d32d","https://www.flip.kz/catalog?prod=6136856",,,"Лебеда (Марь белая) трава Фитоцентр Гордеева 50г — природный детокс, источник белка и витаминная поддержка организма Трава лебеды (мари белой) от Фитоцентра Гордеева — это незаслуженно забытый суперфуд и мощное лечебное средство, признанное современной фармакогнозией. Растение обладает богатейшим биохимическим составом, помогая организму мягко очищаться от токсинов, поддерживать тонус сосудов и восполнять дефицит важнейших микроэлементов. Научно подтвержденные свойства: Рекордная питательная ценность и детокс: Научные исследования подтверждают, что марь белая превосходит многие традиционные культуры по содержанию легкоусвояемого растительного белка, незаменимых аминокислот и каротина. Она эффективно связывает и выводит шлаки, запуская процессы естественного очищения ЖКТ ( КиберЛенинка, 2019 ). Противовоспалительный и спазмолитический эффект: Экстракты травы содержат высокую концентрацию флавоноидов и сапонинов. Согласно..."
